Name,URL,YearStarted,YearEnded,Position,SquadHistory,IsActive
Tammy Abraham,https://fbref.com/en/players/f586779e/Tammy-Abraham,2015,2026,FW,"Beşiktaş, Roma, Chelsea, Bristol City, Milan, Swansea City, Aston Villa, England",Yes
Timmy Abraham,https://fbref.com/en/players/94ad5868/Timmy-Abraham,2018,2024,FW,"Fulham U23, Oldham Athletic, Newport County, Boreham Wood, Walsall, Raith Rovers, Bristol Rovers, Pl",No
Tony Adams,https://fbref.com/en/players/26b5e727/Tony-Adams,1991,2002,DF,"Arsenal, England",No
Gabriel Agbonlahor,https://fbref.com/en/players/db80f5f1/Gabriel-Agbonlahor,2005,2018,"FW,MF","Aston Villa, Sheffield Wednesday",No
Craig Alcock,https://fbref.com/en/players/86f6cfd2/Craig-Alcock,2006,2020,DF,"Yeovil Town, Peterborough United, Doncaster Rovers, Sheffield United, Cheltenham Town",No
Trent Alexander-Arnold,https://fbref.com/en/players/cd1acf9d/Trent-Alexander-Arnold,2016,2026,DF,"Liverpool, England, Real Madrid, Liverpool U23",Yes
Arian Allen,https://fbref.com/en/players/d0611ebd/Arian-Allen,2025,2026,FW,Stockport County,Yes
Cameron Allen,https://fbref.com/en/players/0868018f/Cameron-Allen,2018,2019,MF,,No
Charlie Allen,https://fbref.com/en/players/4a500487/Charlie-Allen,2011,2014,MF,"Gillingham, Notts County",No
Chris Allen,https://fbref.com/en/players/88a68b02/Chris-Allen,1995,1997,MF,"Nottingham Forest, Luton Town, Cardiff City",No
Clive Allen,https://fbref.com/en/players/aff588b9/Clive-Allen,1993,1994,FW,West Ham United,No
Harry Allen,https://fbref.com/en/players/d7a45b26/Harry-Allen,2020,2022,GK,,No
Jamie Allen,https://fbref.com/en/players/2c183a79/Jamie-Allen,2013,2026,MF,"Coventry City, Rochdale, Burton Albion",Yes
John Allen,https://fbref.com/en/players/4025fea2/John-Allen,1991,1993,MF,Mikkelin Palloilijat,No
Josh Allen,https://fbref.com/en/players/fe9e1369/Josh-Allen,2022,2023,FW,,No
Michael Allen,https://fbref.com/en/players/bd2277cb/Michael-Allen,2021,2025,GK,Fulham U21,Yes
Oliver Allen,https://fbref.com/en/players/1630a0e4/Oliver-Allen,2006,2008,FW,"Barnet, Stevenage Borough",No
Rory Allen,https://fbref.com/en/players/a6e9d64f/Rory-Allen,1996,1999,FW,"Tottenham Hotspur, Portsmouth, Luton Town",No
Dele Alli,https://fbref.com/en/players/cea4ee8f/Dele-Alli,2012,2025,"FW,MF","Tottenham Hotspur, Milton Keynes Dons, England, Everton, Beşiktaş",No
Stan Anderson,https://fbref.com/en/players/4886dd6a/Stan-Anderson,1962,,MF,,No
Taine Anderson,https://fbref.com/en/players/2917046f/Taine-Anderson,2025,2026,DF,Cheltenham Town,Yes
Viv Anderson,https://fbref.com/en/players/6484efd1/Viv-Anderson,1982,1993,DF,"Sheffield Wednesday, Barnsley",No
Darren Anderton,https://fbref.com/en/players/09cebe50/Darren-Anderton,1992,2009,MF,"Tottenham Hotspur, Bournemouth, Wolverhampton Wanderers, Birmingham City, England",No
Dean Ashton,https://fbref.com/en/players/093e333b/Dean-Ashton,2001,2009,FW,"Crewe Alexandra, West Ham United, Norwich City",No
Jeff Astle,https://fbref.com/en/players/f85cde3c/Jeff-Astle,1970,,FW,,No
Jack Atkinson,https://fbref.com/en/players/d02d0b99/Jack-Atkinson,2017,2018,GK,,No
Sam Austin,https://fbref.com/en/players/cc8b833a/Sam-Austin,2014,2026,"FW,MF","Southend United, Notts County, Kidderminster Harriers",Yes
Eden Bailey,https://fbref.com/en/players/47d99f92/Eden-Bailey,2020,2023,MF,,No
Gary Bailey,https://fbref.com/en/players/c676307b/Gary-Bailey,1986,,GK,,No
Mark Bailey,https://fbref.com/en/players/b4aff8c0/Mark-Bailey,2002,2007,DF,"Lincoln City, Macclesfield Town",No
Mat Bailey,https://fbref.com/en/players/9df9a0b5/Mat-Bailey,2004,2009,"DF,FW","Northwich Victoria, Weymouth, Scunthorpe United",No
Nicky Bailey,https://fbref.com/en/players/9f2550f3/Nicky-Bailey,2005,2019,MF,"Middlesbrough, Sutton United, Barnet, Charlton Athletic, Southend United, Millwall",No
Eddie Baily,https://fbref.com/en/players/9cf2ba03/Eddie-Baily,1950,,"FW,MF",,No
Leighton Baines,https://fbref.com/en/players/b18095b6/Leighton-Baines,2002,2020,DF,"Everton, Wigan Athletic, England",No
Lewis Baines,https://fbref.com/en/players/b06224eb/Lewis-Baines,2018,2026,"DF,MF","Altrincham, Chorley FC",Yes
Adam Baker,https://fbref.com/en/players/c1aaeac4/Adam-Baker,2011,2012,FW,,No
Alex Baker,https://fbref.com/en/players/b115732c/Alex-Baker,2020,2025,FW,"Blackburn Rovers U23, Blackburn Rovers U21",Yes
Ashley Baker,https://fbref.com/en/players/b974c6fa/Ashley-Baker,2013,,GK,,No
Ava Baker,https://fbref.com/en/players/75cae050/Ava-Baker,2021,2024,FW,Leicester City,Yes
Harry Baker,https://fbref.com/en/players/107a0026/Harry-Baker,2021,2022,DF,,No
Harry Baker,https://fbref.com/en/players/76cd2f60/Harry-Baker,2008,2010,MF,"Leyton Orient, Grays Athletic",No
Jimmy Ball,https://fbref.com/en/players/ba63ed1e/Jimmy-Ball,2015,2026,"DF,FW","Swindon Town, Solihull Moors, AFC Wimbledon, Rochdale, Stevenage, Ebbsfleet United, Northwich Victor",Yes
Jordan Ball,https://fbref.com/en/players/fd797477/Jordan-Ball,2012,2014,FW,,No
Alan Ball Jr.,https://fbref.com/en/players/1f20fed1/Alan-Ball-Jr,1966,1970,MF,England,No
Michael Ball,https://fbref.com/en/players/cde17c0f/Michael-Ball,1996,2009,DF,"Everton, Rangers, Manchester City, PSV Eindhoven",No
Gordon Banks,https://fbref.com/en/players/82d95a5a/Gordon-Banks,1962,1970,GK,England,No
Ben Barclay,https://fbref.com/en/players/17dff2e1/Ben-Barclay,2017,2026,"DF,MF","Brighton & Hove Albion U21, Carlisle United, Accrington Stanley, Yeovil Town, Brighton & Hove Albion",Yes
David Bardsley,https://fbref.com/en/players/e2cfaafb/David-Bardsley,1992,1996,DF,"Queens Park Rangers, Blackpool",No
Richie Barker,https://fbref.com/en/players/68739592/Richie-Barker,2001,2009,FW,"Rotherham United, Mansfield Town, Hartlepool United, Brighton & Hove Albion",No
Ross Barkley,https://fbref.com/en/players/3a24769f/Ross-Barkley,2011,2026,MF,"Aston Villa, Everton, Chelsea, Luton Town, England, Nice, Sheffield Wednesday, Leeds United",Yes
Nick Barmby,https://fbref.com/en/players/4af0a400/Nick-Barmby,1992,2012,"FW,MF","Hull City, Everton, Tottenham Hotspur, Liverpool, Middlesbrough, Leeds United, Nottingham Forest",No
John Barnes,https://fbref.com/en/players/e654196b/John-Barnes,1986,1999,"DF,FW","Liverpool, Newcastle United, Charlton Athletic, England",No
Joshua Barnes,https://fbref.com/en/players/bb00fb73/Joshua-Barnes,2021,2022,MF,Nottingham Forest U23,No
Joshua Barnes,https://fbref.com/en/players/d6293ff8/Joshua-Barnes,2016,2023,GK,Derby County U23,No
Paul Barnes,https://fbref.com/en/players/31988c0b/Paul-Barnes,2003,2004,FW,"Burnley, Huddersfield Town, Birmingham City, Doncaster Rovers",No
Phil Barnes,https://fbref.com/en/players/2997e705/Phil-Barnes,2002,2013,GK,"Blackpool, Grimsby Town, Alfreton Town, Torquay United",No
Adam Barrett,https://fbref.com/en/players/2093e386/Adam-Barrett,2002,2017,DF,"Southend United, Bristol Rovers, Gillingham, AFC Wimbledon, Bournemouth, Leyton Orient, Crystal Pala",No
Earl Barrett,https://fbref.com/en/players/225696d1/Earl-Barrett,1992,1999,DF,"Aston Villa, Everton, Sheffield Wednesday, Sheffield United",No
Jack Barrett,https://fbref.com/en/players/6217792f/Jack-Barrett,2019,2026,GK,"Blackburn Rovers U21, Tranmere Rovers, Everton U21",Yes
Jake Barrett,https://fbref.com/en/players/504bb013/Jake-Barrett,2017,2018,DF,,No
Gareth Barry,https://fbref.com/en/players/7dbbe367/Gareth-Barry,1997,2020,MF,"Aston Villa, Everton, Manchester City, West Bromwich Albion, England",No
Louie Barry,https://fbref.com/en/players/bd885979/Louie-Barry,2018,2026,"FW,MF","Sheffield United, Stockport County, Milton Keynes Dons, Aston Villa U23, Salford City FC, Swindon To",Yes
Joey Barton,https://fbref.com/en/players/93bfa675/Joey-Barton,2002,2017,MF,"Manchester City, Queens Park Rangers, Newcastle United, Burnley, Marseille, Rangers",No
Warren Barton,https://fbref.com/en/players/7e732709/Warren-Barton,1992,2004,DF,"Newcastle United, Wimbledon, Derby County, Queens Park Rangers",No
Jack Bates,https://fbref.com/en/players/06167292/Jack-Bates,2021,2025,MF,"Derby County U21, Derby County U23",No
Daniel Batty,https://fbref.com/en/players/4eb1ad2d/Daniel-Batty,2025,2026,MF,Tottenham Hotspur U21,Yes
Daniel Batty,https://fbref.com/en/players/96c92a74/Daniel-Batty,2016,2026,MF,"York City, Fleetwood Town, Hull City, FC Halifax Town",Yes
David Batty,https://fbref.com/en/players/21b2e37b/David-Batty,1992,2004,MF,"Leeds United, Newcastle United, Blackburn Rovers, England",No
Peter Beadle,https://fbref.com/en/players/e97b35c9/Peter-Beadle,2002,2004,FW,"Bristol City, Watford, Bournemouth",No
Peter Beardsley,https://fbref.com/en/players/4d9a93aa/Peter-Beardsley,1986,1998,"FW,MF","Newcastle United, Everton, Fulham, Bolton Wanderers, England, Manchester City",No
Dave Beasant,https://fbref.com/en/players/2e448746/Dave-Beasant,1990,2015,GK,"Nottingham Forest, Southampton, Portsmouth, Chelsea, Brighton & Hove Albion, Wolverhampton Wanderers",No
James Beattie,https://fbref.com/en/players/7c881089/James-Beattie,1996,2013,FW,"Southampton, Sheffield United, Everton, Stoke City, Accrington Stanley, Rangers, Blackpool, Blackbur",No
David Beckham,https://fbref.com/en/players/53539318/David-Beckham,1992,2013,MF,"Manchester United, Real Madrid, LA Galaxy, England, Milan, Paris Saint-Germain",No
Joe Bedford,https://fbref.com/en/players/6b2d2adc/Joe-Bedford,2018,2020,MF,,No
Colin Bell,https://fbref.com/en/players/b4bbe571/Colin-Bell,1970,,MF,England,No
Darren Bent,https://fbref.com/en/players/fe97f10b/Darren-Bent,2001,2018,FW,"Ipswich Town, Derby County, Tottenham Hotspur, Charlton Athletic, Aston Villa, Sunderland, Fulham, B",No
Daniel Bentley,https://fbref.com/en/players/68db6358/Daniel-Bentley,2011,2026,GK,"Wolverhampton Wanderers, Southend United, Bristol City, Brentford",Yes
David Bentley,https://fbref.com/en/players/a00fbcec/David-Bentley,2003,2013,MF,"Blackburn Rovers, Tottenham Hotspur, Norwich City, Birmingham City, Rostov, West Ham United",No
Roy Bentley,https://fbref.com/en/players/20a6e4b1/Roy-Bentley,1950,,"DF,FW",,No
John Beresford,https://fbref.com/en/players/50d79fe2/John-Beresford,1993,2000,DF,"Newcastle United, Southampton",No
Adam Berry,https://fbref.com/en/players/696ee5de/Adam-Berry,2022,2026,MF,Nottingham Forest U21,Yes
Charlie Berry,https://fbref.com/en/players/5035df20/Charlie-Berry,2024,2025,MF,,No
Ryan Bertrand,https://fbref.com/en/players/01226327/Ryan-Bertrand,2006,2023,"DF,MF","Southampton, Norwich City, Reading, Chelsea, Oldham Athletic, Nottingham Forest, England, Aston Vill",No
Ben Billingham,https://fbref.com/en/players/a234129e/Ben-Billingham,2015,2016,MF,,No
Tom Billson,https://fbref.com/en/players/91350b6e/Tom-Billson,2020,2023,GK,Scunthorpe United,No
Tom Bilson,https://fbref.com/en/players/c0401c77/Tom-Bilson,2017,2018,MF,,No
Peter Bonetti,https://fbref.com/en/players/0739412e/Peter-Bonetti,1966,1970,GK,,No
Tom Booth,https://fbref.com/en/players/764887cb/Tom-Booth,2022,2026,GK,Crewe Alexandra,Yes
Jay Bothroyd,https://fbref.com/en/players/8cdc5afd/Jay-Bothroyd,2000,2021,FW,"Cardiff City, Hokkaido Consadole Sapporo, Coventry City, Wolverhampton Wanderers, Perugia, Queens Pa",No
Steve Bould,https://fbref.com/en/players/42e0fd3a/Steve-Bould,1991,2001,DF,"Arsenal, Sunderland",No
Steve Bowey,https://fbref.com/en/players/2a77d5ee/Steve-Bowey,2006,2010,MF,"York City, Ayr United",No
Lee Bowyer,https://fbref.com/en/players/f4fd57ba/Lee-Bowyer,1996,2012,MF,"Leeds United, Newcastle United, Birmingham City, West Ham United, Charlton Athletic, Ipswich Town",No
Paul Bracewell,https://fbref.com/en/players/383bd71f/Paul-Bracewell,1993,1997,MF,"Sunderland, Newcastle United, Fulham",No
Gary Bradshaw,https://fbref.com/en/players/554a4ed0/Gary-Bradshaw,2002,2006,FW,"Hull City, Cheltenham Town",No
Jack Bray,https://fbref.com/en/players/8ec5a644/Jack-Bray,2024,2026,FW,West Bromwich Albion U21,Yes
John Brayford,https://fbref.com/en/players/bab2f2a5/John-Brayford,2006,2024,"DF,MF","Burton Albion, Derby County, Crewe Alexandra, Sheffield United, Cardiff City",No
Wayne Bridge,https://fbref.com/en/players/86b982bc/Wayne-Bridge,1998,2014,DF,"Southampton, Chelsea, Manchester City, Brighton & Hove Albion, West Ham United, Fulham, Reading, Eng",No
Mark Bright,https://fbref.com/en/players/681a0456/Mark-Bright,1992,1999,FW,"Sheffield Wednesday, Charlton Athletic, Crystal Palace",No
Trevor Brooking,https://fbref.com/en/players/a563e493/Trevor-Brooking,1982,,MF,,No
Aaron Brown,https://fbref.com/en/players/1b7d3ae2/Aaron-Brown,2008,2012,"DF,MF","Yeovil Town, Aldershot Town, Stockport County, Leyton Orient, Preston North End",No
Aaron Brown,https://fbref.com/en/players/831ba14a/Aaron-Brown,2002,2015,"DF,MF","Darlington, Bristol City, Swindon Town, Lincoln City, Gillingham, Wrexham, Torquay United, Cheltenha",No
Adam Brown,https://fbref.com/en/players/f8456713/Adam-Brown,2004,2005,MF,Doncaster Rovers,No
Alex Brown,https://fbref.com/en/players/c3061422/Alex-Brown,2016,2017,Curzon Ashton FC,,No
Alex Brown,https://fbref.com/en/players/c9cb6c9a/Alex-Brown,2014,2018,MF,Maidstone United,No
Alex Brown,https://fbref.com/en/players/eed36388/Alex-Brown,2020,2025,DF,"King's Lynn Town FC, Scarborough Athletic FC",No
Andre Brown,https://fbref.com/en/players/b5bd07c5/Andre-Brown,2015,2018,FW,,No
Andy Brown,https://fbref.com/en/players/4ec031b4/Andy-Brown,2016,2017,FW,,No
Archie Brown,https://fbref.com/en/players/028b8d59/Archie-Brown,2019,2026,"DF,MF","Fenerbahçe, Gent, Derby County U23, Lausanne-Sport",Yes
Bayley Brown,https://fbref.com/en/players/75e2a47b/Bayley-Brown,2021,2022,MF,,No
Brendan Brown,https://fbref.com/en/players/832e87cd/Brendan-Brown,2014,2015,,,No
Gary Brown,https://fbref.com/en/players/a5558352/Gary-Brown,2004,2007,DF,Rochdale,No
Jaden Brown,https://fbref.com/en/players/aeabe05a/Jaden-Brown,2016,2025,"DF,MF","Tottenham Hotspur U23, Huddersfield Town, Sheffield Wednesday, St Mirren, Lincoln City",No
James Brown,https://fbref.com/en/players/5b5ad460/James-Brown,2005,2015,"FW,MF","Hartlepool United, Gateshead",No
Jamie Brown,https://fbref.com/en/players/1cd09ba6/Jamie-Brown,2014,2015,FW,,No
Jedidiah Brown,https://fbref.com/en/players/776270a4/Jedidiah-Brown,2023,2025,FW,,Yes
Jermaine Brown,https://fbref.com/en/players/37118841/Jermaine-Brown,2003,2004,MF,Boston United,No
Joe Brown,https://fbref.com/en/players/38f3c2dd/Joe-Brown,2005,2007,"FW,MF",Bradford City,No
Jordaan Brown,https://fbref.com/en/players/eee7c477/Jordaan-Brown,2014,2020,"DF,MF",VPS,No
Jordan Brown,https://fbref.com/en/players/10fb3a2e/Jordan-Brown,2020,2021,DF,,No
Jordan Brown,https://fbref.com/en/players/34d2a135/Jordan-Brown,2011,2014,DF,"Barnet, Crewe Alexandra, Aldershot Town",No
Jordan Brown,https://fbref.com/en/players/5aff1268/Jordan-Brown,2019,2022,FW,"Cavalry FC, Pacific FC",No
Jordan Brown,https://fbref.com/en/players/f5f4fdd2/Jordan-Brown,2018,2026,"DF,MF","Blackpool, Leyton Orient, Derby County U23, Derby County",Yes
Junior Brown,https://fbref.com/en/players/7a094557/Junior-Brown,2007,2022,"DF,MF","Shrewsbury Town, Fleetwood Town, Scunthorpe United, Mansfield Town, Coventry City, Oxford United, Tr",No
Michael Brown,https://fbref.com/en/players/20d63c18/Michael-Brown,2004,2005,MF,Chester City,No
Michael Brown,https://fbref.com/en/players/85543572/Michael-Brown,1995,2017,MF,"Sheffield United, Manchester City, Leeds United, Wigan Athletic, Port Vale, Tottenham Hotspur, Ports",No
Thomas Brown,https://fbref.com/en/players/1430893c/Thomas-Brown,2015,2016,MF,,No
Wayne Brown,https://fbref.com/en/players/07748ae2/Wayne-Brown,2000,2011,DF,"Colchester United, Leicester City, Hull City, Watford, Ipswich Town, Wimbledon, Preston North End, G",No
Wayne Brown,https://fbref.com/en/players/c7ed2617/Wayne-Brown,2004,2017,GK,"Hereford United, Bury, Chester City, SuperSport United, Oxford United",No
Wayne Brown,https://fbref.com/en/players/f32c65c3/Wayne-Brown,2007,2021,MF,"TPS, Bristol Rovers, Newcastle Jets, SJK, Sutton United, Brentford",No
Wes Brown,https://fbref.com/en/players/659ccc97/Wes-Brown,1997,2018,DF,"Manchester United, Sunderland, Kerala Blasters, Blackburn Rovers, England",No
Will Brown,https://fbref.com/en/players/446d217d/Will-Brown,2019,2024,GK,"Newcastle United U23, Newcastle United U21",No
Jack Brownell,https://fbref.com/en/players/8b355544/Jack-Brownell,2016,2018,MF,,No
Steve Bull,https://fbref.com/en/players/b6a3e47e/Steve-Bull,1990,,FW,"Wolverhampton Wanderers, England",No
Harrison Burrows,https://fbref.com/en/players/316a084b/Harrison-Burrows,2018,2026,"DF,MF","Sheffield United, Peterborough United",Yes
George Burton,https://fbref.com/en/players/1d80ce9f/George-Burton,2018,2019,GK,,No
Steve Bushell,https://fbref.com/en/players/dbd5978a/Steve-Bushell,2006,2008,MF,"Blackpool, Altrincham, Halifax Town",No
Terry Butcher,https://fbref.com/en/players/dc8a37a6/Terry-Butcher,1982,1991,"DF,MF","Sunderland, England",No
Jack Butland,https://fbref.com/en/players/cc70a1d5/Jack-Butland,2011,2026,GK,"Rangers, Stoke City, Birmingham City, Cheltenham Town, Crystal Palace, Leeds United, Barnsley, Engla",Yes
Jack Butler,https://fbref.com/en/players/0ee944d1/Jack-Butler,2022,2025,DF,Everton U21,Yes
James Butler,https://fbref.com/en/players/b6d5d796/James-Butler,2017,2019,DF,Stoke City U23,No
Jamie Butler,https://fbref.com/en/players/5c1d43ef/Jamie-Butler,2016,2020,GK,Sutton United,No
Nicky Butt,https://fbref.com/en/players/616b3f9a/Nicky-Butt,1992,2010,"DF,MF","Manchester United, Newcastle United, Birmingham City, England",No
Gerry Byrne,https://fbref.com/en/players/7a76eaa7/Gerry-Byrne,1966,,DF,,No
Gary Cahill,https://fbref.com/en/players/7914b9fe/Gary-Cahill,2004,2022,DF,"Chelsea, Bolton Wanderers, England, Crystal Palace, Aston Villa, Burnley, Bournemouth, Sheffield Uni",No
Ian Callaghan,https://fbref.com/en/players/c19c62a0/Ian-Callaghan,1966,,MF,,No
Adam Campbell,https://fbref.com/en/players/e3aa211f/Adam-Campbell,2012,2026,"FW,MF","Hartlepool United, Notts County, Gateshead, Crawley Town, Morecambe, Carlisle United, St Mirren, New",Yes
Andy Campbell,https://fbref.com/en/players/8dde3e19/Andy-Campbell,1995,2008,FW,"Cardiff City, Middlesbrough, Halifax Town, Sheffield United, Bolton Wanderers, Oxford United, Dunfer",No
Fraizer Campbell,https://fbref.com/en/players/81d63375/Fraizer-Campbell,2007,2022,FW,"Hull City, Huddersfield Town, Sunderland, Crystal Palace, Cardiff City, Tottenham Hotspur",No
Sol Campbell,https://fbref.com/en/players/3e3b2fbd/Sol-Campbell,1992,2011,"DF,FW","Tottenham Hotspur, Arsenal, Portsmouth, England, Newcastle United",No
Tate Campbell,https://fbref.com/en/players/b9426cc5/Tate-Campbell,2020,2026,MF,"Buxton FC, Birmingham City U23, Bromley, Birmingham City",Yes
James Carr,https://fbref.com/en/players/417fce94/James-Carr,2024,2025,GK,,Yes
Michael Carr,https://fbref.com/en/players/61190b76/Michael-Carr,2002,2009,MF,"Northwich Victoria, Macclesfield Town, Kidderminster Harriers, Morecambe",No
Jamie Carragher,https://fbref.com/en/players/d0ebce19/Jamie-Carragher,1996,2013,"DF,MF","Liverpool, England",No
Michael Carrick,https://fbref.com/en/players/ab7263c1/Michael-Carrick,1999,2018,MF,"Manchester United, West Ham United, Tottenham Hotspur, England, Swindon Town",No
Andy Carroll,https://fbref.com/en/players/b581987a/Andy-Carroll,2006,2025,FW,"West Ham United, Newcastle United, Liverpool, Reading, Amiens, West Bromwich Albion, Preston North E",No
Scott Carson,https://fbref.com/en/players/3e1550ee/Scott-Carson,2003,2025,GK,"Derby County, West Bromwich Albion, Bursaspor, Wigan Athletic, Charlton Athletic, Aston Villa, Sheff",No
Jess Carter,https://fbref.com/en/players/bb5e99fc/Jess-Carter,2017,2025,"DF,MF","Gotham FC, England, Chelsea, Birmingham City",Yes
Jimmy Carter,https://fbref.com/en/players/39bbad32/Jimmy-Carter,1991,1995,MF,"Portsmouth, Arsenal",No
Jack Cawley,https://fbref.com/en/players/e534d850/Jack-Cawley,2017,2026,DF,"Maldon & Tiptree FC, Wealdstone FC, Bromley, Maidstone United",Yes
Nathaniel Chalobah,https://fbref.com/en/players/422862ea/Nathaniel-Chalobah,2012,2026,"DF,MF","Sheffield Wednesday, Watford, West Bromwich Albion, Fulham, Reading, Middlesbrough, Chelsea, Notting",Yes
Calum Chambers,https://fbref.com/en/players/dc6f5bdd/Calum-Chambers,2013,2026,"DF,MF","Cardiff City, Arsenal, Aston Villa, Fulham, Middlesbrough, Southampton, Arsenal U23, England",Yes
Gary Charles,https://fbref.com/en/players/c20cb242/Gary-Charles,1992,2001,DF,"Aston Villa, Derby County, Nottingham Forest, West Ham United, Birmingham City",No
Jack Charlton,https://fbref.com/en/players/487d29b3/Jack-Charlton,1966,1970,DF,England,No
Allenby Chilton,https://fbref.com/en/players/5bdab092/Allenby-Chilton,1954,,"DF,MF",,No
Ben Chilwell,https://fbref.com/en/players/d2424d1b/Ben-Chilwell,2015,2026,"DF,MF","Strasbourg, Leicester City, Chelsea, England, Crystal Palace, Huddersfield Town",Yes
Tom Clare,https://fbref.com/en/players/f74e3c23/Tom-Clare,2025,2026,FW,Macclesfield FC,Yes
Michael Clark,https://fbref.com/en/players/dfa4fdd7/Michael-Clark,2016,2022,DF,"Leyton Orient, Braintree Town",No
Abbey Clarke,https://fbref.com/en/players/ec51fd21/Abbey-Clarke,2022,2025,MF,Adelaide United,Yes
Adrian Clarke,https://fbref.com/en/players/1e5959dc/Adrian-Clarke,1994,1996,MF,Arsenal,No
Allan Clarke,https://fbref.com/en/players/0bfbbcc6/Allan-Clarke,1970,,FW,,No
Andy Clarke,https://fbref.com/en/players/c8479463/Andy-Clarke,1992,2005,FW,"Wimbledon, Peterborough United",No
Ashley Clarke,https://fbref.com/en/players/6d4ced2a/Ashley-Clarke,2025,2026,FW,AFC Totton,Yes
Tom Clarke,https://fbref.com/en/players/73e704dd/Tom-Clarke,2004,2023,"DF,MF","Preston North End, Huddersfield Town, Fleetwood Town, Salford City FC, Leyton Orient, FC Halifax Tow",No
Ray Clemence,https://fbref.com/en/players/c156c40a/Ray-Clemence,1982,,GK,,No
Tom Cleverley,https://fbref.com/en/players/6cdd8245/Tom-Cleverley,2008,2023,MF,"Watford, Manchester United, Everton, Aston Villa, Wigan Athletic, Leicester City, England",No
Nigel Clough,https://fbref.com/en/players/3cd439de/Nigel-Clough,1992,2008,"FW,MF","Nottingham Forest, Liverpool, Manchester City",No
Nathaniel Clyne,https://fbref.com/en/players/0442183b/Nathaniel-Clyne,2008,2026,DF,"Crystal Palace, Liverpool, Southampton, Bournemouth, England, Crystal Palace U23",Yes
Henry Cockburn,https://fbref.com/en/players/4737e07c/Henry-Cockburn,1950,,MF,,No
Gary Cohen,https://fbref.com/en/players/49d3f06b/Gary-Cohen,2005,2006,"FW,MF",Grimsby Town,No
George Cohen,https://fbref.com/en/players/eb072aef/George-Cohen,1966,,DF,England,No
Jack Colback,https://fbref.com/en/players/963a9201/Jack-Colback,2009,2025,"DF,MF","Nottingham Forest, Sunderland, Newcastle United, Queens Park Rangers, Ipswich Town, Newcastle United",No
Andy Cole,https://fbref.com/en/players/b6638a2c/Andy-Cole,1993,2009,FW,"Manchester United, Blackburn Rovers, Newcastle United, Fulham, Manchester City, Portsmouth, Burnley,",No
Ashley Cole,https://fbref.com/en/players/be091289/Ashley-Cole,1999,2019,DF,"Chelsea, Arsenal, LA Galaxy, England, Roma, Crystal Palace, Derby County",No
Carlton Cole,https://fbref.com/en/players/51b2effb/Carlton-Cole,2001,2016,FW,"West Ham United, Chelsea, Aston Villa, Charlton Athletic, Wolverhampton Wanderers, Celtic, Sacrament",No
Chinua Cole,https://fbref.com/en/players/6e4928e2/Chinua-Cole,2016,2019,DF,Maidenhead United,No
Corie Cole,https://fbref.com/en/players/87ba24eb/Corie-Cole,2021,2022,MF,,No
Jake Cole,https://fbref.com/en/players/7c5b4491/Jake-Cole,2005,2020,GK,"Plymouth Argyle, Barnet, Aldershot Town, Woking, Queens Park Rangers, Oxford United",No
Joe Cole,https://fbref.com/en/players/2c2f117b/Joe-Cole,1998,2018,MF,"Chelsea, West Ham United, Tampa Bay Rowdies, Lille, Liverpool, England, Coventry City, Aston Villa",No
Joel Coleman,https://fbref.com/en/players/b73e459a/Joel-Coleman,2014,2026,GK,"Millwall, Oldham Athletic, Rochdale, Huddersfield Town, Shrewsbury Town, Bolton Wanderers",Yes
Stan Collymore,https://fbref.com/en/players/eed4ff30/Stan-Collymore,1992,2001,FW,"Nottingham Forest, Liverpool, Aston Villa, Leicester City, Bradford City, Fulham, Oviedo",No
Jack Cook,https://fbref.com/en/players/5c15638f/Jack-Cook,2021,2026,DF,Wealdstone FC,Yes
Jack Cook,https://fbref.com/en/players/d2803e49/Jack-Cook,2018,2022,DF,"Woking, Wealdstone FC",No
Lee Cook,https://fbref.com/en/players/a8ac00c8/Lee-Cook,2001,2016,MF,"Queens Park Rangers, Watford, Leyton Orient, Barnet, Eastleigh, Charlton Athletic, York City",No
Lewis Cook,https://fbref.com/en/players/2afc7272/Lewis-Cook,2014,2026,MF,"Bournemouth, Leeds United",Yes
Lewis Cook,https://fbref.com/en/players/75f84c14/Lewis-Cook,2002,2004,MF,Wycombe Wanderers,No
Luke Cook,https://fbref.com/en/players/4be7254b/Luke-Cook,2022,2023,FW,,No
Trae Cook,https://fbref.com/en/players/ebffe775/Trae-Cook,2023,2026,FW,Hemel Hempstead Town FC,Yes
Terry Cooke,https://fbref.com/en/players/747ec8b1/Terry-Cooke,1995,2010,MF,"Colorado Rapids, Sheffield Wednesday, Manchester City, Grimsby Town, Wigan Athletic, North Queenslan",No
Charlie Cooper,https://fbref.com/en/players/9eadfbf2/Charlie-Cooper,2016,2026,"DF,FW","Yeovil Town, Forest Green Rovers, Woking, Wealdstone FC, FC Halifax Town, Oldham Athletic, Newport C",Yes
Chay Cooper,https://fbref.com/en/players/01c46bde/Chay-Cooper,2021,2026,MF,"Braintree Town, Colchester United, Hartlepool United",Yes
Colin Cooper,https://fbref.com/en/players/42f93b8f/Colin-Cooper,1994,2006,DF,"Nottingham Forest, Middlesbrough, Sunderland",No
Noah Cooper,https://fbref.com/en/players/c5145ba0/Noah-Cooper,2022,2026,GK,Stoke City U21,Yes
Terry Cooper,https://fbref.com/en/players/70762608/Terry-Cooper,1970,,DF,England,No
Steve Coppell,https://fbref.com/en/players/d4cc96f5/Steve-Coppell,1982,,MF,England,No
Jack Cork,https://fbref.com/en/players/74e12f1e/Jack-Cork,2006,2024,"DF,MF","Burnley, Southampton, Swansea City, Scunthorpe United, Coventry City, Watford, Bournemouth",No
Joe Corrigan,https://fbref.com/en/players/a983b257/Joe-Corrigan,1982,,GK,,No
Tony Cottee,https://fbref.com/en/players/111e8515/Tony-Cottee,1992,2001,FW,"Leicester City, Everton, West Ham United, Norwich City, Birmingham City",No
Gordon Cowans,https://fbref.com/en/players/85478ea1/Gordon-Cowans,1990,1994,MF,"Wolverhampton Wanderers, Derby County, Blackburn Rovers, Bradford City, Sheffield United, Aston Vill",No
Jordan Cox,https://fbref.com/en/players/0eb7c9fc/Jordan-Cox,2017,2019,MF,Aston Villa U23,No
Jordan Cox,https://fbref.com/en/players/6d1fc4a9/Jordan-Cox,2014,2015,FW,,No
Aaron Cresswell,https://fbref.com/en/players/4f974391/Aaron-Cresswell,2008,2026,"DF,MF","West Ham United, Stoke City, Ipswich Town, Tranmere Rovers, England",Yes
Alfie Cresswell,https://fbref.com/en/players/67cc36ba/Alfie-Cresswell,2023,2026,DF,Leeds United U21,Yes
Cameron Cresswell,https://fbref.com/en/players/32ff06f4/Cameron-Cresswell,2016,2023,FW,Derby County U23,No
Ben Crompton,https://fbref.com/en/players/51d0587c/Ben-Crompton,2022,2026,DF,"Ross County, Tamworth, Sunderland U21",Yes
Peter Crouch,https://fbref.com/en/players/73d9bdc7/Peter-Crouch,2001,2019,FW,"Stoke City, Liverpool, Tottenham Hotspur, Portsmouth, Queens Park Rangers, Aston Villa, Southampton,",No
John Cunliffe,https://fbref.com/en/players/70ca67c2/John-Cunliffe,2007,2009,FW,"Carolina RailHawks, Chivas USA, San Jose Earthquakes",No
Lewis Cunningham,https://fbref.com/en/players/99a60c0c/Lewis-Cunningham,2021,2022,DF,,No
Keith Curle,https://fbref.com/en/players/dfdd51ba/Keith-Curle,1992,2003,DF,"Wolverhampton Wanderers, Manchester City, Sheffield United, Mansfield Town, Barnsley",No
Aston Daley,https://fbref.com/en/players/1c94acee/Aston-Daley,2025,2026,MF,Southampton U21,Yes
Tony Daley,https://fbref.com/en/players/0f36be43/Tony-Daley,1990,1994,MF,"Aston Villa, Wolverhampton Wanderers, Watford",No
Kevin Davies,https://fbref.com/en/players/2f726a89/Kevin-Davies,1997,2015,FW,"Bolton Wanderers, Southampton, Preston North End, Blackburn Rovers, Millwall",No
Richard Davies,https://fbref.com/en/players/199242ab/Richard-Davies,2008,2013,MF,"Telford United, Walsall",No
Richard Davies,https://fbref.com/en/players/1f25e10e/Richard-Davies,2014,2015,DF,,No
Harry Davis,https://fbref.com/en/players/04d0f653/Harry-Davis,2009,2025,DF,"Crewe Alexandra, Grimsby Town, Fylde, Morecambe, St Mirren, Scunthorpe United",Yes
Kelvin Davis,https://fbref.com/en/players/33b6ee02/Kelvin-Davis,2001,2016,GK,"Southampton, Wimbledon, Luton Town, Ipswich Town, Sunderland",No
Joey Dawson,https://fbref.com/en/players/747e84d7/Joey-Dawson,2019,2026,MF,Scunthorpe United,Yes
Michael Dawson,https://fbref.com/en/players/4771114f/Michael-Dawson,2001,2021,DF,"Tottenham Hotspur, Hull City, Nottingham Forest",No
Will Dean,https://fbref.com/en/players/b942bbe9/Will-Dean,2018,2026,MF,"Truro City FC, Exeter City",Yes
Brian Deane,https://fbref.com/en/players/909a4bb4/Brian-Deane,1992,2006,FW,"Leeds United, Middlesbrough, Sheffield United, Leicester City, West Ham United, Perth Glory",No
Jermain Defoe,https://fbref.com/en/players/f1e8372d/Jermain-Defoe,2000,2022,FW,"Tottenham Hotspur, Sunderland, West Ham United, Bournemouth, Rangers, Portsmouth, England, Toronto F",No
Fabian Delph,https://fbref.com/en/players/111c3236/Fabian-Delph,2007,2022,"DF,MF","Aston Villa, Manchester City, Leeds United, Everton, England",No
Tom Derry,https://fbref.com/en/players/3d7a332b/Tom-Derry,2014,2015,"FW,MF",Aldershot Town,No
Jimmy Dickinson,https://fbref.com/en/players/7f0fd8de/Jimmy-Dickinson,1950,1954,MF,England,No
Eric Dier,https://fbref.com/en/players/ac861941/Eric-Dier,2012,2026,"DF,MF","Tottenham Hotspur, Monaco, England, Bayern Munich, Sporting CP",Yes
Ted Ditchburn,https://fbref.com/en/players/4e53db1a/Ted-Ditchburn,1950,,GK,,No
Bohan Dixon,https://fbref.com/en/players/c2d81760/Bohan-Dixon,2012,2018,MF,"Lincoln City, Accrington Stanley, FC Halifax Town",No
Jaden Dixon,https://fbref.com/en/players/437f821e/Jaden-Dixon,2023,2026,DF,"Stoke City U21, Stoke City",Yes
Joel Dixon,https://fbref.com/en/players/48ad0307/Joel-Dixon,2014,2015,MF,,No
Joel Dixon,https://fbref.com/en/players/7ed390a2/Joel-Dixon,2014,2025,GK,"Barrow, Hartlepool United, Bolton Wanderers",Yes
Jonny Dixon,https://fbref.com/en/players/4fef037b/Jonny-Dixon,2002,2009,FW,"Wycombe Wanderers, Aldershot Town, Brighton & Hove Albion, Grays Athletic",No
Josh Dixon,https://fbref.com/en/players/f0e15106/Josh-Dixon,2020,2022,MF,Carlisle United,Yes
Junior Dixon,https://fbref.com/en/players/410e6017/Junior-Dixon,2023,2026,FW,Boreham Wood,Yes
Kerry Dixon,https://fbref.com/en/players/fb72e11f/Kerry-Dixon,1986,1993,FW,"Luton Town, Watford, Southampton",No
Kyle Dixon,https://fbref.com/en/players/1aa97927/Kyle-Dixon,2013,2015,MF,,No
Lee Dixon,https://fbref.com/en/players/b6ba1615/Lee-Dixon,1991,2002,DF,Arsenal,No
Callum Dobson,https://fbref.com/en/players/2fbaee20/Callum-Dobson,2022,2023,MF,,No
Michael Dobson,https://fbref.com/en/players/5b779f83/Michael-Dobson,2002,2008,DF,"Brentford, Walsall",No
Tony Dorigo,https://fbref.com/en/players/451c459e/Tony-Dorigo,1990,2000,DF,"Leeds United, Derby County, Stoke City",No
Stewart Downing,https://fbref.com/en/players/b13c4620/Stewart-Downing,2001,2021,"FW,MF","Middlesbrough, West Ham United, Liverpool, Aston Villa, Blackburn Rovers, England, Sunderland",No
Joe Doyle,https://fbref.com/en/players/e5923455/Joe-Doyle,2014,2015,MF,,No
Maurice Doyle,https://fbref.com/en/players/1b9e260d/Maurice-Doyle,1992,1994,MF,Queens Park Rangers,No
Tommy Doyle,https://fbref.com/en/players/5526deb1/Tommy-Doyle,2017,2026,MF,"Birmingham City, Wolverhampton Wanderers, Manchester City U23, Sheffield United, Cardiff City, Manch",Yes
Danny Drinkwater,https://fbref.com/en/players/2649ff32/Danny-Drinkwater,2009,2022,MF,"Leicester City, Reading, Huddersfield Town, Chelsea, Barnsley, Watford, Kasımpaşa, Cardiff City, Ast",No
Dion Dublin,https://fbref.com/en/players/a0886d18/Dion-Dublin,1992,2008,"DF,FW","Aston Villa, Coventry City, Norwich City, Leicester City, Manchester United, Celtic, Millwall",No
Andy Duncan,https://fbref.com/en/players/0148e894/Andy-Duncan,2002,2007,DF,Cambridge United,No
Lewis Dunk,https://fbref.com/en/players/282f75f3/Lewis-Dunk,2009,2026,DF,"Brighton & Hove Albion, England",Yes
David Dunn,https://fbref.com/en/players/7ecdf483/David-Dunn,1998,2016,MF,"Blackburn Rovers, Birmingham City, Oldham Athletic",No
Declan Dunn,https://fbref.com/en/players/e904a267/Declan-Dunn,2018,2020,DF,Notts County,No
Kiano Dyer,https://fbref.com/en/players/b43204f6/Kiano-Dyer,2023,2026,MF,"Volendam, Chelsea U21",Yes
Kieron Dyer,https://fbref.com/en/players/90b5a2f2/Kieron-Dyer,1999,2013,MF,"Newcastle United, Ipswich Town, West Ham United, Middlesbrough, England, Queens Park Rangers",No
George Eastham,https://fbref.com/en/players/7e7c1105/George-Eastham,1962,1966,"FW,MF",,No
Bill Eckersley,https://fbref.com/en/players/fba5914c/Bill-Eckersley,1950,,DF,,No
Robert Edmans,https://fbref.com/en/players/7914fbbd/Robert-Edmans,2011,2013,FW,"Dagenham & Redbridge, Macclesfield Town",No
Jack Egan,https://fbref.com/en/players/65818deb/Jack-Egan,2017,2019,MF,,No
Ugo Ehiogu,https://fbref.com/en/players/bd8d3cd5/Ugo-Ehiogu,1992,2009,DF,"Aston Villa, Middlesbrough, Sheffield United, Rangers, Leeds United",No
Rhys Evans,https://fbref.com/en/players/049c2cbb/Rhys-Evans,2002,2014,GK,"Swindon Town, Bradford City, Blackpool, Millwall, Hereford United, Southend United, Queens Park Rang",No
Waide Fairhurst,https://fbref.com/en/players/0d5e3f59/Waide-Fairhurst,2008,2016,FW,"Macclesfield Town, Hereford United, Lincoln City, Doncaster Rovers, Shrewsbury Town, FC Halifax Town",No
John Fashanu,https://fbref.com/en/players/e9430452/John-Fashanu,1992,1995,FW,"Wimbledon, Aston Villa",No
Justin Fashanu,https://fbref.com/en/players/25c73340/Justin-Fashanu,1993,1994,FW,,No
Miles Fenton,https://fbref.com/en/players/ec7590ed/Miles-Fenton,2022,,MF,Greenville Triumph,Yes
Nick Fenton,https://fbref.com/en/players/b8108aea/Nick-Fenton,2002,2014,DF,"Rotherham United, Notts County, Grimsby Town, Morecambe, Doncaster Rovers, Alfreton Town, Manchester",No
Terry Fenwick,https://fbref.com/en/players/437743fd/Terry-Fenwick,1986,1994,DF,"Swindon Town, Tottenham Hotspur, England",No
Les Ferdinand,https://fbref.com/en/players/aad47f5a/Les-Ferdinand,1992,2005,FW,"Tottenham Hotspur, Queens Park Rangers, Newcastle United, Leicester City, West Ham United, Reading,",No
Lorenz Ferdinand,https://fbref.com/en/players/e7086982/Lorenz-Ferdinand,2023,2026,GK,Brighton & Hove Albion U21,Yes
Rio Ferdinand,https://fbref.com/en/players/52465662/Rio-Ferdinand,1995,2015,DF,"Manchester United, West Ham United, Leeds United, England, Queens Park Rangers, Bournemouth",No
Tom Finney,https://fbref.com/en/players/457f5a21/Tom-Finney,1950,1958,"FW,MF",England,No
Jon Flanagan,https://fbref.com/en/players/f2428fd4/Jon-Flanagan,2010,2020,DF,"Liverpool, Rangers, Burnley, Bolton Wanderers, Liverpool U23",No
Josh Flanagan,https://fbref.com/en/players/f013db21/Josh-Flanagan,2020,2021,,,No
Alex Fletcher,https://fbref.com/en/players/840c239f/Alex-Fletcher,2016,2020,FW,"Plymouth Argyle, Aldershot Town, Torquay United",No
Alex Fletcher,https://fbref.com/en/players/a7d6a1d2/Alex-Fletcher,2024,2026,MF,"Telford United, Tamworth",Yes
Ashley Fletcher,https://fbref.com/en/players/eeb6551f/Ashley-Fletcher,2015,2026,FW,"Blackpool, Middlesbrough, Wigan Athletic, Sheffield Wednesday, Barnsley, West Ham United, Sunderland",Yes
Tim Flowers,https://fbref.com/en/players/df3b6e40/Tim-Flowers,1992,2003,GK,"Blackburn Rovers, Leicester City, Southampton, Coventry City, Stockport County",No
Jamie Forrester,https://fbref.com/en/players/32f6c811/Jamie-Forrester,1992,2009,FW,"Lincoln City, Bristol Rovers, Hull City, Notts County, Northampton Town, Leeds United",No
Fraser Forster,https://fbref.com/en/players/c3e39f12/Fraser-Forster,2008,2025,GK,"Celtic, Southampton, Norwich City, Tottenham Hotspur, Stockport County, England, Bristol Rovers, Sou",No
Ben Foster,https://fbref.com/en/players/d0b3ceb9/Ben-Foster,2004,2024,GK,"West Bromwich Albion, Watford, Birmingham City, Wrexham, Manchester United, England",No
Owen Foster,https://fbref.com/en/players/b08a2a4b/Owen-Foster,2021,2026,GK,"Middlesbrough U21, Scunthorpe United",Yes
Stephen Foster,https://fbref.com/en/players/4c8f2100/Stephen-Foster,2001,2014,DF,"Barnsley, Crewe Alexandra, Burnley, Tranmere Rovers",No
Steve Foster,https://fbref.com/en/players/5b9db046/Steve-Foster,2014,2015,FW,,No
Steve Foster,https://fbref.com/en/players/6d722254/Steve-Foster,1982,,DF,,No
Steve Foster,https://fbref.com/en/players/b79e92d6/Steve-Foster,2003,2011,DF,"Brighton & Hove Albion, Darlington, Scunthorpe United, Doncaster Rovers, Mansfield Town",No
Robbie Fowler,https://fbref.com/en/players/7cd34266/Robbie-Fowler,1993,2011,FW,"Liverpool, Manchester City, Leeds United, Perth Glory, North Queensland Fury, Cardiff City, Blackbur",No
Trevor Francis,https://fbref.com/en/players/849dbec1/Trevor-Francis,1982,1994,FW,"Sheffield Wednesday, England",No
Tom Gardiner,https://fbref.com/en/players/8616df68/Tom-Gardiner,2016,2017,DF,,No
Anthony Gardner,https://fbref.com/en/players/0f2da318/Anthony-Gardner,2000,2014,DF,"Tottenham Hotspur, Crystal Palace, Sheffield Wednesday, Hull City",No
Paul Gascoigne,https://fbref.com/en/players/56c33229/Paul-Gascoigne,1990,2005,MF,"Lazio, Middlesbrough, Everton, Rangers, Burnley, England, Boston United",No
Ben George,https://fbref.com/en/players/650cd6c9/Ben-George,2012,2013,DF,,No
Steven Gerrard,https://fbref.com/en/players/caeb5442/Steven-Gerrard,1998,2016,MF,"Liverpool, England, LA Galaxy",No
Kieran Gibbs,https://fbref.com/en/players/46ee5234/Kieran-Gibbs,2007,2022,"DF,MF","Arsenal, West Bromwich Albion, Inter Miami, Norwich City, England",No
Paul Goddard,https://fbref.com/en/players/8802a175/Paul-Goddard,1992,1994,FW,Ipswich Town,No
Joe Gomez,https://fbref.com/en/players/7a11550b/Joe-Gomez,2014,2026,DF,"Liverpool, Charlton Athletic, England, Liverpool U23",Yes
Jack Goodall,https://fbref.com/en/players/af637448/Jack-Goodall,2018,2021,DF,Greenville Triumph,No
Harry Goode,https://fbref.com/en/players/70858a72/Harry-Goode,2017,2018,DF,,No
Leo Graham,https://fbref.com/en/players/e484c3fa/Leo-Graham,2025,2026,MF,Wigan Athletic,Yes
Andy Gray,https://fbref.com/en/players/af618250/Andy-Gray,1992,1994,"FW,MF",Tottenham Hotspur,No
Archie Gray,https://fbref.com/en/players/f58515f5/Archie-Gray,2021,2026,"DF,MF","Tottenham Hotspur, Leeds United, Leeds United U23, Leeds United U21",Yes
Mark Gray,https://fbref.com/en/players/76ebf42c/Mark-Gray,2016,2017,FW,,No
Michael Gray,https://fbref.com/en/players/fefae709/Michael-Gray,1996,2010,"DF,MF","Sunderland, Blackburn Rovers, Sheffield Wednesday, Wolverhampton Wanderers, Leeds United, Celtic",No
Richard Greaves,https://fbref.com/en/players/bba28bdd/Richard-Greaves,2016,2017,FW,,No
Francis Green,https://fbref.com/en/players/47369bd1/Francis-Green,2002,2010,FW,"Lincoln City, Macclesfield Town, Boston United, Peterborough United, Kettering Town, Oxford United",No
George Green,https://fbref.com/en/players/16f9386a/George-Green,2014,2017,MF,"Viking, Tranmere Rovers, Kilmarnock, Oldham Athletic",No
Robert Green,https://fbref.com/en/players/a350680b/Robert-Green,2001,2018,GK,"Norwich City, West Ham United, Queens Park Rangers, Leeds United, England",No
Ryan Green,https://fbref.com/en/players/06760135/Ryan-Green,2018,2019,DF,,No
Josh Gregory,https://fbref.com/en/players/ffeb4b9b/Josh-Gregory,2016,2018,MF,,No
Steve Guppy,https://fbref.com/en/players/3c05bb47/Steve-Guppy,1996,2008,MF,"Leicester City, Celtic, Stevenage Borough, Rochester Rhinos, Wycombe Wanderers, D.C. United, Stoke C",No
Brandon Hall,https://fbref.com/en/players/e4d7ebd7/Brandon-Hall,2016,2021,GK,,No
George Hall,https://fbref.com/en/players/2f421218/George-Hall,2021,2026,MF,"Birmingham City, Port Vale, Walsall, Birmingham City U23",Yes
Jack Hall,https://fbref.com/en/players/584fcfd1/Jack-Hall,2023,2025,GK,,No
Robert Hall,https://fbref.com/en/players/89602ebf/Robert-Hall,2011,2023,"FW,MF","Oxford United, Barnet, Milton Keynes Dons, Bolton Wanderers, Birmingham City, Forest Green Rovers, W",No
Hannah Hampton,https://fbref.com/en/players/87f3ffa4/Hannah-Hampton,2017,2026,GK,"Chelsea, England, Birmingham City, Aston Villa",Yes
Ryan Hanson,https://fbref.com/en/players/668679a2/Ryan-Hanson,2021,2025,"DF,MF","Torquay United, Dover Athletic",No
Mick Harford,https://fbref.com/en/players/a8ef11f7/Mick-Harford,1992,1997,FW,"Wimbledon, Chelsea, Sunderland",No
Owen Hargreaves,https://fbref.com/en/players/1b2b5b86/Owen-Hargreaves,2000,2012,MF,"Bayern Munich, Manchester United, England",No
Robert Harker,https://fbref.com/en/players/db1f2c5d/Robert-Harker,2015,2024,FW,"FC Halifax Town, Burnley U23, Hartlepool United",No
George Harmon,https://fbref.com/en/players/f3cbe35f/George-Harmon,2017,2026,"DF,MF","Cheltenham Town, Ross County, West Bromwich Albion U23",Yes
Alan Harper,https://fbref.com/en/players/6c23f7ec/Alan-Harper,1992,1993,"DF,MF","Luton Town, Burnley, Everton, Cardiff City",No
Lee Harper,https://fbref.com/en/players/f2b5049d/Lee-Harper,1996,2011,GK,"Northampton Town, Queens Park Rangers, Kettering Town, Milton Keynes Dons, Walsall",No
Sophie Harris,https://fbref.com/en/players/63c09eda/Sophie-Harris,2018,2022,GK,Brighton & Hove Albion,No
Spencer Harris,https://fbref.com/en/players/abb291eb/Spencer-Harris,2017,2018,DF,,No
Joe Hart,https://fbref.com/en/players/cb4f24c6/Joe-Hart,2004,2024,GK,"Manchester City, Celtic, England, Shrewsbury Town, Torino, Birmingham City, West Ham United, Burnley",No
Alex-Ray Harvey,https://fbref.com/en/players/f73cf9ef/Alex-Ray-Harvey,2016,2019,MF,Barrow,No
Cory Harvey,https://fbref.com/en/players/127f3d71/Cory-Harvey,2015,2016,GK,,No
Mark Hateley,https://fbref.com/en/players/0f8dd17f/Mark-Hateley,1986,1997,FW,"Queens Park Rangers, Hull City, Rangers, Leeds United, England",No
Tom Heaton,https://fbref.com/en/players/a6de6361/Tom-Heaton,2005,2026,GK,"Manchester United, Burnley, Cardiff City, Bristol City, Aston Villa, Wycombe Wanderers, Swindon Town",Yes
Dean Henderson,https://fbref.com/en/players/e5a76dfe/Dean-Henderson,2015,2026,GK,"Crystal Palace, England, Sheffield United, Shrewsbury Town, Manchester United, Nottingham Forest, Gr",Yes
Jeff Henderson,https://fbref.com/en/players/30970c01/Jeff-Henderson,2014,,DF,Sligo Rovers,No
Jordan Henderson,https://fbref.com/en/players/935e6b8f/Jordan-Henderson,2008,2026,MF,"Liverpool, England, Brentford, Sunderland, Ajax, Al-Ettifaq, Coventry City",Yes
Lee Hendrie,https://fbref.com/en/players/8716663c/Lee-Hendrie,1995,2013,MF,"Aston Villa, Stoke City, Tamworth, Sheffield United, Kidderminster Harriers, Bradford City, Leiceste",No
Luke Hendrie,https://fbref.com/en/players/417134fe/Luke-Hendrie,2015,2026,"DF,MF","Morecambe, Grimsby Town, Bradford City, Hartlepool United, Kilmarnock, York City, Shrewsbury Town",Yes
Aaron Henry,https://fbref.com/en/players/72b12581/Aaron-Henry,2019,2026,MF,"Boreham Wood, Wealdstone FC, Charlton Athletic, Rochdale, Crawley Town",Yes
Charlie Henry,https://fbref.com/en/players/3ea1aa1c/Charlie-Henry,2010,2013,MF,"Newport County, Macclesfield Town, Aldershot Town, Telford United",No
Ronnie Henry,https://fbref.com/en/players/a49c8ac4/Ronnie-Henry,2002,2020,DF,"Stevenage Borough, Luton Town, Southend United",No
Emile Heskey,https://fbref.com/en/players/30184789/Emile-Heskey,1994,2016,FW,"Liverpool, Leicester City, Aston Villa, Wigan Athletic, Birmingham City, Bolton Wanderers, Newcastle",No
Danny Hill,https://fbref.com/en/players/2055ed0e/Danny-Hill,1992,1995,MF,"Cardiff City, Tottenham Hotspur, Birmingham City",No
Dave Hill,https://fbref.com/en/players/b5f43252/Dave-Hill,2000,2001,MF,,No
Dylan Hill,https://fbref.com/en/players/d470029b/Dylan-Hill,2024,2026,MF,Boston United,Yes
James Hill,https://fbref.com/en/players/69942fb3/James-Hill,2018,2026,DF,"Bournemouth, Fleetwood Town, Blackburn Rovers, Heart of Midlothian",Yes
Nicky Hill,https://fbref.com/en/players/f9de7b67/Nicky-Hill,2002,2003,DF,Bury,No
Rory Hill,https://fbref.com/en/players/aab894d8/Rory-Hill,2020,2021,MF,,No
Ryan Hill,https://fbref.com/en/players/297a396f/Ryan-Hill,2017,2026,"FW,MF","Aldershot Town, Eastleigh, Dagenham & Redbridge, Stoke City U23",Yes
Andy Hinchcliffe,https://fbref.com/en/players/4bb95ffe/Andy-Hinchcliffe,1992,2002,DF,"Everton, Sheffield Wednesday",No
David Hirst,https://fbref.com/en/players/e274c78d/David-Hirst,1992,1999,FW,"Sheffield Wednesday, Southampton",No
Glenn Hoddle,https://fbref.com/en/players/231f7c03/Glenn-Hoddle,1982,1995,MF,"Swindon Town, Chelsea, England",No
Steve Hodge,https://fbref.com/en/players/5cd08cec/Steve-Hodge,1986,1995,MF,"Leeds United, Queens Park Rangers, Derby County, England",No
Abby Holmes,https://fbref.com/en/players/55946c66/Abby-Holmes,2017,,DF,Sunderland,No
Bradley Holmes,https://fbref.com/en/players/73a687d8/Bradley-Holmes,2020,2024,MF,"Dunfermline Athletic, Blackpool",No
Paul Holmes,https://fbref.com/en/players/6d4ace8b/Paul-Holmes,1992,2003,DF,"West Bromwich Albion, Everton, Birmingham City, Torquay United",No
Ella Houghton,https://fbref.com/en/players/aec9f020/Ella-Houghton,2022,2023,MF,,No
Eddie Howe,https://fbref.com/en/players/13ab2469/Eddie-Howe,2001,2007,DF,Bournemouth,No
Joe Howe,https://fbref.com/en/players/20ecaf95/Joe-Howe,2006,2017,DF,"Ebbsfleet United, Bromley",No
Luke Howell,https://fbref.com/en/players/7467a32a/Luke-Howell,2006,2019,"DF,MF","Dagenham & Redbridge, Milton Keynes Dons, Boreham Wood, Aldershot Town, Lincoln City",No
Steve Howey,https://fbref.com/en/players/c1dd78cb/Steve-Howey,1993,2005,DF,"Newcastle United, Manchester City, Leicester City, Bolton Wanderers, New England Revolution",No
Tom Huddlestone,https://fbref.com/en/players/464cbbc9/Tom-Huddlestone,2003,2024,MF,"Tottenham Hotspur, Derby County, Hull City, Manchester United U21, Wolverhampton Wanderers",No
Callum Hudson-Odoi,https://fbref.com/en/players/15f3ec41/Callum-Hudson-Odoi,2017,2026,"FW,MF","Nottingham Forest, Chelsea, Leverkusen, Chelsea U23, England",Yes
Emlyn Hughes,https://fbref.com/en/players/1263a60a/Emlyn-Hughes,1970,,"DF,MF",,No
Laurie Hughes,https://fbref.com/en/players/d0fd81d1/Laurie-Hughes,1950,,DF,England,No
Lee Hughes,https://fbref.com/en/players/fd08b4e6/Lee-Hughes,2001,2015,FW,"West Bromwich Albion, Notts County, Oldham Athletic, Forest Green Rovers, Coventry City, Port Vale,",No
Liam Hughes,https://fbref.com/en/players/f20bdb6f/Liam-Hughes,2010,2024,MF,"Cambridge United, Barrow, Inverness CT, Guiseley",No
Jordan Hulme,https://fbref.com/en/players/d5221bb3/Jordan-Hulme,2015,2023,FW,"Altrincham, Salford City FC",No
Jack Hunt,https://fbref.com/en/players/60af9352/Jack-Hunt,2009,2025,"DF,MF","Sheffield Wednesday, Bristol City, Huddersfield Town, Bristol Rovers, Chesterfield, Nottingham Fores",Yes
Kevin Hunt,https://fbref.com/en/players/bd034195/Kevin-Hunt,2000,2001,MF,,No
Rob Hunt,https://fbref.com/en/players/0d4e5b6f/Rob-Hunt,2015,2026,DF,"Colchester United, Swindon Town, Oldham Athletic, Leyton Orient, Brighton & Hove Albion",Yes
Roger Hunt,https://fbref.com/en/players/4c162b8f/Roger-Hunt,1962,1966,FW,England,No
Simon Hunt,https://fbref.com/en/players/c4f6c149/Simon-Hunt,1990,1991,MF,,No
Stephen Hunt,https://fbref.com/en/players/db08ffe9/Stephen-Hunt,2004,2011,DF,"Notts County, Colchester United, Lincoln City",No
Jack Hunter,https://fbref.com/en/players/64d91580/Jack-Hunter,2017,2026,"DF,MF","Hartlepool United, FC Halifax Town, Gateshead, Newcastle United U23",Yes
Jordan Hunter,https://fbref.com/en/players/c06be382/Jordan-Hunter,2017,2024,DF,"Gateshead, Sunderland U23",No
Norman Hunter,https://fbref.com/en/players/e6065317/Norman-Hunter,1966,1970,"DF,MF",,No
Geoff Hurst,https://fbref.com/en/players/f0b61a98/Geoff-Hurst,1966,1970,FW,England,No
Charlie I'Anson,https://fbref.com/en/players/907594ed/Charlie-IAnson,2010,2022,DF,"Grimsby Town, Alcorcón, Granada",No
Paul Ince,https://fbref.com/en/players/3ce58c27/Paul-Ince,1992,2007,MF,"Manchester United, Wolverhampton Wanderers, Middlesbrough, Liverpool, Internazionale, England, Swind",No
Danny Ings,https://fbref.com/en/players/07802f7f/Danny-Ings,2010,2026,FW,"Sheffield United, Burnley, Southampton, West Ham United, Aston Villa, Bournemouth, Liverpool, Liverp",Yes
Phil Jagielka,https://fbref.com/en/players/3233eefd/Phil-Jagielka,2001,2023,"DF,MF","Everton, Sheffield United, Stoke City, England, Derby County",No
David James,https://fbref.com/en/players/86841dfb/David-James,1992,2013,GK,"Liverpool, Portsmouth, Manchester City, West Ham United, Bristol City, Aston Villa, Bournemouth, Eng",No
Matthew Jarvis,https://fbref.com/en/players/02d6d2b4/Matthew-Jarvis,2003,2021,MF,"Wolverhampton Wanderers, Gillingham, West Ham United, Woking, Norwich City, Walsall",No
Francis Jeffers,https://fbref.com/en/players/21b2c885/Francis-Jeffers,1997,2013,FW,"Everton, Sheffield Wednesday, Arsenal, Newcastle Jets, Charlton Athletic, Blackburn Rovers, Rangers,",No
Jermaine Jenas,https://fbref.com/en/players/3149f712/Jermaine-Jenas,2001,2014,MF,"Tottenham Hotspur, Newcastle United, Queens Park Rangers, Nottingham Forest, England, Aston Villa",No
Carl Jenkinson,https://fbref.com/en/players/874125a3/Carl-Jenkinson,2010,2025,DF,"West Ham United, Arsenal, Newcastle Jets, Melbourne City, Nottingham Forest, Bromley, Birmingham Cit",Yes
Phil Jevons,https://fbref.com/en/players/2a920598/Phil-Jevons,1998,2013,FW,"Morecambe, Yeovil Town, Grimsby Town, Huddersfield Town, Bristol City, Hyde, Hull City, Everton, Bur",No
Adam Johnson,https://fbref.com/en/players/1ba61951/Adam-Johnson,2004,2016,MF,"Sunderland, Middlesbrough, Manchester City, Watford, Leeds United, England",No
Alex Johnson,https://fbref.com/en/players/bb129188/Alex-Johnson,2015,2016,FW,,No
Ali Johnson,https://fbref.com/en/players/4ba2c39a/Ali-Johnson,2017,2019,MF,"Liverpool, Bristol City",No
Andrew Johnson,https://fbref.com/en/players/b7b215c2/Andrew-Johnson,2016,2017,MF,,No
Andrew Johnson,https://fbref.com/en/players/facd1b3e/Andrew-Johnson,2001,2015,FW,"Crystal Palace, Fulham, Birmingham City, Everton, Queens Park Rangers, England",No
Ben Johnson,https://fbref.com/en/players/9319781b/Ben-Johnson,2017,2026,"DF,MF","Ipswich Town, West Ham United, West Ham United U23",Yes
Dan Johnson,https://fbref.com/en/players/eb61ea16/Dan-Johnson,2016,2024,DF,Bromley,No
Danny Johnson,https://fbref.com/en/players/fb8c7c98/Danny-Johnson,2014,2026,FW,"Hartlepool United, Gateshead, Walsall, Leyton Orient, Mansfield Town, Motherwell, Dundee, Stevenage,",Yes
Darnell Johnson,https://fbref.com/en/players/8eaf6aea/Darnell-Johnson,2016,2024,DF,"Leicester City U23, Forest Green Rovers, AFC Wimbledon, Wigan Athletic, Fleetwood Town",No
Eddie Johnson,https://fbref.com/en/players/391c966a/Eddie-Johnson,2003,2011,"FW,MF","Bradford City, Austin Aztex, Coventry City, Crewe Alexandra, Antwerp, Chester City, Portland Timbers",No
Elliott Johnson,https://fbref.com/en/players/9b01a154/Elliott-Johnson,2012,2025,"DF,MF","Barnet, Dagenham & Redbridge",No
Gabriel Johnson,https://fbref.com/en/players/e1b6591a/Gabriel-Johnson,2024,2025,FW,,No
Gavin Johnson,https://fbref.com/en/players/0a548b42/Gavin-Johnson,1992,2007,"DF,MF","Wigan Athletic, Ipswich Town, Colchester United, Oxford United, Northampton Town, Luton Town, Boston",No
Glen Johnson,https://fbref.com/en/players/8cceca90/Glen-Johnson,2002,2018,DF,"Liverpool, Portsmouth, Stoke City, Chelsea, England, West Ham United, Millwall",No
Huw Johnson,https://fbref.com/en/players/1e3f101a/Huw-Johnson,2011,2013,MF,AFC Wimbledon,No
John Johnson,https://fbref.com/en/players/63cc3cfb/John-Johnson,2008,2020,DF,"Northampton Town, Bengaluru, ATK, Tranmere Rovers",No
Jorell Johnson,https://fbref.com/en/players/23c78822/Jorell-Johnson,2014,2015,DF,,No
Joseph Johnson,https://fbref.com/en/players/d9e7c4da/Joseph-Johnson,2022,2025,DF,Luton Town,Yes
Joshua Johnson,https://fbref.com/en/players/a605536a/Joshua-Johnson,2021,2026,MF,"Oxford United, Maidenhead United",Yes
Justin Johnson,https://fbref.com/en/players/f0cdb21c/Justin-Johnson,2014,2026,FW,"Macclesfield FC, Dundee United, York City, Hamilton Academical",Yes
Lee Johnson,https://fbref.com/en/players/5be44630/Lee-Johnson,2003,2013,MF,"Bristol City, Yeovil Town, Kilmarnock, Chesterfield, Heart of Midlothian, Derby County",No
Sam Johnson,https://fbref.com/en/players/a8fe5f70/Sam-Johnson,2013,2026,GK,"FC Halifax Town, Port Vale, Gateshead, Alfreton Town",Yes
Seth Johnson,https://fbref.com/en/players/5915b54c/Seth-Johnson,1999,2007,"FW,MF","Derby County, Leeds United",No
Sian Johnson,https://fbref.com/en/players/8eed0b88/Sian-Johnson,2017,,MF,,No
Simon Johnson,https://fbref.com/en/players/dca18241/Simon-Johnson,2002,2011,MF,"Darlington, Eastbourne Borough, Hereford United, Hull City, Leeds United, Barnsley, Doncaster Rovers",No
Tommy Johnson,https://fbref.com/en/players/e8fa6f69/Tommy-Johnson,1994,2006,FW,"Derby County, Aston Villa, Gillingham, Celtic, Scunthorpe United, Kilmarnock, Sheffield Wednesday, E",No
Travis Johnson,https://fbref.com/en/players/65fcc044/Travis-Johnson,2018,2024,DF,"Crawley Town, Crewe Alexandra",No
Tyreke Johnson,https://fbref.com/en/players/4701e130/Tyreke-Johnson,2016,2023,"FW,MF","Southampton U23, Woking, Hartford Athletic, Gillingham, Dagenham & Redbridge, Southampton",No
William Johnson,https://fbref.com/en/players/78ee05c1/William-Johnson,2018,2021,GK,Norwich City U23,No
Aaron Jones,https://fbref.com/en/players/ab2ed7c9/Aaron-Jones,2017,2026,"DF,MF","Sutton United, Aldershot Town, King's Lynn Town FC, Bethlehem Steel FC",Yes
Aaron Jones,https://fbref.com/en/players/fb7b4ee9/Aaron-Jones,2016,2017,DF,,No
Abbey Jones,https://fbref.com/en/players/580bd02f/Abbey-Jones,2019,2020,MF,,No
Alex Jones,https://fbref.com/en/players/018961c6/Alex-Jones,2015,2021,FW,"Bradford City, Port Vale, Partick Thistle, Cambridge United, Northampton Town, Grimsby Town",No
Alfie Jones,https://fbref.com/en/players/c6306447/Alfie-Jones,2017,2022,GK,,No
Andrai Jones,https://fbref.com/en/players/d47f08d3/Andrai-Jones,2010,2017,DF,"Southport, Bury, Gateshead, Alfreton Town",No
Archie Jones,https://fbref.com/en/players/ef1661c7/Archie-Jones,2019,2021,MF,,No
Ashlee Jones,https://fbref.com/en/players/a5cfe096/Ashlee-Jones,2009,2019,GK,Braintree Town,No
Avan Jones,https://fbref.com/en/players/e4bb31b3/Avan-Jones,2021,2025,DF,,No
Barry Jones,https://fbref.com/en/players/c99c7a71/Barry-Jones,1991,1992,DF,,No
Ben Jones,https://fbref.com/en/players/3a70c566/Ben-Jones,2020,2022,GK,,No
Billy Jones,https://fbref.com/en/players/4a7da20c/Billy-Jones,2002,2014,DF,"Exeter City, Crewe Alexandra, Leyton Orient, Cheltenham Town, Kidderminster Harriers, Newport County",No
Billy Jones,https://fbref.com/en/players/aa3cb1ad/Billy-Jones,2003,2021,DF,"Preston North End, Crewe Alexandra, Sunderland, West Bromwich Albion, Rotherham United",No
Billy Jones,https://fbref.com/en/players/df822711/Billy-Jones,2022,2023,DF,,No
Bobby Jones,https://fbref.com/en/players/062a0e80/Bobby-Jones,2022,2026,GK,"Spennymoor Town FC, Boston United",Yes
Brad Jones,https://fbref.com/en/players/ca50ed24/Brad-Jones,2017,2018,GK,,No
Gary Jones,https://fbref.com/en/players/0f95466a/Gary-Jones,2001,2017,MF,"Rochdale, Bradford City, Barnsley, Southport, Notts County, Swansea City",No
Gary Jones,https://fbref.com/en/players/852ccc76/Gary-Jones,2001,2008,FW,"Grimsby Town, Tranmere Rovers, Nottingham Forest",No
Harrison Jones,https://fbref.com/en/players/2a78981b/Harrison-Jones,2021,2026,MF,"Sunderland U21, Sunderland",Yes
Matt Jones,https://fbref.com/en/players/76ba2a13/Matt-Jones,2013,2016,GK,"Belenenses, Tondela, Bethlehem Steel FC",No
Matthew Jones,https://fbref.com/en/players/8f496daf/Matthew-Jones,2014,2015,MF,,No
Matty Jones,https://fbref.com/en/players/c2e8203e/Matty-Jones,2013,2014,DF,,No
Michael Jones,https://fbref.com/en/players/b361377d/Michael-Jones,2004,2009,GK,"Wrexham, Northwich Victoria",No
Mike Jones,https://fbref.com/en/players/a8771fa1/Mike-Jones,2006,2025,MF,"Bury, Carlisle United, Oldham Athletic, Crawley Town, Chesterfield, Barrow, Shrewsbury Town, Sheffie",No
Paul Jones,https://fbref.com/en/players/a664a8de/Paul-Jones,2006,2023,GK,"Exeter City, Crawley Town, Portsmouth, King's Lynn Town FC, Peterborough United",No
Phil Jones,https://fbref.com/en/players/def899bd/Phil-Jones,2009,2022,"DF,MF","Manchester United, Blackburn Rovers, England, Manchester United U23",No
Ray Jones,https://fbref.com/en/players/43a1e34b/Ray-Jones,2006,2007,FW,Queens Park Rangers,No
Ritchie Jones,https://fbref.com/en/players/13674825/Ritchie-Jones,2006,2015,MF,"Hartlepool United, FC Edmonton, Bradford City, Oldham Athletic, Barnsley, Yeovil Town, Grimsby Town,",No
Rob Jones,https://fbref.com/en/players/ca7aff54/Rob-Jones,2003,2017,DF,"Hibernian, Doncaster Rovers, Grimsby Town, Scunthorpe United, Sheffield Wednesday, Stockport County,",No
Rob Jones,https://fbref.com/en/players/cd6a211c/Rob-Jones,1991,1998,DF,Liverpool,No
Ryan Jones,https://fbref.com/en/players/33c68da9/Ryan-Jones,2020,2026,MF,"Aldershot Town, Bromley, Bristol Rovers",Yes
Harry Kane,https://fbref.com/en/players/21a66f6a/Harry-Kane,2010,2026,FW,"Tottenham Hotspur, Bayern Munich, England, Millwall, Leyton Orient, Leicester City, Norwich City",Yes
Herbie Kane,https://fbref.com/en/players/9d25f51c/Herbie-Kane,2016,2026,MF,"Huddersfield Town, Barnsley, Doncaster Rovers, Oxford United, Liverpool U23, Hull City",Yes
Antony Kay,https://fbref.com/en/players/44717a3c/Antony-Kay,2001,2020,"DF,MF","Barnsley, Milton Keynes Dons, Huddersfield Town, Tranmere Rovers, Port Vale, Bury, Chorley FC",No
Michael Kay,https://fbref.com/en/players/68fdb9a3/Michael-Kay,2010,2016,DF,"Chester, Tranmere Rovers, Gateshead",No
Michael Keane,https://fbref.com/en/players/c5b7c315/Michael-Keane,2012,2026,DF,"Everton, Burnley, Leicester City, Blackburn Rovers, England, Derby County",Yes
Kevin Keegan,https://fbref.com/en/players/3f39a996/Kevin-Keegan,1982,,FW,,No
Bradley Kelly,https://fbref.com/en/players/c2fb28d7/Bradley-Kelly,2021,2025,GK,,Yes
Marcus Kelly,https://fbref.com/en/players/a9c9e0ba/Marcus-Kelly,2003,2018,MF,"Rushden & Diamonds, Forest Green Rovers, Kettering Town, Wrexham, Tamworth, Oxford United",No
Martin Kelly,https://fbref.com/en/players/d7492450/Martin-Kelly,2008,2024,"DF,MF","Crystal Palace, Liverpool, Crystal Palace U23, Huddersfield Town, West Bromwich Albion",No
Martin Keown,https://fbref.com/en/players/b844a204/Martin-Keown,1992,2005,"DF,MF","Arsenal, Leicester City, Everton, Reading, England",No
Jack King,https://fbref.com/en/players/ebede3aa/Jack-King,2012,2020,"DF,MF","Preston North End, Stevenage, Ebbsfleet United, Scunthorpe United",No
Ledley King,https://fbref.com/en/players/83ca192d/Ledley-King,1998,2012,"DF,MF","Tottenham Hotspur, England",No
Liam King,https://fbref.com/en/players/10a9b8f4/Liam-King,2006,2018,MF,"Altrincham, Rotherham United, FC Halifax Town",No
Rhys King,https://fbref.com/en/players/26dcae19/Rhys-King,2018,2019,FW,,No
Ryan Kingsford,https://fbref.com/en/players/001fa5ab/Ryan-Kingsford,2023,,FW,,No
Chris Kirkland,https://fbref.com/en/players/710265d2/Chris-Kirkland,2000,2016,GK,"Wigan Athletic, Sheffield Wednesday, Liverpool, Coventry City, West Bromwich Albion, Preston North E",No
Zat Knight,https://fbref.com/en/players/607efc45/Zat-Knight,2001,2015,DF,"Bolton Wanderers, Fulham, Aston Villa, Colorado Rapids",No
Paul Konchesky,https://fbref.com/en/players/941bcf75/Paul-Konchesky,1998,2018,"DF,FW","Charlton Athletic, Leicester City, Fulham, West Ham United, Queens Park Rangers, Gillingham, Liverpo",No
Brian Labone,https://fbref.com/en/players/bdc55621/Brian-Labone,1970,,DF,England,No
Adam Lallana,https://fbref.com/en/players/99813635/Adam-Lallana,2006,2025,"FW,MF","Southampton, Liverpool, Brighton & Hove Albion, England, Bournemouth",No
Jack Lambert,https://fbref.com/en/players/d86f41ea/Jack-Lambert,2017,2024,MF,"Kidderminster Harriers, Dundee",No
Rickie Lambert,https://fbref.com/en/players/495de82c/Rickie-Lambert,2002,2017,FW,"Southampton, Bristol Rovers, Stockport County, Rochdale, Liverpool, West Bromwich Albion, Cardiff Ci",No
Frank Lampard,https://fbref.com/en/players/268df6b1/Frank-Lampard,1995,2016,MF,"Chelsea, West Ham United, England, Manchester City, New York City FC, Swansea City",No
Graeme Le Saux,https://fbref.com/en/players/0bd42c09/Graeme-Le-Saux,1992,2005,DF,"Chelsea, Blackburn Rovers, Southampton, England",No
Matt Le Tissier,https://fbref.com/en/players/d5e78451/Matt-Le-Tissier,1992,2002,"FW,MF",Southampton,No
Maya Le Tissier,https://fbref.com/en/players/087316e6/Maya-Le-Tissier,2018,2026,DF,"Manchester United, England, Brighton & Hove Albion",Yes
Brandon Lee,https://fbref.com/en/players/946c9348/Brandon-Lee,2025,2026,DF,Macclesfield FC,Yes
Charlie Lee,https://fbref.com/en/players/4963b778/Charlie-Lee,2006,2021,"DF,MF","Peterborough United, Stevenage, Gillingham, Yeovil Town, Leyton Orient, Millwall",No
Francis Lee,https://fbref.com/en/players/ce222219/Francis-Lee,1970,,FW,England,No
Jack Lee,https://fbref.com/en/players/b50635ce/Jack-Lee,2018,2019,DF,,No
Jason Lee,https://fbref.com/en/players/e9c268b6/Jason-Lee,1994,2009,FW,"Nottingham Forest, Notts County, Boston United, Watford, Peterborough United, Mansfield Town, Northa",No
Jordan Lee,https://fbref.com/en/players/8cfe717a/Jordan-Lee,2015,2018,DF,Torquay United,No
Richard Lee,https://fbref.com/en/players/624f2897/Richard-Lee,2002,2015,GK,"Watford, Brentford",No
Rob Lee,https://fbref.com/en/players/291b2178/Rob-Lee,1993,2006,MF,"Newcastle United, Derby County, Wycombe Wanderers, West Ham United, Charlton Athletic",No
Sammy Lee,https://fbref.com/en/players/94ca9664/Sammy-Lee,1988,1990,MF,Osasuna,No
Aaron Lennon,https://fbref.com/en/players/2ff964a0/Aaron-Lennon,2003,2022,"FW,MF","Tottenham Hotspur, Burnley, Everton, Leeds United, Kayserispor, England",No
Joleon Lescott,https://fbref.com/en/players/62393d3b/Joleon-Lescott,2001,2017,DF,"Wolverhampton Wanderers, Manchester City, Everton, West Bromwich Albion, Aston Villa, England, AEK A",No
Gary Lineker,https://fbref.com/en/players/c2b90a23/Gary-Lineker,1986,1990,FW,"Barcelona, England",No
Jesse Lingard,https://fbref.com/en/players/810e3c74/Jesse-Lingard,2012,2025,"FW,MF","FC Seoul, Manchester United, England, Nottingham Forest, West Ham United, Brighton & Hove Albion, De",Yes
Jake Livermore,https://fbref.com/en/players/b98570d1/Jake-Livermore,2007,2024,MF,"West Bromwich Albion, Hull City, Tottenham Hotspur, Watford, Derby County, Ipswich Town, Peterboroug",No
Ruben Loftus-Cheek,https://fbref.com/en/players/e97fd090/Ruben-Loftus-Cheek,2014,2026,MF,"Milan, England, Chelsea, Fulham, Crystal Palace",Yes
Gary Mabbutt,https://fbref.com/en/players/be519c25/Gary-Mabbutt,1992,1998,"DF,MF",Tottenham Hotspur,No
Harry Maguire,https://fbref.com/en/players/d8931174/Harry-Maguire,2010,2026,DF,"Manchester United, Sheffield United, Leicester City, Hull City, England, Wigan Athletic",Yes
Ryan Mallon,https://fbref.com/en/players/b11239d6/Ryan-Mallon,2001,2002,FW,,No
Wilf Mannion,https://fbref.com/en/players/43899165/Wilf-Mannion,1950,,FW,,No
William Mannion,https://fbref.com/en/players/02bed2cb/William-Mannion,2016,2026,GK,"Charlton Athletic, Cambridge United, Aldershot Town",Yes
Paul Mariner,https://fbref.com/en/players/3ef7cc2d/Paul-Mariner,1982,,FW,England,No
Jacob Marsden,https://fbref.com/en/players/358ec639/Jacob-Marsden,2018,2023,GK,,No
John Marsden,https://fbref.com/en/players/e306d054/John-Marsden,2013,2017,FW,"Southport, Lincoln City, Shrewsbury Town",No
Tom Marshall,https://fbref.com/en/players/388ef0e9/Tom-Marshall,2014,2015,DF,,No
Aaron Martin,https://fbref.com/en/players/2b118830/Aaron-Martin,2009,2024,DF,"Coventry City, Exeter City, Eastleigh, Port Vale, Hamilton Academical, Oxford United, Southampton, S",No
Aaron Martin,https://fbref.com/en/players/539c89d2/Aaron-Martin,2020,2023,FW,"Harrogate Town FC, Gateshead, FC Halifax Town",No
Adam Martin,https://fbref.com/en/players/8c4c1bc9/Adam-Martin,2016,2017,MF,,No
Alvin Martin,https://fbref.com/en/players/2eb72478/Alvin-Martin,1986,1996,DF,West Ham United,No
Amy Martin,https://fbref.com/en/players/0f237f87/Amy-Martin,2020,2021,GK,,No
Gary Martin,https://fbref.com/en/players/1ae9d8b2/Gary-Martin,2009,2018,FW,"Lillestrøm, Lokeren",No
Nigel Martyn,https://fbref.com/en/players/8977904e/Nigel-Martyn,1992,2006,GK,"Leeds United, Crystal Palace, Everton",No
Cameron Mason,https://fbref.com/en/players/d581c3da/Cameron-Mason,2016,2024,GK,,No
Christopher Mason,https://fbref.com/en/players/730e5fa7/Christopher-Mason,2016,2017,DF,,No
Paul Mason,https://fbref.com/en/players/2e2236b9/Paul-Mason,1993,1995,MF,Ipswich Town,No
Ryan Mason,https://fbref.com/en/players/c8fac933/Ryan-Mason,2008,2017,MF,"Tottenham Hotspur, Yeovil Town, Hull City, Doncaster Rovers, Swindon Town, Millwall",No
Sam Matthews,https://fbref.com/en/players/e909b757/Sam-Matthews,2016,2023,"FW,MF","Crawley Town, Bristol Rovers, Eastleigh, Aldershot Town, Wealdstone FC",No
Stanley Matthews,https://fbref.com/en/players/1b2bb04b/Stanley-Matthews,1950,1954,"FW,MF",England,No
Gavin McCann,https://fbref.com/en/players/d1e78f75/Gavin-McCann,1997,2010,MF,"Sunderland, Aston Villa, Bolton Wanderers, Everton",No
Alan McCarthy,https://fbref.com/en/players/6aea5635/Alan-McCarthy,1993,1995,DF,"Watford, Queens Park Rangers",No
Alex McCarthy,https://fbref.com/en/players/36c2ca73/Alex-McCarthy,2007,2026,GK,"Southampton, Reading, Yeovil Town, Ipswich Town, Southampton U23, Crystal Palace, Leeds United, Alde",Yes
Ashley McCarthy,https://fbref.com/en/players/035b1054/Ashley-McCarthy,2022,2023,DF,,No
Terry McDermott,https://fbref.com/en/players/93c9aed3/Terry-McDermott,1982,,MF,,No
Tommy McDermott,https://fbref.com/en/players/9ff4987f/Tommy-McDermott,2021,2026,MF,"Shrewsbury Town, Port Vale, Rochdale",Yes
Sam McMahon,https://fbref.com/en/players/0f3338a6/Sam-McMahon,1994,1998,MF,Leicester City,No
Steve McMahon,https://fbref.com/en/players/4f36a7fc/Steve-McMahon,2002,2006,"DF,MF","Blackpool, Perth Glory, Kidderminster Harriers",No
Steve McMahon,https://fbref.com/en/players/98faf70c/Steve-McMahon,1990,1995,"DF,FW","Manchester City, Swindon Town, Liverpool, England",No
Steve McManaman,https://fbref.com/en/players/9be05f40/Steve-McManaman,1991,2005,MF,"Liverpool, Real Madrid, Manchester City",No
Tom Meechan,https://fbref.com/en/players/b60401f1/Tom-Meechan,2015,2016,FW,Newport County,No
Paul Merson,https://fbref.com/en/players/eba7e6fd/Paul-Merson,1991,2006,"FW,MF","Arsenal, Aston Villa, Walsall, Middlesbrough, Portsmouth",No
Jackie Milburn,https://fbref.com/en/players/2adab4a5/Jackie-Milburn,1950,,FW,,No
Alan Miller,https://fbref.com/en/players/ba82c15d/Alan-Miller,1991,2002,GK,"West Bromwich Albion, Middlesbrough, St Johnstone, Arsenal",No
George Miller,https://fbref.com/en/players/2d14140b/George-Miller,2015,2026,FW,"Cheltenham Town, Bury, Bradford City, Walsall, Doncaster Rovers, Scunthorpe United, Middlesbrough U2",Yes
Danny Mills,https://fbref.com/en/players/240e4301/Danny-Mills,1998,2008,DF,"Leeds United, Norwich City, Charlton Athletic, Manchester City, Middlesbrough, Hull City, England",No
Danny Mills,https://fbref.com/en/players/99c1acc9/Danny-Mills,2008,2020,FW,"Kettering Town, Tamworth, Histon, Ebbsfleet United, Whitehawk FC, Peterborough United",No
Gary Mills,https://fbref.com/en/players/894928f7/Gary-Mills,2002,2013,MF,"Rushden & Diamonds, Mansfield Town, Crawley Town, Stevenage Borough, Lincoln City, Bath City",No
Gary Mills,https://fbref.com/en/players/9225c3af/Gary-Mills,1994,2010,"DF,MF",Leicester City,No
Greg Mills,https://fbref.com/en/players/e745a9f0/Greg-Mills,2009,2012,MF,Telford United,No
Matt Mills,https://fbref.com/en/players/593f52b7/Matt-Mills,2004,2020,DF,"Bolton Wanderers, Nottingham Forest, Doncaster Rovers, Reading, Leicester City, Forest Green Rovers,",No
Mick Mills,https://fbref.com/en/players/366a0f3b/Mick-Mills,1982,,DF,England,No
James Milner,https://fbref.com/en/players/2f90f6b8/James-Milner,2002,2026,"DF,MF","Liverpool, Brighton & Hove Albion, Manchester City, Newcastle United, Aston Villa, Leeds United, Eng",Yes
John Mitchell,https://fbref.com/en/players/6505fd1c/John-Mitchell,2016,2017,DF,,No
Jonathan Mitchell,https://fbref.com/en/players/ec4a766a/Jonathan-Mitchell,2014,2024,GK,"Doncaster Rovers, Northampton Town, Derby County U23, Oxford United, Macclesfield Town, Shrewsbury T",No
Bobby Moore,https://fbref.com/en/players/df7fbe9d/Bobby-Moore,1962,1970,DF,England,No
Byron Moore,https://fbref.com/en/players/58438192/Byron-Moore,2007,2022,"FW,MF","Crewe Alexandra, Plymouth Argyle, Port Vale, Bristol Rovers, Bury, Torquay United",No
Jack Moore,https://fbref.com/en/players/306501b7/Jack-Moore,2021,2025,DF,,No
Jade Moore,https://fbref.com/en/players/4319f536/Jade-Moore,2013,2023,MF,"Reading, England, Manchester United, Orlando Pride",No
James Moore,https://fbref.com/en/players/113b20cc/James-Moore,2013,,DF,Charlotte Eagles,No
Ben Morley,https://fbref.com/en/players/04b87aa7/Ben-Morley,2002,2003,DF,Hull City,No
Trevor Morley,https://fbref.com/en/players/3ce7fe15/Trevor-Morley,1993,1995,FW,"West Ham United, Reading",No
Ben Morris,https://fbref.com/en/players/2390ab6e/Ben-Morris,2016,2025,FW,"Detroit City, Forest Green Rovers, Ipswich Town",Yes
Bryn Morris,https://fbref.com/en/players/f472d985/Bryn-Morris,2012,2026,"DF,MF","Harrogate Town FC, Newport County, Grimsby Town, Shrewsbury Town, Northampton Town, Portsmouth, Wyco",Yes
Jack Morris,https://fbref.com/en/players/051314d5/Jack-Morris,2024,2025,MF,,Yes
James Morris,https://fbref.com/en/players/59e3e314/James-Morris,2019,2026,DF,"Watford, Southampton U23",Yes
James Morris,https://fbref.com/en/players/6a18060e/James-Morris,2017,2018,FW,,No
Jody Morris,https://fbref.com/en/players/c5002fd1/Jody-Morris,1995,2013,MF,"Chelsea, St Johnstone, Millwall, Leeds United, Rotherham United, Bristol City",No
Josh Morris,https://fbref.com/en/players/6449a543/Josh-Morris,2010,2023,"DF,FW","Fleetwood Town, Scunthorpe United, Salford City FC, Blackburn Rovers, Bradford City, Motherwell, Yeo",No
Stan Mortensen,https://fbref.com/en/players/51237a42/Stan-Mortensen,1950,,FW,England,No
James Morton,https://fbref.com/en/players/c6d70d1e/James-Morton,2019,2026,MF,"Southend United, Forest Green Rovers, Grimsby Town",Yes
Jimmy Mullen,https://fbref.com/en/players/1531ef54/Jimmy-Mullen,1950,1954,"FW,MF",England,No
Alan Mullery,https://fbref.com/en/players/b5362ef6/Alan-Mullery,1970,,MF,England,No
Daniel Murphy,https://fbref.com/en/players/688c5e8c/Daniel-Murphy,2020,2021,DF,,No
Danielle Murphy,https://fbref.com/en/players/9a059df7/Danielle-Murphy,2001,,MF,England,No
Danny Murphy,https://fbref.com/en/players/03a97c40/Danny-Murphy,1997,2013,MF,"Liverpool, Fulham, Charlton Athletic, Blackburn Rovers, Tottenham Hotspur",No
David Murphy,https://fbref.com/en/players/b05e73d5/David-Murphy,2001,2014,DF,"Birmingham City, Hibernian, Middlesbrough, Barnsley",No
Phil Neal,https://fbref.com/en/players/c039320e/Phil-Neal,1982,,DF,,No
Gary Neville,https://fbref.com/en/players/1b013e33/Gary-Neville,1992,2011,DF,"Manchester United, England",No
Phil Neville,https://fbref.com/en/players/3db5e0ec/Phil-Neville,1994,2013,"DF,MF","Manchester United, Everton, England",No
George Newell,https://fbref.com/en/players/24281589/George-Newell,2015,2018,FW,Motherwell,Yes
Keith Newton,https://fbref.com/en/players/b214b1c9/Keith-Newton,1970,,DF,England,No
Magnus Norman,https://fbref.com/en/players/73410930/Magnus-Norman,2016,2026,GK,"St Albans City, Oldham Athletic, Fulham U23, Carlisle United, Rochdale",Yes
Maurice Norman,https://fbref.com/en/players/c67aff76/Maurice-Norman,1958,1962,DF,England,No
Max Norman,https://fbref.com/en/players/acea3b04/Max-Norman,2018,2019,DF,,No
David Nugent,https://fbref.com/en/players/f9b5e5bd/David-Nugent,2002,2021,FW,"Leicester City, Preston North End, Derby County, Bury, Portsmouth, Middlesbrough, Burnley, Tranmere",No
Dean Oliver,https://fbref.com/en/players/d6dbfdee/Dean-Oliver,2006,2008,FW,,No
Luke Oliver,https://fbref.com/en/players/b2609dc2/Luke-Oliver,2002,2016,DF,"Bradford City, Stevenage Borough, Wycombe Wanderers, Forest Green Rovers, Aldershot Town, Salisbury",No
Peter Osgood,https://fbref.com/en/players/bc479fe1/Peter-Osgood,1970,,FW,,No
Leon Osman,https://fbref.com/en/players/a014c247/Leon-Osman,2002,2016,MF,"Everton, Derby County, Carlisle United",No
Jacob Owen,https://fbref.com/en/players/fe1fac43/Jacob-Owen,2017,2018,DF,,Yes
Michael Owen,https://fbref.com/en/players/88b3f52c/Michael-Owen,1996,2013,FW,"Liverpool, Newcastle United, Real Madrid, Manchester United, England, Stoke City",No
Alex Oxlade-Chamberlain,https://fbref.com/en/players/38c7feef/Alex-Oxlade-Chamberlain,2009,2025,"FW,MF","Arsenal, Liverpool, Beşiktaş, Southampton, England",No
Lewis Page,https://fbref.com/en/players/54d79726/Lewis-Page,2015,2026,"DF,MF","St Albans City, Exeter City, Harrogate Town FC, Charlton Athletic, Coventry City, Dagenham & Redbrid",Yes
Louis Page,https://fbref.com/en/players/431f4bf3/Louis-Page,2024,2026,DF,"Leicester City U21, Leicester City",Yes
Terry Paine,https://fbref.com/en/players/be276d89/Terry-Paine,1966,,"FW,MF",,No
Gary Pallister,https://fbref.com/en/players/f99beca9/Gary-Pallister,1992,2001,DF,"Manchester United, Middlesbrough",No
Carlton Palmer,https://fbref.com/en/players/45fdede4/Carlton-Palmer,1992,2006,MF,"Leeds United, Sheffield Wednesday, Stockport County, Southampton, Coventry City, Nottingham Forest,",No
Chris Palmer,https://fbref.com/en/players/2f1871e1/Chris-Palmer,2004,2014,"DF,MF","Notts County, Walsall, Burton Albion, Gillingham, Wycombe Wanderers, Tamworth, Darlington",No
Cole Palmer,https://fbref.com/en/players/dc7f8a28/Cole-Palmer,2019,2026,"FW,MF","Chelsea, England, Manchester City, Manchester City U23",Yes
Jessica Park,https://fbref.com/en/players/4a27340c/Jessica-Park,2018,2026,"FW,MF","Manchester United, England, Manchester City, Everton",Yes
Paul Parker,https://fbref.com/en/players/90464ad8/Paul-Parker,1990,1997,DF,"Manchester United, Sheffield United, England, Chelsea, Derby County, Fulham",No
Scott Parker,https://fbref.com/en/players/65faf2a1/Scott-Parker,1998,2017,MF,"Charlton Athletic, Fulham, West Ham United, Newcastle United, Tottenham Hotspur, Chelsea, England, N",No
Sonny Parker,https://fbref.com/en/players/c26b52f0/Sonny-Parker,2002,2004,DF,Bristol Rovers,No
Tom Parkes,https://fbref.com/en/players/87a8e452/Tom-Parkes,2009,2026,DF,"Hartlepool United, Bristol Rovers, Carlisle United, Exeter City, Leyton Orient, Burton Albion, Livin",Yes
Jack Parkinson,https://fbref.com/en/players/2753f0e5/Jack-Parkinson,2014,2017,MF,Maidstone United,No
Joe Parkinson,https://fbref.com/en/players/6782fb8f/Joe-Parkinson,1994,1997,MF,"Everton, Bournemouth, Wigan Athletic",No
Ray Parlour,https://fbref.com/en/players/d567e937/Ray-Parlour,1992,2007,MF,"Arsenal, Middlesbrough, Hull City",No
Matthew Parsons,https://fbref.com/en/players/1f291e4a/Matthew-Parsons,2010,2014,DF,"Plymouth Argyle, Barnet, Crystal Palace, Wycombe Wanderers",No
Jack Payne,https://fbref.com/en/players/c7010c0b/Jack-Payne,2008,2026,"DF,MF","Boreham Wood, Gillingham, Peterborough United, Eastleigh, Ebbsfleet United, Blackpool, Crawley Town,",Yes
Jack Payne,https://fbref.com/en/players/edfbda18/Jack-Payne,2013,2026,"FW,MF","Colchester United, Swindon Town, Southend United, Charlton Athletic, Bradford City, Milton Keynes Do",Yes
Joe Payne,https://fbref.com/en/players/2a7d71b0/Joe-Payne,2016,2019,DF,"Barnet, Solihull Moors",No
Josh Payne,https://fbref.com/en/players/de015490/Josh-Payne,2008,2022,MF,"Crawley Town, Woking, Eastleigh, Oxford United, Aldershot Town, Ebbsfleet United, Barnet, Cheltenham",No
Alan Peacock,https://fbref.com/en/players/097af907/Alan-Peacock,1962,,FW,,No
Anthony Peacock,https://fbref.com/en/players/fb5a8fa3/Anthony-Peacock,2005,2006,MF,Darlington,No
Stuart Pearce,https://fbref.com/en/players/39243ce6/Stuart-Pearce,1990,2002,DF,"Nottingham Forest, West Ham United, Newcastle United, Manchester City, England",No
James Pearson,https://fbref.com/en/players/44406487/James-Pearson,2013,2019,DF,"Macclesfield Town, Barnet, Wrexham, Carlisle United",No
Shaun Pearson,https://fbref.com/en/players/37ee52da/Shaun-Pearson,2011,2023,"DF,MF","Grimsby Town, Wrexham",No
George Pedley,https://fbref.com/en/players/54b71534/George-Pedley,2023,2024,GK,,No
Chris Perry,https://fbref.com/en/players/2f43aa1c/Chris-Perry,1993,2010,DF,"Wimbledon, Tottenham Hotspur, Charlton Athletic, Southampton, Luton Town, West Bromwich Albion",No
Taylor Perry,https://fbref.com/en/players/01ba3996/Taylor-Perry,2018,2026,MF,"Shrewsbury Town, Cheltenham Town, Wolverhampton Wanderers U23, Wolverhampton Wanderers",Yes
Mark Peters,https://fbref.com/en/players/4ac4a957/Mark-Peters,2002,2004,FW,Brentford,No
Martin Peters,https://fbref.com/en/players/408e0de5/Martin-Peters,1966,1970,MF,England,No
Mike Phelan,https://fbref.com/en/players/a3daa357/Mike-Phelan,1992,1994,MF,"West Bromwich Albion, Manchester United",No
Kalvin Phillips,https://fbref.com/en/players/4f565d77/Kalvin-Phillips,2014,2026,"DF,MF","Manchester City, Leeds United, England, Ipswich Town, West Ham United",Yes
Kevin Phillips,https://fbref.com/en/players/23d97ca1/Kevin-Phillips,1999,2014,FW,"Sunderland, West Bromwich Albion, Birmingham City, Southampton, Watford, Blackpool, Aston Villa, Cry",No
Kieran Phillips,https://fbref.com/en/players/95710a2c/Kieran-Phillips,2019,2020,FW,,No
Kieran Phillips,https://fbref.com/en/players/9f528b27/Kieran-Phillips,2019,2026,FW,"Ross County, Sacramento Republic, Walsall, Morecambe, Huddersfield Town, Exeter City, Shrewsbury Tow",Yes
Kieran Phillips,https://fbref.com/en/players/b6b4985b/Kieran-Phillips,2023,2024,FW,Kidderminster Harriers,No
Jordan Pickford,https://fbref.com/en/players/4806ec67/Jordan-Pickford,2011,2026,GK,"Everton, England, Sunderland, Bradford City, Preston North End, Carlisle United, Darlington, Burton",Yes
James Plant,https://fbref.com/en/players/09b62860/James-Plant,2022,2026,MF,"Port Vale, Yeovil Town",Yes
David Platt,https://fbref.com/en/players/eded06bf/David-Platt,1990,1998,MF,"Arsenal, Sampdoria, Bari, Juventus, England, Nottingham Forest, Aston Villa",No
Nick Pope,https://fbref.com/en/players/4b40d9ca/Nick-Pope,2012,2026,GK,"Newcastle United, Burnley, Charlton Athletic, York City, Bury, England, Cambridge United, Aldershot",Yes
Callum Powell,https://fbref.com/en/players/36614d8f/Callum-Powell,2016,2025,FW,"Southend United, Braintree Town",Yes
Chris Powell,https://fbref.com/en/players/721060d9/Chris-Powell,1996,2010,DF,"Charlton Athletic, Derby County, West Ham United, Leicester City, Watford",No
Jack Powell,https://fbref.com/en/players/ba2ac274/Jack-Powell,2015,2016,MF,,No
Jack Powell,https://fbref.com/en/players/be3c83a5/Jack-Powell,2014,2026,"DF,MF","Crewe Alexandra, Crawley Town, Ebbsfleet United, Maidstone United, Aldershot Town, Millwall, Braintr",Yes
David Pratt,https://fbref.com/en/players/0e438c6a/David-Pratt,2019,2020,FW,,No
John Pritchard,https://fbref.com/en/players/a33911c4/John-Pritchard,2013,2014,FW,,No
Aaron Ramsey,https://fbref.com/en/players/e1618c22/Aaron-Ramsey,2019,2026,MF,"Burnley, Leicester City, Aston Villa U23, Norwich City, Cheltenham Town, Middlesbrough",Yes
Alf Ramsey,https://fbref.com/en/players/fb327af2/Alf-Ramsey,1950,,DF,England,No
Marcus Rashford,https://fbref.com/en/players/a1d5bd30/Marcus-Rashford,2015,2026,"FW,MF","Manchester United, England, Barcelona, Aston Villa",Yes
Alex Read,https://fbref.com/en/players/f04319af/Alex-Read,2015,2016,MF,,No
Arthur Read,https://fbref.com/en/players/60f00734/Arthur-Read,2018,2026,MF,"Colchester United, Stevenage",Yes
Jamie Redknapp,https://fbref.com/en/players/c337443d/Jamie-Redknapp,1991,2005,MF,"Liverpool, Tottenham Hotspur, Southampton",No
Nathan Redmond,https://fbref.com/en/players/ab651565/Nathan-Redmond,2011,2025,"FW,MF","Southampton, Norwich City, Birmingham City, Beşiktaş, Burnley",No
Chris Regis,https://fbref.com/en/players/9178e0a6/Chris-Regis,2017,2018,MF,,No
Cyrille Regis,https://fbref.com/en/players/a11b6086/Cyrille-Regis,1992,1993,FW,"Wolverhampton Wanderers, Aston Villa",No
Paul Reid,https://fbref.com/en/players/25ee1a22/Paul-Reid,2002,2003,MF,"Oldham Athletic, Bradford City, Huddersfield Town, Swansea City",No
Paul Reid,https://fbref.com/en/players/b4ca388e/Paul-Reid,2001,2018,DF,"Barnsley, Scunthorpe United, Northampton Town, Eastleigh, Colchester United",No
Peter Reid,https://fbref.com/en/players/c44c56e1/Peter-Reid,1986,1994,MF,"Manchester City, Southampton, England",No
Jamie Reynolds,https://fbref.com/en/players/25a7390d/Jamie-Reynolds,2018,2020,MF,Tottenham Hotspur U23,No
Declan Rice,https://fbref.com/en/players/1c7012b8/Declan-Rice,2016,2026,"DF,MF","Arsenal, England, West Ham United, Republic of Ireland",Yes
Caleb Richards,https://fbref.com/en/players/0023854f/Caleb-Richards,2017,2026,DF,"Woking, Kidderminster Harriers, Tampa Bay Rowdies, Norwich City U23",Yes
Carlos Richards,https://fbref.com/en/players/5d9b5b6d/Carlos-Richards,2021,2024,FW,"Derby County U21, Derby County U23",No
Courtney Richards,https://fbref.com/en/players/8a52f259/Courtney-Richards,2017,2019,MF,Braintree Town,No
Garry Richards,https://fbref.com/en/players/8304ee91/Garry-Richards,2005,2012,DF,"Gillingham, Colchester United, Brentford, Southend United",No
Jack Richards,https://fbref.com/en/players/d764d12c/Jack-Richards,2016,2019,FW,Maidstone United,No
Jake Richards,https://fbref.com/en/players/a100d0b8/Jake-Richards,2023,2026,MF,"Luton Town, Exeter City",Yes
Jake Richards,https://fbref.com/en/players/e919c9c9/Jake-Richards,2014,2015,GK,,No
Jamie Richards,https://fbref.com/en/players/cba806d6/Jamie-Richards,2012,2018,DF,Dartford,No
Jordan Richards,https://fbref.com/en/players/70991c20/Jordan-Richards,2011,2025,"DF,MF","Hartlepool United, Fylde, Curzon Ashton FC, Southport",No
Jordan Richards,https://fbref.com/en/players/ed4a6fc0/Jordan-Richards,2016,2026,MF,"Boston United, King's Lynn Town FC, Sligo Rovers, Notts County",Yes
Joseph Richards,https://fbref.com/en/players/88bf6a2e/Joseph-Richards,2023,2025,MF,Leeds United U21,Yes
Justin Richards,https://fbref.com/en/players/1eebb934/Justin-Richards,2002,2016,FW,"Kidderminster Harriers, Burton Albion, Cheltenham Town, Port Vale, Oxford United, Tamworth, Peterbor",No
Marc Richards,https://fbref.com/en/players/e9391cde/Marc-Richards,2001,2020,FW,"Northampton Town, Port Vale, Chesterfield, Barnsley, Swindon Town, Cambridge United, Swansea City, Y",No
Matt Richards,https://fbref.com/en/players/427bceb7/Matt-Richards,2002,2016,MF,"Ipswich Town, Cheltenham Town, Walsall, Shrewsbury Town, Brighton & Hove Albion, Dagenham & Redbridg",No
Matt Richards,https://fbref.com/en/players/6fb64221/Matt-Richards,2021,2025,MF,"West Bromwich Albion U21, West Bromwich Albion U23",No
Matt Richards,https://fbref.com/en/players/ccc1e932/Matt-Richards,2008,2009,MF,,No
Micah Richards,https://fbref.com/en/players/ff87875a/Micah-Richards,2005,2018,DF,"Manchester City, Aston Villa, Fiorentina, England",No
Barry Richardson,https://fbref.com/en/players/56443e59/Barry-Richardson,2009,2018,"FW,GK",,No
Ian Richardson,https://fbref.com/en/players/1b214bd4/Ian-Richardson,2002,2005,"DF,MF","Notts County, Birmingham City",No
Jayden Richardson,https://fbref.com/en/players/bef9db76/Jayden-Richardson,2019,2026,"DF,MF","St Mirren, Forest Green Rovers, Notts County, Aberdeen, Exeter City, Stockport County, Colchester Un",Yes
Jon Richardson,https://fbref.com/en/players/49d2543b/Jon-Richardson,2006,2008,DF,Exeter City,No
Kane Richardson,https://fbref.com/en/players/9e190b20/Kane-Richardson,2024,2026,MF,Rotherham United,Yes
Kenton Richardson,https://fbref.com/en/players/6ee319a2/Kenton-Richardson,2016,2026,"DF,MF","Gateshead, Hartlepool United, Sunderland U23",Yes
Kevin Richardson,https://fbref.com/en/players/cffbb5c8/Kevin-Richardson,1990,1998,MF,"Aston Villa, Coventry City, Real Sociedad, Barnsley, Southampton, Blackpool",No
Kieran Richardson,https://fbref.com/en/players/d2bf40b4/Kieran-Richardson,2002,2017,"DF,MF","Sunderland, Manchester United, Fulham, Aston Villa, West Bromwich Albion, Cardiff City, England",No
Mark Ricketts,https://fbref.com/en/players/427ca539/Mark-Ricketts,2005,2023,"DF,MF","Boreham Wood, Woking, Ebbsfleet United, Milton Keynes Dons",No
Michael Ricketts,https://fbref.com/en/players/3099ed37/Michael-Ricketts,2001,2010,FW,"Bolton Wanderers, Walsall, Burnley, Middlesbrough, Stoke City, Preston North End, Tranmere Rovers, O",No
Stuart Ripley,https://fbref.com/en/players/6516188c/Stuart-Ripley,1992,2002,"FW,MF","Blackburn Rovers, Southampton, Barnsley, Sheffield Wednesday",No
Billy Roast,https://fbref.com/en/players/1eddaa56/Billy-Roast,2020,2021,DF,,No
Alfie Roberts,https://fbref.com/en/players/5a5b5859/Alfie-Roberts,2021,2023,GK,,No
Ben Roberts,https://fbref.com/en/players/c6816db7/Ben-Roberts,1996,2011,GK,"Brighton & Hove Albion, Luton Town, Middlesbrough, Reading",No
Cal Roberts,https://fbref.com/en/players/8e9caf48/Cal-Roberts,2014,2026,"FW,MF","Scunthorpe United, Notts County, Newcastle United U23, Kilmarnock, Colchester United, Aberdeen, Gate",Yes
Caleb Roberts,https://fbref.com/en/players/639ec231/Caleb-Roberts,2022,2026,MF,Plymouth Argyle,Yes
Callum Roberts,https://fbref.com/en/players/97ce9006/Callum-Roberts,2016,2017,DF,,Yes
Connor Roberts,https://fbref.com/en/players/698fbe50/Connor-Roberts,2014,2025,DF,,No
Conor Roberts,https://fbref.com/en/players/485b3dbf/Conor-Roberts,2014,2015,MF,,No
Gary Roberts,https://fbref.com/en/players/245c2093/Gary-Roberts,2006,2021,MF,"Huddersfield Town, Chesterfield, Portsmouth, Wigan Athletic, Ipswich Town, Swindon Town, Accrington",No
Gary Roberts,https://fbref.com/en/players/63dabe1e/Gary-Roberts,2003,2018,MF,"Crewe Alexandra, Port Vale, Yeovil Town, Mansfield Town, Rotherham United, Chester",No
Harrison Roberts,https://fbref.com/en/players/cda4935a/Harrison-Roberts,2022,,MF,,No
Haydon Roberts,https://fbref.com/en/players/a731e8a0/Haydon-Roberts,2018,2026,"DF,MF","Bristol City, Derby County, Brighton & Hove Albion U23, Rochdale, Brighton & Hove Albion",Yes
Theo Roberts,https://fbref.com/en/players/60e10cb3/Theo-Roberts,2016,2017,GK,,No
Charley Robertson,https://fbref.com/en/players/267907f6/Charley-Robertson,2014,2015,MF,,No
Jack Robinson,https://fbref.com/en/players/7399c7a8/Jack-Robinson,2009,2026,DF,"Sheffield United, Birmingham City, Nottingham Forest, Queens Park Rangers, Blackpool, Huddersfield T",Yes
Jack Robinson,https://fbref.com/en/players/df25cb0e/Jack-Robinson,2018,2025,DF,"Carlisle United, Middlesbrough U23, Yeovil Town, Middlesbrough U21, Hartlepool United",Yes
Jake Robinson,https://fbref.com/en/players/3c5c777f/Jake-Robinson,2003,2024,"FW,MF","Brighton & Hove Albion, Northampton Town, Shrewsbury Town, Torquay United, Aldershot Town, Maidstone",No
James Robinson,https://fbref.com/en/players/2a3ccc19/James-Robinson,2002,2010,"FW,MF","Perth Glory, North Queensland Fury, Crewe Alexandra, Melbourne Victory",No
Jay Robinson,https://fbref.com/en/players/2a616c85/Jay-Robinson,2022,2026,MF,"Southampton, Southampton U21",Yes
Joe Robinson,https://fbref.com/en/players/10ecc278/Joe-Robinson,2015,2016,DF,Woking,No
Josh Robinson,https://fbref.com/en/players/5260ea6b/Josh-Robinson,2022,2025,DF,Arsenal U21,Yes
Junior Robinson,https://fbref.com/en/players/ecb01ccb/Junior-Robinson,2022,2026,DF,"West Ham United U21, Livingston",Yes
Paul Robinson,https://fbref.com/en/players/3515ba56/Paul-Robinson,1998,2017,GK,"Blackburn Rovers, Tottenham Hotspur, Leeds United, England, Burnley",No
Paul Robinson,https://fbref.com/en/players/80cdbbe1/Paul-Robinson,1999,2018,DF,"Watford, West Bromwich Albion, Birmingham City, Bolton Wanderers, Leeds United",No
Paul Robinson,https://fbref.com/en/players/8da7edcc/Paul-Robinson,2002,2019,DF,"Millwall, AFC Wimbledon, Portsmouth, Havant & Water, Torquay United",No
Paul Robinson,https://fbref.com/en/players/a1a9da94/Paul-Robinson,1999,2006,FW,"Hartlepool United, Torquay United, Grimsby Town, Newcastle United, Blackpool, Dundee United, Carlisl",No
Paul Robinson,https://fbref.com/en/players/c4835d80/Paul-Robinson,2004,2005,"FW,MF",,No
Phil Robinson,https://fbref.com/en/players/aa5aa87a/Phil-Robinson,2007,2008,MF,"Huddersfield Town, Stoke City, Blackpool",No
Ryan Robinson,https://fbref.com/en/players/08487163/Ryan-Robinson,2003,2011,GK,"Forest Green Rovers, Bath City, Southport, Morecambe",No
Bobby Robson,https://fbref.com/en/players/33114714/Bobby-Robson,1958,1962,"FW,MF",England,No
Bryan Robson,https://fbref.com/en/players/40d8240b/Bryan-Robson,1982,1997,MF,"Manchester United, Middlesbrough, England",No
Paul Robson,https://fbref.com/en/players/db448b5c/Paul-Robson,2010,2013,DF,"Lincoln City, Crystal Palace Baltimore, Newport County",No
David Rocastle,https://fbref.com/en/players/e52cce17/David-Rocastle,1991,1996,MF,"Chelsea, Leeds United, Manchester City, Norwich City, Hull City, Arsenal",No
Jay Rodriguez,https://fbref.com/en/players/4ab53cdb/Jay-Rodriguez,2007,2025,"FW,MF","Burnley, Southampton, West Bromwich Albion, Wrexham, Stirling Albion, Barnsley",Yes
Jack Rodwell,https://fbref.com/en/players/a07579ee/Jack-Rodwell,2007,2024,"DF,MF","Everton, Sunderland, Blackburn Rovers, Manchester City, Sydney FC, Western Sydney Wanderers, Sunderl",No
Jim Rodwell,https://fbref.com/en/players/e14d9adb/Jim-Rodwell,2002,2003,DF,Boston United,No
Wayne Rooney,https://fbref.com/en/players/f07be45a/Wayne-Rooney,2002,2021,"FW,MF","Manchester United, Everton, England, D.C. United, Derby County",No
Danny Rose,https://fbref.com/en/players/75f29040/Danny-Rose,2006,2021,MF,"Oxford United, Newport County, Portsmouth, Aldershot Town, Swindon Town, Grimsby Town, Northampton T",No
Danny Rose,https://fbref.com/en/players/89d10e53/Danny-Rose,2008,2022,"DF,MF","Tottenham Hotspur, England, Sunderland, Bristol City, Watford, Newcastle United, Peterborough United",No
Danny Rose,https://fbref.com/en/players/d08e15e1/Danny-Rose,2010,2026,FW,"Grimsby Town, Mansfield Town, Northampton Town, Bury, Stevenage, Barnsley",Yes
Aaron Rowe,https://fbref.com/en/players/4b6bcb0d/Aaron-Rowe,2018,2026,MF,"Gillingham, Crewe Alexandra, Huddersfield Town",Yes
Danny Rowe,https://fbref.com/en/players/4f6203ea/Danny-Rowe,2008,2022,MF,"Macclesfield Town, Stockport County, Barrow, Lincoln City, Ipswich Town, Burton Albion",No
Danny Rowe,https://fbref.com/en/players/ad63d5c3/Danny-Rowe,2014,2023,"FW,MF","Fylde, Oldham Athletic, Chesterfield, Bradford City, York City",No
Joe Rowley,https://fbref.com/en/players/73a5190e/Joe-Rowley,2016,2026,MF,"Scunthorpe United, Chesterfield, Fylde, King's Lynn Town FC",Yes
Chris Rowney,https://fbref.com/en/players/876805e7/Chris-Rowney,2009,2010,MF,,No
Chris Rowney,https://fbref.com/en/players/c07dc59e/Chris-Rowney,2016,2017,,,No
Jonathan Royle,https://fbref.com/en/players/d5b959d4/Jonathan-Royle,2016,2018,MF,,No
Neil Ruddock,https://fbref.com/en/players/8533db00/Neil-Ruddock,1992,2000,DF,"Liverpool, West Ham United, Tottenham Hotspur, Crystal Palace, Swindon Town, Queens Park Rangers",No
John Ruddy,https://fbref.com/en/players/da8b19e2/John-Ruddy,2003,2025,GK,"Norwich City, Birmingham City, Wolverhampton Wanderers, Cambridge United, Motherwell, Stockport Coun",Yes
Joe Rye,https://fbref.com/en/players/54649cde/Joe-Rye,2023,2026,DF,"Tamworth, Barnet",Yes
John Salako,https://fbref.com/en/players/2749f5b7/John-Salako,1992,2005,MF,"Reading, Crystal Palace, Coventry City, Charlton Athletic, Brentford, Fulham, Bolton Wanderers",No
Mark Salter,https://fbref.com/en/players/e3820db7/Mark-Salter,2002,2003,FW,Southend United,No
Jadon Sancho,https://fbref.com/en/players/dbf053da/Jadon-Sancho,2016,2026,"FW,MF","Aston Villa, Borussia Dortmund, Manchester United, Chelsea, England, Manchester City U23",Yes
Jordan Sanderson,https://fbref.com/en/players/f2b53b49/Jordan-Sanderson,2013,2014,MF,,No
Kenny Sansom,https://fbref.com/en/players/bc5b0493/Kenny-Sansom,1982,1993,DF,"Coventry City, England, Brentford, Everton",No
John Scales,https://fbref.com/en/players/1c67bd76/John-Scales,1992,2001,DF,"Wimbledon, Liverpool, Tottenham Hotspur",No
Paul Scholes,https://fbref.com/en/players/24a3a72c/Paul-Scholes,1994,2013,MF,"Manchester United, England",No
Jill Scott,https://fbref.com/en/players/bb3bd078/Jill-Scott,2007,2023,MF,"Manchester City, England, Everton, Great Britain, Aston Villa",No
Laurie Scott,https://fbref.com/en/players/104dd2e8/Laurie-Scott,1950,,DF,,No
David Seaman,https://fbref.com/en/players/2d578837/David-Seaman,1990,2004,GK,"Arsenal, Manchester City, England",No
Danny Senda,https://fbref.com/en/players/73f95e18/Danny-Senda,2002,2012,DF,"Wycombe Wanderers, Millwall, Barnet, Bristol Rovers",No
James Sharp,https://fbref.com/en/players/b84c0d21/James-Sharp,2005,2007,DF,"Torquay United, Rochdale",No
Lee Sharpe,https://fbref.com/en/players/2143398b/Lee-Sharpe,1992,2003,MF,"Manchester United, Bradford City, Leeds United, Portsmouth, Exeter City, Sampdoria",No
Lee Shaw,https://fbref.com/en/players/45e35c22/Lee-Shaw,2018,2019,FW,Chesterfield,No
Liam Shaw,https://fbref.com/en/players/f17ba2da/Liam-Shaw,2018,2025,MF,"Morecambe, Sheffield Wednesday, Wigan Athletic, Fleetwood Town, Northampton Town, Motherwell, Cheste",Yes
Luke Shaw,https://fbref.com/en/players/3bbbbc3e/Luke-Shaw,2022,2023,MF,,No
Luke Shaw,https://fbref.com/en/players/9c94165b/Luke-Shaw,2012,2026,"DF,MF","Manchester United, Southampton, England, Manchester United U23",Yes
Ryan Shawcross,https://fbref.com/en/players/285a3d44/Ryan-Shawcross,2007,2021,DF,"Stoke City, Inter Miami, Stoke City U23",No
Alan Shearer,https://fbref.com/en/players/438b3a51/Alan-Shearer,1992,2006,FW,"Newcastle United, Blackburn Rovers, England",No
Lee Shearer,https://fbref.com/en/players/b4ea99d1/Lee-Shearer,2003,2004,DF,,No
George Shelvey,https://fbref.com/en/players/5ab61aea/George-Shelvey,2019,2026,GK,"Gateshead, Nottingham Forest U21, Dundalk FC, Nottingham Forest U23, Wealdstone FC",Yes
Jonjo Shelvey,https://fbref.com/en/players/3727dd3c/Jonjo-Shelvey,2007,2025,MF,"Newcastle United, Swansea City, Liverpool, Charlton Athletic, Rizespor, Blackpool, Nottingham Forest",No
Teddy Sheringham,https://fbref.com/en/players/4e56eef6/Teddy-Sheringham,1992,2008,FW,"Tottenham Hotspur, Manchester United, West Ham United, Portsmouth, Colchester United, England, Notti",No
Tim Sherwood,https://fbref.com/en/players/885f0b51/Tim-Sherwood,1992,2005,MF,"Blackburn Rovers, Tottenham Hotspur, Portsmouth, Coventry City",No
Peter Shilton,https://fbref.com/en/players/9ee3b365/Peter-Shilton,1982,1990,GK,England,No
Nicky Shorey,https://fbref.com/en/players/9665e2ea/Nicky-Shorey,2002,2016,"DF,MF","Reading, West Bromwich Albion, Portsmouth, Aston Villa, Colchester United, Pune City, Bristol City,",No
Ellis Simms,https://fbref.com/en/players/26d3b5be/Ellis-Simms,2017,2026,FW,"Coventry City, Everton U23, Blackpool, Sunderland, Heart of Midlothian, Everton",Yes
Jack Simpson,https://fbref.com/en/players/76fa5f80/Jack-Simpson,2015,2026,DF,"Leyton Orient, Bournemouth, Cardiff City, Rangers",Yes
Jake Simpson,https://fbref.com/en/players/74f64fdd/Jake-Simpson,2009,2011,MF,"Stockport County, Shrewsbury Town",No
Jay Simpson,https://fbref.com/en/players/fe9c9bfc/Jay-Simpson,2007,2019,"FW,MF","Leyton Orient, Hull City, Millwall, Queens Park Rangers, Philadelphia Union, West Bromwich Albion",No
Jessica Simpson,https://fbref.com/en/players/2d10dbfa/Jessica-Simpson,2023,2025,DF,,Yes
Jordan Simpson,https://fbref.com/en/players/a7c85a37/Jordan-Simpson,2016,2021,MF,,No
Josh Simpson,https://fbref.com/en/players/ded86fdd/Josh-Simpson,2006,2016,MF,"Crawley Town, Histon, Plymouth Argyle, Peterborough United, Cambridge United, Southend United",No
Tony Sinclair,https://fbref.com/en/players/e974af38/Tony-Sinclair,2010,2012,DF,"Lincoln City, Gillingham",No
Trevor Sinclair,https://fbref.com/en/players/d2f7373c/Trevor-Sinclair,1993,2008,MF,"West Ham United, Queens Park Rangers, Manchester City, Blackpool, Cardiff City, England",No
Tyrese Sinclair,https://fbref.com/en/players/501dedfd/Tyrese-Sinclair,2019,2026,"FW,MF","York City, Solihull Moors, Rochdale, Mansfield Town, Scunthorpe United, Altrincham",Yes
Andy Sinton,https://fbref.com/en/players/d74cafe4/Andy-Sinton,1992,2002,MF,"Tottenham Hotspur, Wolverhampton Wanderers, Sheffield Wednesday, Queens Park Rangers",No
Chris Smalling,https://fbref.com/en/players/b6964eb6/Chris-Smalling,2008,2026,DF,"Manchester United, Al-Fayha, Roma, England, Fulham",Yes
Adam Smith,https://fbref.com/en/players/1ad65f7e/Adam-Smith,2006,2007,DF,Peterborough United,No
Adam Smith,https://fbref.com/en/players/20b104bc/Adam-Smith,2009,2026,"DF,MF","Bournemouth, Millwall, Milton Keynes Dons, Torquay United, Derby County, Leeds United, Wycombe Wande",Yes
Adam Smith,https://fbref.com/en/players/8d2b83b5/Adam-Smith,2003,2017,MF,"FC Halifax Town, Chesterfield, York City, Mansfield Town, Lincoln City, Guiseley, Wrexham, Aldershot",No
Adam Smith,https://fbref.com/en/players/9425d9bf/Adam-Smith,2012,2026,GK,"Hartlepool United, Northampton Town, Yeovil Town, Bristol Rovers, Morecambe, Stevenage, Forest Green",Yes
Adie Smith,https://fbref.com/en/players/8a44cc88/Adie-Smith,2002,2007,DF,"Kidderminster Harriers, Tamworth",No
Alan Smith,https://fbref.com/en/players/0b7b04d2/Alan-Smith,1991,1995,FW,Arsenal,No
Alan Smith,https://fbref.com/en/players/fdac06ea/Alan-Smith,1998,2018,"FW,MF","Leeds United, Notts County, Newcastle United, Manchester United, Milton Keynes Dons, England",No
Alex Smith,https://fbref.com/en/players/1c8af6eb/Alex-Smith,2012,2017,DF,"Swindon Town, Woking, Yeovil Town",No
Alex Smith,https://fbref.com/en/players/8d8d5ea8/Alex-Smith,2011,2013,"FW,MF",Wellington Phoenix,No
Alex Smith,https://fbref.com/en/players/e17de3bd/Alex-Smith,2002,2007,"DF,MF","Wrexham, Swindon Town, Reading, Shrewsbury Town, Southport, Huddersfield Town",No
Andrew Smith,https://fbref.com/en/players/b344708e/Andrew-Smith,2007,2009,FW,,No
Ashley Smith,https://fbref.com/en/players/8d1df117/Ashley-Smith,2015,2016,MF,,No
Bailey Smith,https://fbref.com/en/players/893419fc/Bailey-Smith,2023,2024,FW,Brighton & Hove Albion U21,No
Ben Smith,https://fbref.com/en/players/9a42b75f/Ben-Smith,2004,2012,MF,"Hereford United, Crawley Town, Weymouth, Shrewsbury Town, Aldershot Town, Kettering Town",No
Ben Smith,https://fbref.com/en/players/c470af2c/Ben-Smith,2006,2013,GK,"Shrewsbury Town, Doncaster Rovers, Lincoln City, Morecambe",No
Bobby Smith,https://fbref.com/en/players/36a8eb8b/Bobby-Smith,1958,,FW,,No
Cain Smith,https://fbref.com/en/players/8d7fef04/Cain-Smith,2015,2016,MF,,No
Callum Smith,https://fbref.com/en/players/3a1858b7/Callum-Smith,2017,2018,MF,Newcastle United U23,No
Charlie Smith,https://fbref.com/en/players/3260fb3e/Charlie-Smith,2018,2019,MF,,No
Charlie Smith,https://fbref.com/en/players/d3621444/Charlie-Smith,2025,2026,MF,Derby County U21,Yes
Chris Smith,https://fbref.com/en/players/9f084764/Chris-Smith,2008,2021,DF,"Ayr United, King's Lynn Town FC, Greenock Morton, Falkirk, Aldershot Town",No
Chris Smith,https://fbref.com/en/players/d96b8049/Chris-Smith,2002,2015,DF,"York City, Tamworth, Mansfield Town, FC Halifax Town, Alfreton Town",No
Christian Smith,https://fbref.com/en/players/878b5a4f/Christian-Smith,2006,2021,MF,"Wrexham, Maidenhead United, Clyde, Telford United, Barrow",No
Connor Smith,https://fbref.com/en/players/e6569b54/Connor-Smith,2014,2024,MF,Hartlepool United,No
Connor Smith,https://fbref.com/en/players/f727e89a/Connor-Smith,2022,2023,MF,,No
Gary Smith,https://fbref.com/en/players/0046ca2e/Gary-Smith,2003,2011,MF,"Milton Keynes Dons, Darlington, Brentford, Wimbledon",No
George Smith,https://fbref.com/en/players/2d23ed56/George-Smith,2014,2020,"DF,FW","Barnsley, Gateshead, Harrogate Town FC, Chesterfield, Northampton Town, Dover Athletic, Crawley Town",No
George Smith,https://fbref.com/en/players/a55b5a8c/George-Smith,2015,2016,MF,,No
George Smith,https://fbref.com/en/players/a730db81/George-Smith,2024,2025,DF,,No
Grant Smith,https://fbref.com/en/players/a289aca0/Grant-Smith,2016,2026,GK,"Bromley, Boreham Wood, Yeovil Town, Lincoln City, Chesterfield, Maidstone United",Yes
Harrison Smith,https://fbref.com/en/players/275cb664/Harrison-Smith,2023,2026,FW,St Albans City,Yes
Harry Smith,https://fbref.com/en/players/83f19532/Harry-Smith,2016,2026,FW,"Swindon Town, Leyton Orient, Macclesfield Town, Sutton United, Northampton Town, Barnet, Millwall, M",Yes
Harvey Smith,https://fbref.com/en/players/4787bf13/Harvey-Smith,2020,2021,DF,Chorley FC,No
Jack Smith,https://fbref.com/en/players/14289cde/Jack-Smith,2002,2015,DF,"Swindon Town, Millwall, Watford, AFC Wimbledon",No
Jack Smith,https://fbref.com/en/players/534b6be3/Jack-Smith,2018,2022,MF,Stevenage,No
Jack Smith,https://fbref.com/en/players/69de96da/Jack-Smith,2016,2017,MF,,No
Jack Smith,https://fbref.com/en/players/e8b08939/Jack-Smith,2019,2021,GK,,No
Jackson Smith,https://fbref.com/en/players/15fdac60/Jackson-Smith,2019,2025,GK,"Walsall, Grimsby Town, Barnsley, Wolverhampton Wanderers U21",Yes
James Smith,https://fbref.com/en/players/6c0f4106/James-Smith,2006,2014,DF,"Southport, Altrincham, Ebbsfleet United, Stockport County",No
Jamie Smith,https://fbref.com/en/players/13566416/Jamie-Smith,2016,2017,MF,,No
Jamie Smith,https://fbref.com/en/players/35b9ebac/Jamie-Smith,1997,2007,DF,"Crystal Palace, Wolverhampton Wanderers, Bristol City, Milton Keynes Dons, Brentford, Fulham",No
Jamie Smith,https://fbref.com/en/players/56386ff5/Jamie-Smith,2009,2012,MF,Brighton & Hove Albion,No
Jamie Smith,https://fbref.com/en/players/63de128b/Jamie-Smith,2015,2016,DF,,No
Jason Smith,https://fbref.com/en/players/c5893726/Jason-Smith,2002,2003,DF,Swansea City,No
Jay Smith,https://fbref.com/en/players/b5403cd7/Jay-Smith,2002,2007,DF,"Brentford, Grays Athletic",No
Jay Smith,https://fbref.com/en/players/f729ed77/Jay-Smith,2002,2013,MF,"Tamworth, Southend United, Notts County, Telford United, Oxford United",No
Jed Smith,https://fbref.com/en/players/102babd1/Jed-Smith,2024,,DF,,No
Jeff Smith,https://fbref.com/en/players/d723710b/Jeff-Smith,2001,2010,"DF,MF","Port Vale, Carlisle United, Darlington, Preston North End",No
Jimmy Smith,https://fbref.com/en/players/5ed1816c/Jimmy-Smith,2005,2022,MF,"Crawley Town, Leyton Orient, Yeovil Town, Stevenage, Queens Park Rangers, Sheffield Wednesday, Norwi",No
Jon Smith,https://fbref.com/en/players/5d957be9/Jon-Smith,2018,2019,DF,,No
Jonathan Smith,https://fbref.com/en/players/221b201f/Jonathan-Smith,2007,2021,"DF,MF","Luton Town, Forest Green Rovers, Chesterfield, York City, Stevenage, Swindon Town",No
Jonathan Smith,https://fbref.com/en/players/ba249f27/Jonathan-Smith,2007,2008,FW,,No
Jonny Smith,https://fbref.com/en/players/4a20310b/Jonny-Smith,2015,2026,"FW,MF","Wigan Athletic, Gillingham, Burton Albion, Fylde, Tranmere Rovers, Oldham Athletic, Swindon Town, Ch",Yes
Jordan Smith,https://fbref.com/en/players/0a0c49ee/Jordan-Smith,2016,2017,FW,,No
Jordan Smith,https://fbref.com/en/players/cfca9c4e/Jordan-Smith,2016,2026,GK,"Hibernian, Nottingham Forest, Mansfield Town, Nottingham Forest U23",Yes
Joshua Smith,https://fbref.com/en/players/502e321f/Joshua-Smith,2023,2025,MF,Woking,No
Joshua Smith,https://fbref.com/en/players/ff8d285d/Joshua-Smith,2016,2017,GK,,No
Lance Smith,https://fbref.com/en/players/40ad836f/Lance-Smith,2017,2018,FW,Hereford,No
Lawrence Smith,https://fbref.com/en/players/ba6a985c/Lawrence-Smith,2018,2019,MF,,No
Lewis Smith,https://fbref.com/en/players/d05a000c/Lewis-Smith,2014,2015,FW,,No
Liam Smith,https://fbref.com/en/players/cd113188/Liam-Smith,2015,2018,MF,Blackpool,No
Libby Smith,https://fbref.com/en/players/dca829b0/Libby-Smith,2021,2022,FW,Birmingham City,No
Luke Smith,https://fbref.com/en/players/ba7d1288/Luke-Smith,2025,,MF,Colorado Rush,Yes
Reece Smith,https://fbref.com/en/players/d23cc8c6/Reece-Smith,2019,2026,MF,"Harrogate Town FC, Maidenhead United",Yes
Richard Smith,https://fbref.com/en/players/0e0006a4/Richard-Smith,1994,1995,DF,Leicester City,No
Richard Smith,https://fbref.com/en/players/8580280e/Richard-Smith,2014,2015,DF,,No
Ryan Smith,https://fbref.com/en/players/0769f566/Ryan-Smith,2005,2015,"FW,MF","Kansas City Wizards, Nuneaton Town, Millwall, Chivas USA, Leicester City, Derby County, Southampton,",No
Sam Smith,https://fbref.com/en/players/11d4b07d/Sam-Smith,2014,2016,FW,Telford United,No
Sam Smith,https://fbref.com/en/players/231a0b44/Sam-Smith,2016,2026,"FW,MF","Wrexham, Cambridge United, Reading, Cheltenham Town, Oxford United, Reading U23, Tranmere Rovers, Sh",Yes
Sam Smith,https://fbref.com/en/players/fcc3fe44/Sam-Smith,2023,2025,DF,,No
Scott Smith,https://fbref.com/en/players/556ca077/Scott-Smith,2018,2019,MF,,No
Shaun Smith,https://fbref.com/en/players/9cc428b1/Shaun-Smith,2001,2004,DF,"Crewe Alexandra, Hull City, Rochdale, Stockport County, Carlisle United",No
Solomon Smith,https://fbref.com/en/players/2043133e/Solomon-Smith,2022,2024,FW,Maidstone United,No
Stephen Smith,https://fbref.com/en/players/1a165177/Stephen-Smith,2003,2008,MF,Cambridge United,No
Sue Smith,https://fbref.com/en/players/f61b084c/Sue-Smith,2001,2009,"FW,MF",England,No
Ted Smith,https://fbref.com/en/players/ed97ffd3/Ted-Smith,2014,2019,GK,Southend United,No
Terry Smith,https://fbref.com/en/players/fa2f921f/Terry-Smith,2006,2007,GK,Southport,No
Timmy Smith,https://fbref.com/en/players/94bd67a2/Timmy-Smith,2021,2022,GK,,No
Tom Smith,https://fbref.com/en/players/4bae7c12/Tom-Smith,2014,2021,MF,"Swindon Town, Dagenham & Redbridge",No
Tom Smith,https://fbref.com/en/players/6143cc51/Tom-Smith,2018,2026,GK,"Colchester United, Bromley, Arsenal U23",Yes
Tommy Smith,https://fbref.com/en/players/066be641/Tommy-Smith,1999,2015,"FW,MF","Watford, Derby County, Queens Park Rangers, Sunderland, Brentford, Cardiff City, Portsmouth",No
Tommy Smith,https://fbref.com/en/players/e9208654/Tommy-Smith,2013,2024,"DF,MF","Huddersfield Town, Stoke City, Middlesbrough",No
Tyler Smith,https://fbref.com/en/players/c4cd16e5/Tyler-Smith,2018,2026,FW,"Rochdale, Bradford City, Barrow, Hull City, Bristol Rovers, Swindon Town, Doncaster Rovers, Oxford U",Yes
Will Smith,https://fbref.com/en/players/2a29198c/Will-Smith,2016,2026,"DF,MF","FC Halifax Town, Harrogate Town FC, York City, Scunthorpe United",Yes
David Soames,https://fbref.com/en/players/9e58aa8a/David-Soames,2002,2005,FW,Grimsby Town,No
Dominic Solanke,https://fbref.com/en/players/e77dc3b2/Dominic-Solanke,2014,2026,FW,"Tottenham Hotspur, Bournemouth, Liverpool, Vitesse, Chelsea U23, Liverpool U23, England",Yes
Gareth Southgate,https://fbref.com/en/players/a29c3ed6/Gareth-Southgate,1992,2006,DF,"Aston Villa, Middlesbrough, Crystal Palace, England",No
Daniel Spence,https://fbref.com/en/players/b2f834e1/Daniel-Spence,2014,2019,DF,Sutton United,No
Djed Spence,https://fbref.com/en/players/9bc9a519/Djed-Spence,2017,2026,"DF,MF","Tottenham Hotspur, England, Middlesbrough, Nottingham Forest, Middlesbrough U23, Genoa, Rennes, Leed",Yes
Jordan Spence,https://fbref.com/en/players/f7780381/Jordan-Spence,2008,2020,DF,"Milton Keynes Dons, Ipswich Town, Bristol City, Leyton Orient, Scunthorpe United, West Ham United, S",No
Nigel Spink,https://fbref.com/en/players/cbdaf1c1/Nigel-Spink,1990,1996,GK,"Aston Villa, West Bromwich Albion",No
Alex Stepney,https://fbref.com/en/players/ec210c90/Alex-Stepney,1970,,GK,,No
Mel Sterland,https://fbref.com/en/players/0eadf9a6/Mel-Sterland,1992,1993,DF,Leeds United,No
Raheem Sterling,https://fbref.com/en/players/b400bde0/Raheem-Sterling,2011,2025,"FW,MF","Manchester City, Liverpool, Chelsea, England, Arsenal",No
Trevor Steven,https://fbref.com/en/players/df7b1ad8/Trevor-Steven,1986,1997,"FW,MF","Rangers, England, Marseille",No
Gary Stevens,https://fbref.com/en/players/001cef58/Gary-Stevens,1986,1994,DF,"Rangers, England",No
Gary Stevens,https://fbref.com/en/players/80ee5db0/Gary-Stevens,1986,,"DF,MF",,No
Jason Stewart Hart,https://fbref.com/en/players/f01a776b/Jason-Stewart-Hart,2019,2020,FW,Punjab,No
Jack Stewart,https://fbref.com/en/players/23df955d/Jack-Stewart,2016,2017,MF,,No
Jak Stewart,https://fbref.com/en/players/1eaa4fa6/Jak-Stewart,2021,2023,GK,,No
Jon Stewart,https://fbref.com/en/players/8f91af66/Jon-Stewart,2007,2018,GK,"Alfreton Town, Weymouth, Bournemouth",No
Jordan Stewart,https://fbref.com/en/players/99bd8581/Jordan-Stewart,1999,2017,"DF,MF","Leicester City, Watford, San Jose Earthquakes, Derby County, Sheffield United, Phoenix Rising, Skoda",No
Josh Stewart,https://fbref.com/en/players/98aa635c/Josh-Stewart,2022,2023,DF,,No
Paul Stewart,https://fbref.com/en/players/91aca8f3/Paul-Stewart,1992,1997,"FW,MF","Sunderland, Liverpool, Stoke City, Crystal Palace, Wolverhampton Wanderers, Burnley",No
Nobby Stiles,https://fbref.com/en/players/82e72bb0/Nobby-Stiles,1966,1970,"DF,MF",England,No
Charlie Stimson,https://fbref.com/en/players/5408a96a/Charlie-Stimson,2010,2011,FW,Barnet,No
Steve Stone,https://fbref.com/en/players/4592c48e/Steve-Stone,1992,2007,MF,"Nottingham Forest, Aston Villa, Portsmouth, Leeds United",No
John Stones,https://fbref.com/en/players/5eecec3d/John-Stones,2011,2026,DF,"Manchester City, England, Everton, Barnsley",Yes
Josh Stones,https://fbref.com/en/players/b55820e5/Josh-Stones,2021,2026,FW,"York City, Wigan Athletic, Oldham Athletic, Ross County",Yes
Daniel Sturridge,https://fbref.com/en/players/1b7ec703/Daniel-Sturridge,2006,2022,"FW,MF","Liverpool, Chelsea, Manchester City, England, Trabzonspor, Bolton Wanderers, Perth Glory, West Bromw",No
Dean Sturridge,https://fbref.com/en/players/70e13fa1/Dean-Sturridge,1996,2007,FW,"Derby County, Wolverhampton Wanderers, Leicester City, Queens Park Rangers, Kidderminster Harriers,",No
Chris Sutton,https://fbref.com/en/players/83c38e36/Chris-Sutton,1992,2007,"DF,FW","Celtic, Blackburn Rovers, Norwich City, Chelsea, Birmingham City, Aston Villa",No
George Taft,https://fbref.com/en/players/638de2eb/George-Taft,2011,2024,DF,"Cambridge United, Scunthorpe United, Burton Albion, Kettering Town, Mansfield Town, York City",No
Joe Tait,https://fbref.com/en/players/579427c3/Joe-Tait,2011,2020,DF,"Dayton Dutch Lions, Gateshead",No
James Tarkowski,https://fbref.com/en/players/15ea812b/James-Tarkowski,2010,2026,DF,"Everton, Burnley, Brentford, Oldham Athletic",Yes
Elliott Taylor,https://fbref.com/en/players/530bf4ea/Elliott-Taylor,2024,2025,GK,,Yes
Ellis Taylor,https://fbref.com/en/players/20133afc/Ellis-Taylor,2020,2026,"DF,MF","Harrogate Town FC, Sunderland U23, Sunderland U21, Hartlepool United",Yes
Paul Taylor,https://fbref.com/en/players/85892dff/Paul-Taylor,2008,2020,FW,"Peterborough United, Bradford City, Ipswich Town, Doncaster Rovers, Rotherham United, Stevenage, Che",No
Peter Taylor,https://fbref.com/en/players/4d070a60/Peter-Taylor,2018,2023,MF,West Bromwich Albion U23,No
John Terry,https://fbref.com/en/players/68517cfd/John-Terry,1998,2018,DF,"Chelsea, England, Aston Villa, Nottingham Forest",No
Bobby Thomas,https://fbref.com/en/players/6a471ee8/Bobby-Thomas,2019,2026,DF,"Coventry City, Barnsley, Barrow, Bristol Rovers, Burnley U23",Yes
Dan Thomas,https://fbref.com/en/players/553434ab/Dan-Thomas,2009,2016,GK,"Aldershot Town, Bournemouth",No
Danny Thomas,https://fbref.com/en/players/3976ec1c/Danny-Thomas,1999,2012,"DF,MF","Macclesfield Town, Boston United, Tamworth, Bournemouth, Kettering Town, Hereford United, Shrewsbury",No
Dominic Thomas,https://fbref.com/en/players/7cb98f9a/Dominic-Thomas,2014,2015,MF,,No
Donnell Thomas,https://fbref.com/en/players/e48e87ad/Donnell-Thomas,2021,2024,DF,,No
Geoff Thomas,https://fbref.com/en/players/6e7dda12/Geoff-Thomas,1992,2002,MF,"Wolverhampton Wanderers, Barnsley, Crystal Palace, Nottingham Forest, Crewe Alexandra",No
Martin Thomas,https://fbref.com/en/players/9fa79bcb/Martin-Thomas,2002,2003,MF,"Swansea City, Fulham, Exeter City, Brighton & Hove Albion, Birmingham City",No
Michael Thomas,https://fbref.com/en/players/68de2664/Michael-Thomas,1991,1999,MF,"Liverpool, Middlesbrough, Wimbledon, Benfica",No
Michael Thomas,https://fbref.com/en/players/767f199f/Michael-Thomas,2009,2012,MF,Macclesfield Town,No
Mitchell Thomas,https://fbref.com/en/players/1906863d/Mitchell-Thomas,2001,2002,DF,"Luton Town, Burnley, West Ham United",No
Alan Thompson,https://fbref.com/en/players/2eaac012/Alan-Thompson,1995,2008,MF,"Celtic, Bolton Wanderers, Aston Villa, Leeds United, Hartlepool United",No
Andy Thompson,https://fbref.com/en/players/37c4ed9e/Andy-Thompson,2002,2003,DF,"Wolverhampton Wanderers, Shrewsbury Town, Cardiff City",No
Arron Thompson,https://fbref.com/en/players/c3bc7036/Arron-Thompson,2020,2021,,,No
Ciaran Thompson,https://fbref.com/en/players/0a951b0e/Ciaran-Thompson,2022,2026,DF,Newcastle United U21,Yes
Dan Thompson,https://fbref.com/en/players/dffb2c0e/Dan-Thompson,2018,2019,FW,Braintree Town,No
Declan Thompson,https://fbref.com/en/players/20b51a5a/Declan-Thompson,2020,2021,DF,,No
Dylan Thompson,https://fbref.com/en/players/f42c2f55/Dylan-Thompson,2020,2021,DF,,No
Nathan Thompson,https://fbref.com/en/players/89a323f2/Nathan-Thompson,2010,2026,DF,"Milton Keynes Dons, Swindon Town, Peterborough United, Portsmouth, Stevenage",Yes
Phil Thompson,https://fbref.com/en/players/4a1869ae/Phil-Thompson,1982,,DF,England,No
Ben Thomson,https://fbref.com/en/players/4ab2e745/Ben-Thomson,2020,2022,MF,Weymouth,No
Peter Thomson,https://fbref.com/en/players/3973a543/Peter-Thomson,2006,2007,FW,"Luton Town, Altrincham",No
George Thorne,https://fbref.com/en/players/e1a933d2/George-Thorne,2009,2020,MF,"Derby County, Derby County U23, Portsmouth, West Bromwich Albion, Watford, Peterborough United, Oxfo",No
Andros Townsend,https://fbref.com/en/players/b28bbd58/Andros-Townsend,2008,2025,"FW,MF","Crystal Palace, Tottenham Hotspur, Luton Town, Everton, Leyton Orient, Antalyaspor, Birmingham City,",Yes
Michael Townsend,https://fbref.com/en/players/e1f0bf46/Michael-Townsend,2005,2014,DF,"Cheltenham Town, Hereford United, Barnet, Tamworth",No
James Trafford,https://fbref.com/en/players/259fea27/James-Trafford,2019,2026,GK,"Manchester City, England, Burnley, Bolton Wanderers, Manchester City U23, Accrington Stanley",Yes
Kieran Trippier,https://fbref.com/en/players/21512407/Kieran-Trippier,2009,2026,"DF,MF","Newcastle United, Burnley, Tottenham Hotspur, Atlético Madrid, England, Barnsley",Yes
Steve Tully,https://fbref.com/en/players/49b627c6/Steve-Tully,2006,2013,DF,"Exeter City, Weymouth",No
Finlay Tunstall,https://fbref.com/en/players/72fbbda0/Finlay-Tunstall,2025,2026,MF,Accrington Stanley,Yes
Amy Turner,https://fbref.com/en/players/a21edf38/Amy-Turner,2017,2025,DF,"Tottenham Hotspur, Manchester United, Orlando Pride, Liverpool",Yes
Jack Turner,https://fbref.com/en/players/25d614d1/Jack-Turner,2019,2026,MF,"Woking, Queen's Park FC, Southampton U23, Southampton U21",Yes
Jack Turner,https://fbref.com/en/players/728f987f/Jack-Turner,2009,2023,GK,"Slough Town FC, AFC Wimbledon",No
Jake Turner,https://fbref.com/en/players/b34c52c3/Jake-Turner,2016,2026,GK,"Gillingham, Newcastle United U23, Morecambe, Colchester United, Dagenham & Redbridge",Yes
Jasmine Turner,https://fbref.com/en/players/a2f8c35a/Jasmine-Turner,2020,,MF,,No
Joe Turner,https://fbref.com/en/players/774481ba/Joe-Turner,2020,2021,FW,,No
John Turner,https://fbref.com/en/players/9e19d729/John-Turner,2002,2007,FW,"Cambridge United, Grays Athletic, Rushden & Diamonds",No
Harry Tyrer,https://fbref.com/en/players/af49fb14/Harry-Tyrer,2019,2026,GK,"Everton, Everton U23, Chesterfield, Blackpool",Yes
Paul Underwood,https://fbref.com/en/players/545ee657/Paul-Underwood,2002,2006,"DF,MF","Rushden & Diamonds, Luton Town",No
David Unsworth,https://fbref.com/en/players/05fcbb55/David-Unsworth,1992,2009,DF,"Everton, Sheffield United, West Ham United, Burnley, Ipswich Town, Portsmouth, Wigan Athletic, Hudde",No
Matt Upson,https://fbref.com/en/players/1a6e6d03/Matt-Upson,1997,2016,DF,"West Ham United, Birmingham City, Brighton & Hove Albion, Arsenal, Stoke City, Reading, Milton Keyne",No
Jamie Vardy,https://fbref.com/en/players/45963054/Jamie-Vardy,2011,2026,FW,"Leicester City, Cremonese, Fleetwood Town, England",Yes
Darius Vassell,https://fbref.com/en/players/e342b5e7/Darius-Vassell,1998,2012,"FW,MF","Aston Villa, Manchester City, Leicester City, Ankaragücü, England",No
Barry Venison,https://fbref.com/en/players/aa15b4d9/Barry-Venison,1991,1997,DF,"Newcastle United, Southampton, Liverpool",No
Chris Waddle,https://fbref.com/en/players/27215170/Chris-Waddle,1986,1997,"FW,MF","Sheffield Wednesday, Burnley, Bradford City, Marseille, England, Sunderland",No
Theo Walcott,https://fbref.com/en/players/1ecb65be/Theo-Walcott,2005,2023,"FW,MF","Arsenal, Everton, Southampton, England",No
Danny Waldren,https://fbref.com/en/players/76bff1de/Danny-Waldren,2014,2019,MF,Billericay Town FC,No
Brad Walker,https://fbref.com/en/players/0861bc1a/Brad-Walker,2013,2026,"DF,MF","Hartlepool United, Shrewsbury Town, Tranmere Rovers, Port Vale, Crewe Alexandra, Wrexham",Yes
Dan Walker,https://fbref.com/en/players/6724763f/Dan-Walker,2014,2016,FW,,No
Des Walker,https://fbref.com/en/players/4e1b2261/Des-Walker,1990,2004,DF,"Sheffield Wednesday, Nottingham Forest, Sampdoria, England",No
Ian Walker,https://fbref.com/en/players/78a90cec/Ian-Walker,1992,2006,GK,"Tottenham Hotspur, Leicester City, Bolton Wanderers",No
Karen Walker,https://fbref.com/en/players/00dfcd23/Karen-Walker,1995,2001,FW,England,No
Kieran Walker,https://fbref.com/en/players/57c0760a/Kieran-Walker,2016,2017,DF,,No
Kyle Walker,https://fbref.com/en/players/86dd77d1/Kyle-Walker,2008,2026,"DF,MF","Manchester City, England, Tottenham Hotspur, Burnley, Sheffield United, Queens Park Rangers, Milan,",Yes
Richard Walker,https://fbref.com/en/players/14bd3bf3/Richard-Walker,2001,2009,DF,"Crewe Alexandra, Macclesfield Town, Port Vale, Wrexham",No
Richard Walker,https://fbref.com/en/players/3492eaf9/Richard-Walker,2002,2003,DF,Cheltenham Town,No
Richard Walker,https://fbref.com/en/players/8965ec2a/Richard-Walker,1997,2011,FW,"Bristol Rovers, Blackpool, Burton Albion, Shrewsbury Town, Northampton Town, Aston Villa, Oxford Uni",No
Tyler Walker,https://fbref.com/en/players/6625dc22/Tyler-Walker,2014,2026,FW,"Barrow, Coventry City, Mansfield Town, Nottingham Forest, Lincoln City, Portsmouth, Stevenage, Weald",Yes
Tyler Walker,https://fbref.com/en/players/d126ce12/Tyler-Walker,2016,2017,DF,,No
Zain Walker,https://fbref.com/en/players/aac8d8ab/Zain-Walker,2020,2023,MF,"King's Lynn Town FC, Bristol Rovers",No
Danny Wallace,https://fbref.com/en/players/8522c5d0/Danny-Wallace,1992,1993,"FW,MF","Birmingham City, Manchester United",No
Charlie Waller,https://fbref.com/en/players/9f630ff6/Charlie-Waller,2024,2026,DF,"Milton Keynes Dons, Sutton United",Yes
Paul Walsh,https://fbref.com/en/players/4bf0b7a5/Paul-Walsh,1993,1996,FW,"Portsmouth, Manchester City",No
Phil Walsh,https://fbref.com/en/players/732921d8/Phil-Walsh,2009,2013,"DF,FW","Ebbsfleet United, Dagenham & Redbridge, Hayes & Yeading United, Barnet, Cheltenham Town",No
Mark Walters,https://fbref.com/en/players/0e763b5b/Mark-Walters,1990,1996,MF,"Swindon Town, Liverpool, Wolverhampton Wanderers, Stoke City, Southampton, Rangers",No
Matty Walters,https://fbref.com/en/players/94e5f240/Matty-Walters,2016,2017,DF,,No
Dave Walton,https://fbref.com/en/players/10d602d4/Dave-Walton,2001,2006,DF,"Crewe Alexandra, Shrewsbury Town, Stockport County, Derby County",No
Jed Ward,https://fbref.com/en/players/edb2744d/Jed-Ward,2020,2026,GK,"Yeovil Town, Bristol Rovers, Forest Green Rovers, Wealdstone FC",Yes
Joe Ward,https://fbref.com/en/players/22f621af/Joe-Ward,2016,2026,"DF,FW","Derby County, Peterborough United, Woking, Lincoln City, Derby County U21",Yes
Joe Ward,https://fbref.com/en/players/5609cfb0/Joe-Ward,2015,2017,MF,,No
Joel Ward,https://fbref.com/en/players/8a7ff278/Joel-Ward,2008,2025,"DF,MF","Crystal Palace, Portsmouth, Bournemouth",No
James Ward-Prowse,https://fbref.com/en/players/3515d404/James-Ward-Prowse,2012,2026,MF,"Southampton, West Ham United, England, Nottingham Forest",Yes
Stephen Warnock,https://fbref.com/en/players/07869028/Stephen-Warnock,2002,2018,DF,"Blackburn Rovers, Aston Villa, Leeds United, Wigan Athletic, Liverpool, Coventry City, Derby County,",No
Ben Watson,https://fbref.com/en/players/b79946c9/Ben-Watson,2007,2011,FW,"Exeter City, Grays Athletic, Bath City, Forest Green Rovers",No
Ben Watson,https://fbref.com/en/players/df540668/Ben-Watson,2002,2022,MF,"Crystal Palace, Wigan Athletic, Nottingham Forest, Watford, Charlton Athletic, Queens Park Rangers,",No
Dave Watson,https://fbref.com/en/players/f41fba43/Dave-Watson,1992,2000,DF,Everton,No
David Watson,https://fbref.com/en/players/26efe836/David-Watson,1997,1998,GK,Barnsley,No
Declan Watson,https://fbref.com/en/players/3ef66ebc/Declan-Watson,2014,2015,MF,,No
Ryan Watson,https://fbref.com/en/players/11a3526b/Ryan-Watson,2014,2025,"DF,MF","Salford City FC, Northampton Town, Barnet, Milton Keynes Dons, Tranmere Rovers",Yes
Willie Watson,https://fbref.com/en/players/ab672d14/Willie-Watson,1950,,MF,,No
Chris Weale,https://fbref.com/en/players/1760ea72/Chris-Weale,2003,2019,GK,"Yeovil Town, Shrewsbury Town, Leicester City, Bristol City, Northampton Town",No
Simon Weaver,https://fbref.com/en/players/d2697d0a/Simon-Weaver,2002,2007,DF,"Lincoln City, Tamworth, Kidderminster Harriers, Macclesfield Town",No
George Webb,https://fbref.com/en/players/4ff9fc06/George-Webb,2008,2010,MF,,No
Nathan Webb,https://fbref.com/en/players/c2f0ea0d/Nathan-Webb,2017,2018,MF,,No
Neil Webb,https://fbref.com/en/players/602d0a35/Neil-Webb,1990,1993,"DF,MF","Nottingham Forest, Swindon Town, Manchester United",No
Danny Welbeck,https://fbref.com/en/players/ce5143da/Danny-Welbeck,2008,2026,"FW,MF","Brighton & Hove Albion, Arsenal, Manchester United, England, Sunderland, Watford, Preston North End",Yes
Reece Welch,https://fbref.com/en/players/a182122b/Reece-Welch,2020,2026,DF,"Everton U21, Everton U23, Forest Green Rovers",Yes
George Wells,https://fbref.com/en/players/46019e2b/George-Wells,2017,2022,DF,"Maidenhead United, Slough Town FC",No
George West,https://fbref.com/en/players/7545b678/George-West,2016,2017,FW,,No
Aidy White,https://fbref.com/en/players/a850b35d/Aidy-White,2008,2023,"DF,MF","Leeds United, Rochdale, Barnsley, Heart of Midlothian, Oldham Athletic, Rotherham United, Sheffield",No
David White,https://fbref.com/en/players/b296c9ab/David-White,1992,1996,"FW,MF","Sheffield United, Manchester City, Leeds United",No
Devon White,https://fbref.com/en/players/5db8501e/Devon-White,1992,1995,FW,"Watford, Queens Park Rangers",No
Tom White,https://fbref.com/en/players/4e67f277/Tom-White,2003,2026,"DF,MF","Boreham Wood, Barrow, Gateshead, Morecambe, Bolton Wanderers, Hartlepool United, Blackburn Rovers U2",Yes
Jason Wilcox,https://fbref.com/en/players/6b9fa9ad/Jason-Wilcox,1992,2006,"FW,MF","Blackburn Rovers, Leeds United, Blackpool, Leicester City",No
Ray Wilkins,https://fbref.com/en/players/05f2d7e3/Ray-Wilkins,1982,1996,MF,"Queens Park Rangers, England",No
Ben Wilkinson,https://fbref.com/en/players/040965e2/Ben-Wilkinson,2007,2011,MF,"Tamworth, York City, Gretna, Altrincham",No
George Wilkinson,https://fbref.com/en/players/2e08e421/George-Wilkinson,2021,2022,MF,Dover Athletic,No
Luke Wilkinson,https://fbref.com/en/players/909f5758/Luke-Wilkinson,2012,2024,"DF,MF","Stevenage, Yeovil Town, Luton Town, Dagenham & Redbridge, Woking",No
Barney Williams,https://fbref.com/en/players/4b2d9c21/Barney-Williams,2015,2024,DF,,No
Ben Williams,https://fbref.com/en/players/05be4744/Ben-Williams,2002,2019,GK,"Crewe Alexandra, Colchester United, Hibernian, Bradford City, Carlisle United, Bury, Chesterfield, B",No
Ben Williams,https://fbref.com/en/players/20693a0a/Ben-Williams,2025,2026,DF,Gateshead,Yes
Ben Williams,https://fbref.com/en/players/50c9db67/Ben-Williams,2024,2025,DF,,Yes
Ben Williams,https://fbref.com/en/players/cce67261/Ben-Williams,2016,2019,GK,,No
Bert Williams,https://fbref.com/en/players/c86cb66c/Bert-Williams,1950,,GK,England,No
Bradley Williams,https://fbref.com/en/players/261a5d08/Bradley-Williams,2021,2024,MF,,No
Brandon Williams,https://fbref.com/en/players/5e74d6c8/Brandon-Williams,2018,2026,DF,"Hull City, Manchester United, Norwich City, Ipswich Town, Manchester United U23, Manchester United U",Yes
Brett Williams,https://fbref.com/en/players/05d60168/Brett-Williams,1992,1993,DF,Nottingham Forest,No
Brett Williams,https://fbref.com/en/players/6ff16e59/Brett-Williams,2011,2019,FW,"Aldershot Town, Torquay United, Bromley, Woking, Forest Green Rovers, Sutton United, Northampton Tow",No
Joe Williams,https://fbref.com/en/players/44c38f2e/Joe-Williams,2014,2025,MF,"Bristol City, Wigan Athletic, Barnsley, Bolton Wanderers, Everton U23",Yes
Sam Williams,https://fbref.com/en/players/bffe01ce/Sam-Williams,2005,2019,FW,"Yeovil Town, Dagenham & Redbridge, Wrexham, Brentford, Walsall, Brighton & Hove Albion",No
Sean Williams,https://fbref.com/en/players/2abca0b9/Sean-Williams,2014,2021,MF,Altrincham,No
Sebastian Williams,https://fbref.com/en/players/4ba209fd/Sebastian-Williams,2023,2026,MF,Crystal Palace U21,Yes
Sian Williams,https://fbref.com/en/players/b0753cca/Sian-Williams,1995,,MF,,No
Steve Williams,https://fbref.com/en/players/745f786f/Steve-Williams,2003,2007,GK,"Forest Green Rovers, Wycombe Wanderers",No
Steve Williams,https://fbref.com/en/players/965b0242/Steve-Williams,2009,2016,DF,"Bradford City, Macclesfield Town, FC Halifax Town, Barrow, Inverness CT",No
Ben Williamson,https://fbref.com/en/players/919f7838/Ben-Williamson,2010,2022,"FW,MF","Port Vale, Eastleigh, Cambridge United, Bromley, Dover Athletic, Gillingham, Bournemouth",No
Sam Williamson,https://fbref.com/en/players/241ffd0f/Sam-Williamson,2007,2010,"DF,MF",Wrexham,No
Tom Williamson,https://fbref.com/en/players/d20f5b9d/Tom-Williamson,2001,2007,MF,Grays Athletic,No
George Willis,https://fbref.com/en/players/cdd2f242/George-Willis,2014,2025,GK,Alfreton Town,No
Jack Wilshere,https://fbref.com/en/players/9c318325/Jack-Wilshere,2008,2022,MF,"Arsenal, Bournemouth, England, West Ham United, AGF, Bolton Wanderers",No
Callum Wilson,https://fbref.com/en/players/550af617/Callum-Wilson,2021,2025,DF,Sunderland U21,No
Callum Wilson,https://fbref.com/en/players/c596fcb0/Callum-Wilson,2010,2026,FW,"West Ham United, Bournemouth, Newcastle United, Coventry City, Kettering Town, England, Tamworth",Yes
Cameron Wilson,https://fbref.com/en/players/f4dafc7b/Cameron-Wilson,2021,2025,MF,Scunthorpe United,No
Charlie Wilson,https://fbref.com/en/players/5eed50cc/Charlie-Wilson,2023,2025,DF,Norwich City U21,Yes
Che Wilson,https://fbref.com/en/players/3b4ca3ce/Che-Wilson,2003,2008,DF,"Southend United, Norwich City, Rotherham United, Brentford",No
Clive Wilson,https://fbref.com/en/players/de2ad53e/Clive-Wilson,1992,1998,DF,"Queens Park Rangers, Tottenham Hotspur",No
George Wilson,https://fbref.com/en/players/f36c94f3/George-Wilson,2017,2025,MF,Altrincham,Yes
Georgia Wilson,https://fbref.com/en/players/177a82f4/Georgia-Wilson,2019,2022,MF,"Aalborg BK, Bristol City",No
Glenn Wilson,https://fbref.com/en/players/cce4e1d3/Glenn-Wilson,2006,2015,DF,"Crawley Town, Salisbury City, Aldershot Town, Rushden & Diamonds, Gateshead, Kidderminster Harriers,",No
Tyree Wilson,https://fbref.com/en/players/f075a56c/Tyree-Wilson,2017,2025,MF,Derby County U23,Yes
Harry Winks,https://fbref.com/en/players/2f7acede/Harry-Winks,2014,2026,MF,"Leicester City, Tottenham Hotspur, Sampdoria, England",Yes
Nigel Winterburn,https://fbref.com/en/players/0672e24e/Nigel-Winterburn,1991,2003,DF,"Arsenal, West Ham United",No
Dennis Wise,https://fbref.com/en/players/e718c23d/Dennis-Wise,1992,2006,MF,"Chelsea, Millwall, Leicester City, Coventry City, England",No
Peter Withe,https://fbref.com/en/players/1f3a4d09/Peter-Withe,1982,,FW,,No
Tony Witter,https://fbref.com/en/players/e81b47f3/Tony-Witter,1993,1994,DF,Reading,No
Chris Wood,https://fbref.com/en/players/ef9c86f5/Chris-Wood,2004,2008,DF,Mansfield Town,No
Harrison Wood,https://fbref.com/en/players/f2cac685/Harrison-Wood,2020,2026,MF,"Blackburn Rovers U21, Blackburn Rovers U23",Yes
Harry Wood,https://fbref.com/en/players/972f40d1/Harry-Wood,2020,2026,"FW,MF","Shelbourne FC, Scunthorpe United, Grimsby Town, Hull City",Yes
Tony Woodcock,https://fbref.com/en/players/74ee448e/Tony-Woodcock,1982,,FW,,No
Jonathan Woodgate,https://fbref.com/en/players/9482a3bd/Jonathan-Woodgate,1998,2016,DF,"Leeds United, Middlesbrough, Tottenham Hotspur, Newcastle United, Stoke City, Real Madrid",No
Calum Woods,https://fbref.com/en/players/02f0f728/Calum-Woods,2006,2020,DF,"Dunfermline Athletic, Preston North End, Huddersfield Town, Tranmere Rovers, Bradford City",No
Charlie Woods,https://fbref.com/en/players/011f069d/Charlie-Woods,2020,2022,GK,,No
Chris Woods,https://fbref.com/en/players/6148af60/Chris-Woods,1986,1997,GK,"Sheffield Wednesday, Colorado Rapids, Burnley, Reading, Rangers, Southampton",No
Connor Woods,https://fbref.com/en/players/d3f048cb/Connor-Woods,2025,2026,MF,Chester,Yes
Tom Wraight,https://fbref.com/en/players/59aa48e8/Tom-Wraight,2017,2018,MF,,No
Alan Wright,https://fbref.com/en/players/df6cf3fe/Alan-Wright,1992,2011,DF,"Aston Villa, Cheltenham Town, Sheffield United, Blackburn Rovers, Fleetwood Town, Nottingham Forest,",No
Ben Wright,https://fbref.com/en/players/8e5278f2/Ben-Wright,2001,2010,FW,"Lincoln City, Viking, Macclesfield Town, Start",No
Ben Wright,https://fbref.com/en/players/b0024a4b/Ben-Wright,2008,2015,FW,"Braintree Town, Hayes & Yeading United, Salisbury City, Forest Green Rovers, Kettering Town, Eastlei",No
Benjamin Wright,https://fbref.com/en/players/d93929ce/Benjamin-Wright,2014,2016,FW,,No
Billy Wright,https://fbref.com/en/players/a10ef2b4/Billy-Wright,1950,1958,"DF,MF",England,No
Dale Wright,https://fbref.com/en/players/2ae2ab10/Dale-Wright,2015,2016,MF,,No
Dan Wright,https://fbref.com/en/players/72a1bc17/Dan-Wright,2016,2018,MF,Sunderland U23,No
Daniel Wright,https://fbref.com/en/players/7368f3af/Daniel-Wright,2007,2022,"DF,FW","Cheltenham Town, Histon, Solihull Moors, Wrexham, Torquay United, Cambridge United, Forest Green Rov",No
David Wright,https://fbref.com/en/players/fdc640d2/David-Wright,2001,2015,DF,"Ipswich Town, Crewe Alexandra, Crystal Palace, Colchester United, Wigan Athletic, Gillingham",No
Diaz Wright,https://fbref.com/en/players/83848881/Diaz-Wright,2016,2020,MF,Colchester United,No
Drey Wright,https://fbref.com/en/players/e0694349/Drey-Wright,2012,2026,"DF,MF","Dundee, Colchester United, St Johnstone, Hibernian",Yes
Ian Wright,https://fbref.com/en/players/60c275b3/Ian-Wright,1992,1999,FW,"Arsenal, West Ham United, Burnley, Nottingham Forest",No
Mark Wright,https://fbref.com/en/players/7f77fc15/Mark-Wright,2002,2016,MF,"Walsall, Shrewsbury Town, Milton Keynes Dons, Bristol Rovers, Brighton & Hove Albion",No
Mark Wright,https://fbref.com/en/players/9995820e/Mark-Wright,1990,1998,DF,"Liverpool, Wigan Athletic, Huddersfield Town, England",No
Mark Wright,https://fbref.com/en/players/f1a644ac/Mark-Wright,2020,2021,DF,,No
Matt Wright,https://fbref.com/en/players/b8eea7c2/Matt-Wright,2016,2017,FW,,No
Max Wright,https://fbref.com/en/players/99dd3022/Max-Wright,2018,2026,"FW,MF","FC Halifax Town, Grimsby Town, Harrogate Town FC",Yes
Myles Wright,https://fbref.com/en/players/afd20763/Myles-Wright,2014,2015,GK,,No
Richard Wright,https://fbref.com/en/players/d9e2e2ae/Richard-Wright,1994,2016,GK,"Ipswich Town, Everton, Arsenal, Southampton",No
Tommy Wright,https://fbref.com/en/players/32899946/Tommy-Wright,1970,,DF,,No
Tommy Wright,https://fbref.com/en/players/3e170665/Tommy-Wright,2017,2021,"FW,MF",Sutton United,No
Tommy Wright,https://fbref.com/en/players/f17da156/Tommy-Wright,2001,2013,FW,"Darlington, Tamworth, Barnsley, Brentford, Leicester City, Aberdeen, Grimsby Town, Blackpool, Forest",No
Will Wright,https://fbref.com/en/players/23c09e2b/Will-Wright,2019,2026,DF,"Swindon Town, Dagenham & Redbridge, Crawley Town, Gillingham",Yes
Shaun Wright-Phillips,https://fbref.com/en/players/e1e0b05f/Shaun-Wright-Phillips,2000,2017,"FW,MF","Manchester City, Chelsea, Queens Park Rangers, Phoenix Rising, England, New York Red Bulls",No
James Yates,https://fbref.com/en/players/a90e2ea8/James-Yates,2016,2018,DF,,No
Jamie Yates,https://fbref.com/en/players/a92cc338/Jamie-Yates,2006,2016,"FW,MF","Rotherham United, Burton Albion",No
Jerry Yates,https://fbref.com/en/players/637047f7/Jerry-Yates,2014,2026,"FW,MF","Luton Town, Blackpool, Rotherham United, Swansea City, Derby County, Swindon Town, Carlisle United",Yes
Alfie Young,https://fbref.com/en/players/8941fac0/Alfie-Young,2023,2025,DF,,No
Anna Young,https://fbref.com/en/players/ea8c7870/Anna-Young,2017,2018,FW,,No
Ashley Young,https://fbref.com/en/players/be927d03/Ashley-Young,2003,2026,"DF,FW","Manchester United, Aston Villa, Ipswich Town, Watford, Everton, Internazionale, England",Yes
Greg Young,https://fbref.com/en/players/44fc9b67/Greg-Young,2002,2012,DF,"Altrincham, Alfreton Town, Grimsby Town, Halifax Town, York City, Northwich Victoria",No
Lewis Young,https://fbref.com/en/players/40e78558/Lewis-Young,2008,2020,"DF,MF","Crawley Town, Northampton Town, Burton Albion, Yeovil Town, Aldershot Town, Hereford United, Bury",No
Luke Young,https://fbref.com/en/players/34271322/Luke-Young,2010,2026,"DF,MF","Cheltenham Town, Wrexham, Torquay United, Plymouth Argyle",Yes
Luke Young,https://fbref.com/en/players/409a29d7/Luke-Young,1998,2014,DF,"Charlton Athletic, Aston Villa, Tottenham Hotspur, Middlesbrough, Queens Park Rangers, England",No
Bobby Zamora,https://fbref.com/en/players/7ddb3563/Bobby-Zamora,2002,2016,FW,"Brighton & Hove Albion, West Ham United, Fulham, Queens Park Rangers, Tottenham Hotspur",No
