Name,URL,YearStarted,YearEnded,Position,SquadHistory,IsActive,Scraped_Age,Scraped_BirthDate,Scraped_Birthplace,Scraped_Citizenship,Scraped_DistanceFromTeddington,Scraped_Full_Name,Scraped_Height,Scraped_Height_Imperial,Scraped_Position_Detailed,Scraped_Weight,Scraped_Weight_Imperial
Tammy Abraham,https://fbref.com/en/players/f586779e/Tammy-Abraham,2015,2026,FW,"Beşiktaş, Roma, Chelsea, Bristol City, Milan, Swansea City, Aston Villa, England",Yes,28,"October 2, 1997","Camberwell, England, United Kingdom",,17.47,Tammy Abraham,190 cm,6-3,FW,82 kg,181lb
Timmy Abraham,https://fbref.com/en/players/94ad5868/Timmy-Abraham,2018,2024,FW,"Fulham U23, Oldham Athletic, Newport County, Boreham Wood, Walsall, Raith Rovers, Bristol Rovers, Pl",No,25,"December 28, 2000","England, United Kingdom",England,138.86,Timmy Abraham,185 cm,6-1,FW,77 kg,170lb
Tony Adams,https://fbref.com/en/players/26b5e727/Tony-Adams,1991,2002,DF,"Arsenal, England",No,59,"October 10, 1966","Romford, England, United Kingdom",,39.41,Tony Adams,191 cm,6-3,DF,83 kg,183lb
Gabriel Agbonlahor,https://fbref.com/en/players/db80f5f1/Gabriel-Agbonlahor,2005,2018,"FW,MF","Aston Villa, Sheffield Wednesday",No,39,"October 13, 1986","Birmingham, England, United Kingdom",,159.58,Gabriel Agbonlahor,180 cm,5-11,FW-MF,78 kg,172lb
Craig Alcock,https://fbref.com/en/players/86f6cfd2/Craig-Alcock,2006,2020,DF,"Yeovil Town, Peterborough United, Doncaster Rovers, Sheffield United, Cheltenham Town",No,38,"December 8, 1987","Truro, England, United Kingdom",England,356.65,Craig Alcock,173 cm,5-8,DF,69 kg,154lb
Trent Alexander-Arnold,https://fbref.com/en/players/cd1acf9d/Trent-Alexander-Arnold,2016,2026,DF,"Liverpool, England, Real Madrid, Liverpool U23",Yes,27,"October 7, 1998","Liverpool, England, United Kingdom",,285.38,Trent Alexander-Arnold,175 cm,5-9,DF,68 kg,152lb
Arian Allen,https://fbref.com/en/players/d0611ebd/Arian-Allen,2025,2026,FW,Stockport County,Yes,18,"September 5, 2007","England, England, United Kingdom",England,102.75,Arian Allen,,,FW,,
Cameron Allen,https://fbref.com/en/players/0868018f/Cameron-Allen,2018,2019,MF,,No,,,"England, United Kingdom",England,138.86,Cameron Allen,,,MF,,
Charlie Allen,https://fbref.com/en/players/4a500487/Charlie-Allen,2011,2014,MF,"Gillingham, Notts County",No,33,"March 24, 1992","Slough, England, United Kingdom",England,20.69,Charlie Allen,183 cm,,MF,,
Chris Allen,https://fbref.com/en/players/88a68b02/Chris-Allen,1995,1997,MF,"Nottingham Forest, Luton Town, Cardiff City",No,53,"November 18, 1972","Oxford, England, United Kingdom",,73.88,Chris Allen,180 cm,,MF,,
Clive Allen,https://fbref.com/en/players/aff588b9/Clive-Allen,1993,1994,FW,West Ham United,No,64,"May 20, 1961","Stepney, England, United Kingdom",,22.31,Clive Allen,178 cm,,FW,,
Harry Allen,https://fbref.com/en/players/d7a45b26/Harry-Allen,2020,2022,GK,,No,24,"November 1, 2001","England, United Kingdom",England,138.86,Harry Allen,,,GK,,
Jamie Allen,https://fbref.com/en/players/2c183a79/Jamie-Allen,2013,2026,MF,"Coventry City, Rochdale, Burton Albion",Yes,30,"January 29, 1995","Rochdale, England, United Kingdom",England,273.45,Jamie Allen,180 cm,5-11,MF,72 kg,159lb
John Allen,https://fbref.com/en/players/4025fea2/John-Allen,1991,1993,MF,Mikkelin Palloilijat,No,61,"November 14, 1964","Chester, England, United Kingdom",England,262.9,John Allen,,,MF,,
Josh Allen,https://fbref.com/en/players/fe9e1369/Josh-Allen,2022,2023,FW,,No,22,"December 21, 2003","England, United Kingdom",England,138.86,Josh Allen,,,FW,,
Michael Allen,https://fbref.com/en/players/bd2277cb/Michael-Allen,2021,2025,GK,Fulham U21,Yes,21,"September 14, 2004","England, United Kingdom",England,138.86,Michael Allen,,,GK,,
Oliver Allen,https://fbref.com/en/players/1630a0e4/Oliver-Allen,2006,2008,FW,"Barnet, Stevenage Borough",No,39,"September 7, 1986","Brentwood, England, United Kingdom",England,49.0,Oliver Allen,175 cm,,FW,,
Rory Allen,https://fbref.com/en/players/a6e9d64f/Rory-Allen,1996,1999,FW,"Tottenham Hotspur, Portsmouth, Luton Town",No,48,"October 17, 1977","Beckenham, England, United Kingdom",England,20.98,Rory Allen,180 cm,,FW,,
Dele Alli,https://fbref.com/en/players/cea4ee8f/Dele-Alli,2012,2025,"FW,MF","Tottenham Hotspur, Milton Keynes Dons, England, Everton, Beşiktaş",No,29,"April 11, 1996","Milton Keynes, England, United Kingdom",,74.69,Dele Alli,188 cm,6-2,FW-MF,76 kg,168lb
Stan Anderson,https://fbref.com/en/players/4886dd6a/Stan-Anderson,1962,,MF,,No,92,"February 27, 1933","Horden, England, United Kingdom",,377.46,Stan Anderson,,,MF,,
Taine Anderson,https://fbref.com/en/players/2917046f/Taine-Anderson,2025,2026,DF,Cheltenham Town,Yes,20,"September 17, 2005","England, England, United Kingdom",England,102.75,Taine Anderson,,,DF,,
Viv Anderson,https://fbref.com/en/players/6484efd1/Viv-Anderson,1982,1993,DF,"Sheffield Wednesday, Barnsley",No,69,"July 29, 1956",,,,Viv Anderson,184 cm,,DF,,
Darren Anderton,https://fbref.com/en/players/09cebe50/Darren-Anderton,1992,2009,MF,"Tottenham Hotspur, Bournemouth, Wolverhampton Wanderers, Birmingham City, England",No,53,"March 3, 1972","Southampton, England, United Kingdom",,94.92,Darren Anderton,185 cm,6-1,MF,78 kg,172lb
Dean Ashton,https://fbref.com/en/players/093e333b/Dean-Ashton,2001,2009,FW,"Crewe Alexandra, West Ham United, Norwich City",No,42,"November 24, 1983","Swindon, England, United Kingdom",,102.18,Dean Ashton,186 cm,6-1,FW,78 kg,174lb
Jeff Astle,https://fbref.com/en/players/f85cde3c/Jeff-Astle,1970,,FW,,No,83,"May 13, 1942","Eastwood, England, United Kingdom",,189.3,Jeff Astle,,,FW,,
Jack Atkinson,https://fbref.com/en/players/d02d0b99/Jack-Atkinson,2017,2018,GK,,No,,,"England, United Kingdom",England,138.86,Jack Atkinson,,,GK,,
Sam Austin,https://fbref.com/en/players/cc8b833a/Sam-Austin,2014,2026,"FW,MF","Southend United, Notts County, Kidderminster Harriers",Yes,29,"December 19, 1996","Stourbridge, England, United Kingdom",England,169.78,Sam Austin,,,FW-MF,,
Eden Bailey,https://fbref.com/en/players/47d99f92/Eden-Bailey,2020,2023,MF,,No,21,"February 4, 2004","England, United Kingdom",England,138.86,Eden Bailey,,,MF,,
Gary Bailey,https://fbref.com/en/players/c676307b/Gary-Bailey,1986,,GK,,No,67,"August 9, 1958","Ipswich, England, United Kingdom",,124.36,Gary Bailey,188 cm,,GK,,
Mark Bailey,https://fbref.com/en/players/b4aff8c0/Mark-Bailey,2002,2007,DF,"Lincoln City, Macclesfield Town",No,49,"August 12, 1976","Stoke-on-Trent, England, United Kingdom",England,217.63,Mark Bailey,173 cm,,DF,,
Mat Bailey,https://fbref.com/en/players/9df9a0b5/Mat-Bailey,2004,2009,"DF,FW","Northwich Victoria, Weymouth, Scunthorpe United",No,39,"March 12, 1986","Crewe, England, United Kingdom",England,235.6,Mat Bailey,196 cm,,DF-FW,,
Nicky Bailey,https://fbref.com/en/players/9f2550f3/Nicky-Bailey,2005,2019,MF,"Middlesbrough, Sutton United, Barnet, Charlton Athletic, Southend United, Millwall",No,41,"June 10, 1984","London, England, United Kingdom",England,16.85,Nicky Bailey,178 cm,5-10,MF,79 kg,176lb
Eddie Baily,https://fbref.com/en/players/9cf2ba03/Eddie-Baily,1950,,"FW,MF",,No,100,"August 6, 1925","Hackney, England, United Kingdom",,23.59,Eddie Baily,170 cm,5-7,FW-MF,63 kg,139lb
Leighton Baines,https://fbref.com/en/players/b18095b6/Leighton-Baines,2002,2020,DF,"Everton, Wigan Athletic, England",No,41,"December 11, 1984","Kirkby, England, United Kingdom",,287.48,Leighton Baines,170 cm,5-7,DF,73 kg,163lb
Lewis Baines,https://fbref.com/en/players/b06224eb/Lewis-Baines,2018,2026,"DF,MF","Altrincham, Chorley FC",Yes,27,"October 10, 1998","England, United Kingdom",England,138.86,Lewis Baines,,,DF-MF,,
Adam Baker,https://fbref.com/en/players/c1aaeac4/Adam-Baker,2011,2012,FW,,No,32,"December 8, 1993","Leeds, England, United Kingdom",England,276.55,Adam Baker,,,FW,,
Alex Baker,https://fbref.com/en/players/b115732c/Alex-Baker,2020,2025,FW,"Blackburn Rovers U23, Blackburn Rovers U21",Yes,22,"March 9, 2003","England, United Kingdom",England,138.86,Alex Baker,,,FW,,
Ashley Baker,https://fbref.com/en/players/b974c6fa/Ashley-Baker,2013,,GK,,No,35,"March 15, 1990","Grantham, England, United Kingdom",England,167.04,Ashley Baker,178 cm,,GK,,
Ava Baker,https://fbref.com/en/players/75cae050/Ava-Baker,2021,2024,FW,Leicester City,Yes,19,"January 9, 2006","England, United Kingdom",,138.86,Ava Baker,,,FW,,
Harry Baker,https://fbref.com/en/players/107a0026/Harry-Baker,2021,2022,DF,,No,22,"January 11, 2003","England, United Kingdom",England,138.86,Harry Baker,,,DF,,
Harry Baker,https://fbref.com/en/players/76cd2f60/Harry-Baker,2008,2010,MF,"Leyton Orient, Grays Athletic",No,35,"September 20, 1990","Bexleyheath, England, United Kingdom",England,33.56,Harry Baker,180 cm,,MF,,
Jimmy Ball,https://fbref.com/en/players/ba63ed1e/Jimmy-Ball,2015,2026,"DF,FW","Swindon Town, Solihull Moors, AFC Wimbledon, Rochdale, Stevenage, Ebbsfleet United, Northwich Victor",Yes,30,"December 1, 1995","Bolton, England, United Kingdom",England,278.85,Jimmy Ball,,,DF-FW-MF,,
Jordan Ball,https://fbref.com/en/players/fd797477/Jordan-Ball,2012,2014,FW,,No,32,"September 12, 1993","Mansfield, England, United Kingdom",England,200.3,Jordan Ball,,,FW,,
Alan Ball Jr.,https://fbref.com/en/players/1f20fed1/Alan-Ball-Jr,1966,1970,MF,England,No,80,"May 12, 1945","Farnworth, England, United Kingdom",,274.89,Alan Ball Jr.,168 cm,,MF,,
Michael Ball,https://fbref.com/en/players/cde17c0f/Michael-Ball,1996,2009,DF,"Everton, Rangers, Manchester City, PSV Eindhoven",No,46,"October 2, 1979","Liverpool, England, United Kingdom",,285.38,Michael Ball,178 cm,5-10,DF,69 kg,154lb
Gordon Banks,https://fbref.com/en/players/82d95a5a/Gordon-Banks,1962,1970,GK,England,No,88,"December 30, 1937","Sheffield, England, United Kingdom",,231.08,Gordon Banks,185 cm,6-1,GK,83 kg,183lb
Ben Barclay,https://fbref.com/en/players/17dff2e1/Ben-Barclay,2017,2026,"DF,MF","Brighton & Hove Albion U21, Carlisle United, Accrington Stanley, Yeovil Town, Brighton & Hove Albion",Yes,29,"October 7, 1996","Manchester, England, United Kingdom",England,263.1,Ben Barclay,181 cm,5-11½,DF-MF,72 kg,159lb
David Bardsley,https://fbref.com/en/players/e2cfaafb/David-Bardsley,1992,1996,DF,"Queens Park Rangers, Blackpool",No,61,"September 11, 1964","Manchester, England, United Kingdom",,263.1,David Bardsley,178 cm,5-10,DF,69 kg,154lb
Richie Barker,https://fbref.com/en/players/68739592/Richie-Barker,2001,2009,FW,"Rotherham United, Mansfield Town, Hartlepool United, Brighton & Hove Albion",No,50,"May 30, 1975","Sheffield, England, United Kingdom",England,231.08,Richie Barker,188 cm,6-2,FW,73 kg,161lb
Ross Barkley,https://fbref.com/en/players/3a24769f/Ross-Barkley,2011,2026,MF,"Aston Villa, Everton, Chelsea, Luton Town, England, Nice, Sheffield Wednesday, Leeds United",Yes,32,"December 5, 1993","Liverpool, England, United Kingdom",,285.38,Ross Barkley,189 cm,6-2½,MF,83 kg,183lb
Nick Barmby,https://fbref.com/en/players/4af0a400/Nick-Barmby,1992,2012,"FW,MF","Hull City, Everton, Tottenham Hotspur, Liverpool, Middlesbrough, Leeds United, Nottingham Forest",No,51,"February 11, 1974","Kingston upon Hull, England, United Kingdom",,260.17,Nick Barmby,170 cm,5-7,FW-MF,71 kg,157lb
John Barnes,https://fbref.com/en/players/e654196b/John-Barnes,1986,1999,"DF,FW","Liverpool, Newcastle United, Charlton Athletic, England",No,62,"November 7, 1963","Kingston, Jamaica",,7531.91,John Barnes,180 cm,5-11,DF-FW-MF,76 kg,168lb
Joshua Barnes,https://fbref.com/en/players/bb00fb73/Joshua-Barnes,2021,2022,MF,Nottingham Forest U23,No,25,"November 1, 2000","England, United Kingdom",England,138.86,Joshua Barnes,,,MF,,
Joshua Barnes,https://fbref.com/en/players/d6293ff8/Joshua-Barnes,2016,2023,GK,Derby County U23,No,28,"December 1, 1997","England, United Kingdom",England,138.86,Joshua Barnes,,,GK,,
Paul Barnes,https://fbref.com/en/players/31988c0b/Paul-Barnes,2003,2004,FW,"Burnley, Huddersfield Town, Birmingham City, Doncaster Rovers",No,58,"November 16, 1967","Leicester, England, United Kingdom",England,145.65,Paul Barnes,,,FW,,
Phil Barnes,https://fbref.com/en/players/2997e705/Phil-Barnes,2002,2013,GK,"Blackpool, Grimsby Town, Alfreton Town, Torquay United",No,46,"March 2, 1979","Sheffield, England, United Kingdom",England,231.08,Phil Barnes,185 cm,6-1,GK,69 kg,154lb
Adam Barrett,https://fbref.com/en/players/2093e386/Adam-Barrett,2002,2017,DF,"Southend United, Bristol Rovers, Gillingham, AFC Wimbledon, Bournemouth, Leyton Orient, Crystal Pala",No,46,"November 29, 1979","Barking and Dagenham, England, United Kingdom",England,36.4,Adam Barrett,185 cm,6-1,DF,76 kg,168lb
Earl Barrett,https://fbref.com/en/players/225696d1/Earl-Barrett,1992,1999,DF,"Aston Villa, Everton, Sheffield Wednesday, Sheffield United",No,58,"April 28, 1967","Rochdale, England, United Kingdom",,273.45,Earl Barrett,180 cm,5-11,DF,69 kg,154lb
Jack Barrett,https://fbref.com/en/players/6217792f/Jack-Barrett,2019,2026,GK,"Blackburn Rovers U21, Tranmere Rovers, Everton U21",Yes,23,"January 4, 2002","England, United Kingdom",England,138.86,Jack Barrett,,,GK,,
Jake Barrett,https://fbref.com/en/players/504bb013/Jake-Barrett,2017,2018,DF,,No,26,"October 16, 1999","England, United Kingdom",England,138.86,Jake Barrett,,,DF,,
Gareth Barry,https://fbref.com/en/players/7dbbe367/Gareth-Barry,1997,2020,MF,"Aston Villa, Everton, Manchester City, West Bromwich Albion, England",No,44,"February 23, 1981","Hastings, England, United Kingdom",,89.96,Gareth Barry,183 cm,6-0,MF,79 kg,176lb
Louie Barry,https://fbref.com/en/players/bd885979/Louie-Barry,2018,2026,"FW,MF","Sheffield United, Stockport County, Milton Keynes Dons, Aston Villa U23, Salford City FC, Swindon To",Yes,22,"June 21, 2003","England, United Kingdom",England,138.86,Louie Barry,174 cm,5-8½,FW-MF,69 kg,154lb
Joey Barton,https://fbref.com/en/players/93bfa675/Joey-Barton,2002,2017,MF,"Manchester City, Queens Park Rangers, Newcastle United, Burnley, Marseille, Rangers",No,43,"September 2, 1982","Huyton, England, United Kingdom",,279.24,Joey Barton,180 cm,5-11,MF,69 kg,154lb
Warren Barton,https://fbref.com/en/players/7e732709/Warren-Barton,1992,2004,DF,"Newcastle United, Wimbledon, Derby County, Queens Park Rangers",No,56,"March 19, 1969","Stoke Newington, England, United Kingdom",,22.76,Warren Barton,183 cm,6-0,DF,69 kg,154lb
Jack Bates,https://fbref.com/en/players/06167292/Jack-Bates,2021,2025,MF,"Derby County U21, Derby County U23",No,22,"November 27, 2003","England, United Kingdom",England,138.86,Jack Bates,,,MF,,
Daniel Batty,https://fbref.com/en/players/4eb1ad2d/Daniel-Batty,2025,2026,MF,Tottenham Hotspur U21,Yes,19,"September 30, 2006","England, England, United Kingdom",England,102.75,Daniel Batty,168 cm,,MF,,
Daniel Batty,https://fbref.com/en/players/96c92a74/Daniel-Batty,2016,2026,MF,"York City, Fleetwood Town, Hull City, FC Halifax Town",Yes,28,"December 10, 1997","Pontefract, England, United Kingdom",England,260.91,Daniel Batty,178 cm,5-10,MF,73 kg,161lb
David Batty,https://fbref.com/en/players/21b2e37b/David-Batty,1992,2004,MF,"Leeds United, Newcastle United, Blackburn Rovers, England",No,57,"December 2, 1968","Leeds, England, United Kingdom",,276.55,David Batty,174 cm,5-8½,MF,76 kg,168lb
Peter Beadle,https://fbref.com/en/players/e97b35c9/Peter-Beadle,2002,2004,FW,"Bristol City, Watford, Bournemouth",No,53,"May 13, 1972","Lambeth, England, United Kingdom",England,16.85,Peter Beadle,183 cm,,FW,,
Peter Beardsley,https://fbref.com/en/players/4d9a93aa/Peter-Beardsley,1986,1998,"FW,MF","Newcastle United, Everton, Fulham, Bolton Wanderers, England, Manchester City",No,64,"January 18, 1961","Hexham, England, United Kingdom",,412.08,Peter Beardsley,173 cm,5-8,FW-MF,72 kg,159lb
Dave Beasant,https://fbref.com/en/players/2e448746/Dave-Beasant,1990,2015,GK,"Nottingham Forest, Southampton, Portsmouth, Chelsea, Brighton & Hove Albion, Wolverhampton Wanderers",No,66,"March 20, 1959","London, England, United Kingdom",,16.85,Dave Beasant,193 cm,6-4,GK,89 kg,198lb
James Beattie,https://fbref.com/en/players/7c881089/James-Beattie,1996,2013,FW,"Southampton, Sheffield United, Everton, Stoke City, Accrington Stanley, Rangers, Blackpool, Blackbur",No,47,"February 27, 1978","Lancaster, England, United Kingdom",,336.32,James Beattie,185 cm,6-1,FW,76 kg,168lb
David Beckham,https://fbref.com/en/players/53539318/David-Beckham,1992,2013,MF,"Manchester United, Real Madrid, LA Galaxy, England, Milan, Paris Saint-Germain",No,50,"May 2, 1975","Leytonstone, England, United Kingdom",,28.64,David Beckham,183 cm,6-0,MF,74 kg,165lb
Joe Bedford,https://fbref.com/en/players/6b2d2adc/Joe-Bedford,2018,2020,MF,,No,28,"November 3, 1997","England, United Kingdom",England,138.86,Joe Bedford,,,MF,,
Colin Bell,https://fbref.com/en/players/b4bbe571/Colin-Bell,1970,,MF,England,No,79,"February 26, 1946","Hesleden, England, United Kingdom",,374.49,Colin Bell,183 cm,6-0,MF,74 kg,165lb
Darren Bent,https://fbref.com/en/players/fe97f10b/Darren-Bent,2001,2018,FW,"Ipswich Town, Derby County, Tottenham Hotspur, Charlton Athletic, Aston Villa, Sunderland, Fulham, B",No,41,"February 6, 1984","Tooting, England, United Kingdom",,11.32,Darren Bent,180 cm,5-11,FW,73 kg,161lb
Daniel Bentley,https://fbref.com/en/players/68db6358/Daniel-Bentley,2011,2026,GK,"Wolverhampton Wanderers, Southend United, Bristol City, Brentford",Yes,32,"July 13, 1993","Basildon, England, United Kingdom",England,57.14,Daniel Bentley,188 cm,6-2,GK,77 kg,170lb
David Bentley,https://fbref.com/en/players/a00fbcec/David-Bentley,2003,2013,MF,"Blackburn Rovers, Tottenham Hotspur, Norwich City, Birmingham City, Rostov, West Ham United",No,41,"August 27, 1984","Peterborough, England, United Kingdom",,127.9,David Bentley,175 cm,5-9,MF,88 kg,196lb
Roy Bentley,https://fbref.com/en/players/20a6e4b1/Roy-Bentley,1950,,"DF,FW",,No,101,"May 17, 1924","City of Bristol, England, United Kingdom",,156.55,Roy Bentley,,,DF-FW,,
John Beresford,https://fbref.com/en/players/50d79fe2/John-Beresford,1993,2000,DF,"Newcastle United, Southampton",No,59,"September 4, 1966","Sheffield, England, United Kingdom",England,231.08,John Beresford,168 cm,5-6,DF,76 kg,168lb
Adam Berry,https://fbref.com/en/players/696ee5de/Adam-Berry,2022,2026,MF,Nottingham Forest U21,Yes,19,"January 9, 2006","England, United Kingdom",England,138.86,Adam Berry,,,MF,,
Charlie Berry,https://fbref.com/en/players/5035df20/Charlie-Berry,2024,2025,MF,,No,18,"August 31, 2007","England, England, United Kingdom",England,102.75,Charlie Berry,,,MF,,
Ryan Bertrand,https://fbref.com/en/players/01226327/Ryan-Bertrand,2006,2023,"DF,MF","Southampton, Norwich City, Reading, Chelsea, Oldham Athletic, Nottingham Forest, England, Aston Vill",No,36,"August 5, 1989","Southwark, England, United Kingdom",,18.36,Ryan Bertrand,179 cm,5-10½,DF-MF,84 kg,187lb
Ben Billingham,https://fbref.com/en/players/a234129e/Ben-Billingham,2015,2016,MF,,No,,,"England, United Kingdom",England,138.86,Ben Billingham,,,MF,,
Tom Billson,https://fbref.com/en/players/91350b6e/Tom-Billson,2020,2023,GK,Scunthorpe United,No,25,"October 18, 2000","England, United Kingdom",England,138.86,Tom Billson,,,GK,,
Tom Bilson,https://fbref.com/en/players/c0401c77/Tom-Bilson,2017,2018,MF,,No,25,"October 18, 2000","England, United Kingdom",England,138.86,Tom Bilson,,,MF,,
Peter Bonetti,https://fbref.com/en/players/0739412e/Peter-Bonetti,1966,1970,GK,,No,84,"September 27, 1941","Putney, England, United Kingdom",,9.01,Peter Bonetti,177 cm,,GK,,
Tom Booth,https://fbref.com/en/players/764887cb/Tom-Booth,2022,2026,GK,Crewe Alexandra,Yes,21,"August 2, 2004","England, United Kingdom",England,138.86,Tom Booth,,,GK,,
Jay Bothroyd,https://fbref.com/en/players/8cdc5afd/Jay-Bothroyd,2000,2021,FW,"Cardiff City, Hokkaido Consadole Sapporo, Coventry City, Wolverhampton Wanderers, Perugia, Queens Pa",No,43,"May 7, 1982","Islington, England, United Kingdom",,20.44,Jay Bothroyd,190 cm,6-3,FW,88 kg,196lb
Steve Bould,https://fbref.com/en/players/42e0fd3a/Steve-Bould,1991,2001,DF,"Arsenal, Sunderland",No,63,"November 16, 1962","Stoke-on-Trent, England, United Kingdom",,217.63,Steve Bould,193 cm,6-4,DF,88 kg,196lb
Steve Bowey,https://fbref.com/en/players/2a77d5ee/Steve-Bowey,2006,2010,MF,"York City, Ayr United",No,51,"July 10, 1974","Durham, England, United Kingdom",England,373.15,Steve Bowey,175 cm,,MF,,
Lee Bowyer,https://fbref.com/en/players/f4fd57ba/Lee-Bowyer,1996,2012,MF,"Leeds United, Newcastle United, Birmingham City, West Ham United, Charlton Athletic, Ipswich Town",No,48,"January 3, 1977","Canning Town, England, United Kingdom",,25.57,Lee Bowyer,175 cm,5-9,MF,62 kg,137lb
Paul Bracewell,https://fbref.com/en/players/383bd71f/Paul-Bracewell,1993,1997,MF,"Sunderland, Newcastle United, Fulham",No,63,"July 19, 1962","England, United Kingdom",,138.86,Paul Bracewell,173 cm,,MF,,
Gary Bradshaw,https://fbref.com/en/players/554a4ed0/Gary-Bradshaw,2002,2006,FW,"Hull City, Cheltenham Town",No,43,"December 30, 1982","Beverley, England, United Kingdom",England,269.18,Gary Bradshaw,168 cm,,FW,,
Jack Bray,https://fbref.com/en/players/8ec5a644/Jack-Bray,2024,2026,FW,West Bromwich Albion U21,Yes,18,"February 23, 2007","England, England, United Kingdom",England,102.75,Jack Bray,,,FW,,
John Brayford,https://fbref.com/en/players/bab2f2a5/John-Brayford,2006,2024,"DF,MF","Burton Albion, Derby County, Crewe Alexandra, Sheffield United, Cardiff City",No,38,"December 29, 1987","Stoke-on-Trent, England, United Kingdom",England,217.63,John Brayford,183 cm,6-0,DF-MF,71 kg,157lb
Wayne Bridge,https://fbref.com/en/players/86b982bc/Wayne-Bridge,1998,2014,DF,"Southampton, Chelsea, Manchester City, Brighton & Hove Albion, West Ham United, Fulham, Reading, Eng",No,45,"August 5, 1980","Southampton, England, United Kingdom",,94.92,Wayne Bridge,178 cm,5-10,DF,79 kg,176lb
Mark Bright,https://fbref.com/en/players/681a0456/Mark-Bright,1992,1999,FW,"Sheffield Wednesday, Charlton Athletic, Crystal Palace",No,63,"June 6, 1962","Stoke-on-Trent, England, United Kingdom",England,217.63,Mark Bright,183 cm,6-0,FW,82 kg,181lb
Trevor Brooking,https://fbref.com/en/players/a563e493/Trevor-Brooking,1982,,MF,,No,77,"October 2, 1948","Barking, England, United Kingdom",,31.26,Trevor Brooking,184 cm,,MF,,
Aaron Brown,https://fbref.com/en/players/1b7d3ae2/Aaron-Brown,2008,2012,"DF,MF","Yeovil Town, Aldershot Town, Stockport County, Leyton Orient, Preston North End",No,42,"June 23, 1983","Wolverhampton, England, United Kingdom",England,178.59,Aaron Brown,196 cm,,DF-MF,,
Aaron Brown,https://fbref.com/en/players/831ba14a/Aaron-Brown,2002,2015,"DF,MF","Darlington, Bristol City, Swindon Town, Lincoln City, Gillingham, Wrexham, Torquay United, Cheltenha",No,45,"March 14, 1980","City of Bristol, England, United Kingdom",England,156.55,Aaron Brown,178 cm,5-10,DF-MF,73 kg,161lb
Adam Brown,https://fbref.com/en/players/f8456713/Adam-Brown,2004,2005,MF,Doncaster Rovers,No,38,"December 17, 1987","Sunderland, England, United Kingdom",England,393.78,Adam Brown,178 cm,,MF,,
Alex Brown,https://fbref.com/en/players/c3061422/Alex-Brown,2016,2017,Curzon Ashton FC,,No,,,"England, United Kingdom",England,138.86,Alex Brown,,,,,
Alex Brown,https://fbref.com/en/players/c9cb6c9a/Alex-Brown,2014,2018,MF,Maidstone United,No,33,"September 30, 1992","Woodham Ferrers, England, United Kingdom",England,69.64,Alex Brown,,,MF,,
Alex Brown,https://fbref.com/en/players/eed36388/Alex-Brown,2020,2025,DF,"King's Lynn Town FC, Scarborough Athletic FC",No,27,"September 21, 1998","England, United Kingdom",England,138.86,Alex Brown,176 cm,,DF,,
Andre Brown,https://fbref.com/en/players/b5bd07c5/Andre-Brown,2015,2018,FW,,No,30,"November 18, 1995","Birmingham, England, United Kingdom",England,159.58,Andre Brown,,,FW,,
Andy Brown,https://fbref.com/en/players/4ec031b4/Andy-Brown,2016,2017,FW,,No,39,"March 1, 1986","Newmarket, Wales, United Kingdom",England,253.97,Andy Brown,,,FW,,
Archie Brown,https://fbref.com/en/players/028b8d59/Archie-Brown,2019,2026,"DF,MF","Fenerbahçe, Gent, Derby County U23, Lausanne-Sport",Yes,23,"May 28, 2002","England, United Kingdom",England,138.86,Archie Brown,,,DF-MF,,
Bayley Brown,https://fbref.com/en/players/75e2a47b/Bayley-Brown,2021,2022,MF,,No,28,"April 27, 1997","England, United Kingdom",England,138.86,Bayley Brown,,,MF,,
Brendan Brown,https://fbref.com/en/players/832e87cd/Brendan-Brown,2014,2015,,,No,,,"England, United Kingdom",England,138.86,Brendan Brown,,,,,
Gary Brown,https://fbref.com/en/players/a5558352/Gary-Brown,2004,2007,DF,Rochdale,No,40,"October 29, 1985","Darwen, England, United Kingdom",England,291.32,Gary Brown,168 cm,,DF,,
Jaden Brown,https://fbref.com/en/players/aeabe05a/Jaden-Brown,2016,2025,"DF,MF","Tottenham Hotspur U23, Huddersfield Town, Sheffield Wednesday, St Mirren, Lincoln City",No,26,"January 24, 1999","England, United Kingdom",,138.86,Jaden Brown,,,DF-MF,,
James Brown,https://fbref.com/en/players/5b5ad460/James-Brown,2005,2015,"FW,MF","Hartlepool United, Gateshead",No,38,"January 3, 1987","Cramlington, England, United Kingdom",England,416.03,James Brown,180 cm,5-11,FW-MF,76 kg,168lb
Jamie Brown,https://fbref.com/en/players/1cd09ba6/Jamie-Brown,2014,2015,FW,,No,44,"July 14, 1981","England, United Kingdom",England,138.86,Jamie Brown,,,FW,,
Jedidiah Brown,https://fbref.com/en/players/776270a4/Jedidiah-Brown,2023,2025,FW,,Yes,27,"December 2, 1998","England, United Kingdom",England,138.86,Jedidiah Brown,,,FW,,
Jermaine Brown,https://fbref.com/en/players/37118841/Jermaine-Brown,2003,2004,MF,Boston United,No,42,"January 12, 1983","Lambeth, England, United Kingdom",England,16.85,Jermaine Brown,180 cm,,MF,,
Joe Brown,https://fbref.com/en/players/38f3c2dd/Joe-Brown,2005,2007,"FW,MF",Bradford City,No,37,"April 3, 1988","Bradford, England, United Kingdom",England,280.74,Joe Brown,178 cm,,FW-MF,,
Jordaan Brown,https://fbref.com/en/players/eee7c477/Jordaan-Brown,2014,2020,"DF,MF",VPS,No,33,"March 13, 1992","London, England, United Kingdom",England,16.85,Jordaan Brown,193 cm,,DF-MF,,
Jordan Brown,https://fbref.com/en/players/10fb3a2e/Jordan-Brown,2020,2021,DF,,No,34,"October 11, 1991","England, United Kingdom",England,138.86,Jordan Brown,,,DF,,
Jordan Brown,https://fbref.com/en/players/34d2a135/Jordan-Brown,2011,2014,DF,"Barnet, Crewe Alexandra, Aldershot Town",No,34,"October 11, 1991","South Benfleet, England, United Kingdom",England,63.07,Jordan Brown,,,DF,,
Jordan Brown,https://fbref.com/en/players/5aff1268/Jordan-Brown,2019,2022,FW,"Cavalry FC, Pacific FC",No,29,"November 10, 1996","Brent, England, United Kingdom",,71.5,Jordan Brown,185 cm,,FW,,
Jordan Brown,https://fbref.com/en/players/f5f4fdd2/Jordan-Brown,2018,2026,"DF,MF","Blackpool, Leyton Orient, Derby County U23, Derby County",Yes,24,"June 21, 2001","England, United Kingdom",England,138.86,Jordan Brown,,,DF-MF,,
Junior Brown,https://fbref.com/en/players/7a094557/Junior-Brown,2007,2022,"DF,MF","Shrewsbury Town, Fleetwood Town, Scunthorpe United, Mansfield Town, Coventry City, Oxford United, Tr",No,36,"May 7, 1989","Crewe, England, United Kingdom",England,235.6,Junior Brown,175 cm,5-9,DF-MF,68 kg,150lb
Michael Brown,https://fbref.com/en/players/20d63c18/Michael-Brown,2004,2005,MF,Chester City,No,40,"February 27, 1985","Preston, Lancashire, England, United Kingdom",England,305.37,Michael Brown,,,MF,,
Michael Brown,https://fbref.com/en/players/85543572/Michael-Brown,1995,2017,MF,"Sheffield United, Manchester City, Leeds United, Wigan Athletic, Port Vale, Tottenham Hotspur, Ports",No,48,"January 25, 1977","Hartlepool, England, United Kingdom",,367.69,Michael Brown,176 cm,5-9½,MF,66 kg,146lb
Thomas Brown,https://fbref.com/en/players/1430893c/Thomas-Brown,2015,2016,MF,,No,31,"October 1, 1994","England, United Kingdom",England,138.86,Thomas Brown,,,MF,,
Wayne Brown,https://fbref.com/en/players/07748ae2/Wayne-Brown,2000,2011,DF,"Colchester United, Leicester City, Hull City, Watford, Ipswich Town, Wimbledon, Preston North End, G",No,48,"August 20, 1977","Barking, England, United Kingdom",England,31.26,Wayne Brown,183 cm,6-0,DF,78 kg,174lb
Wayne Brown,https://fbref.com/en/players/c7ed2617/Wayne-Brown,2004,2017,GK,"Hereford United, Bury, Chester City, SuperSport United, Oxford United",No,48,"January 14, 1977","Southampton, England, United Kingdom",England,94.92,Wayne Brown,185 cm,6-1,GK,69 kg,154lb
Wayne Brown,https://fbref.com/en/players/f32c65c3/Wayne-Brown,2007,2021,MF,"TPS, Bristol Rovers, Newcastle Jets, SJK, Sutton United, Brentford",No,37,"August 6, 1988","London, England, United Kingdom",England,16.85,Wayne Brown,168 cm,5-6,MF,78 kg,172lb
Wes Brown,https://fbref.com/en/players/659ccc97/Wes-Brown,1997,2018,DF,"Manchester United, Sunderland, Kerala Blasters, Blackburn Rovers, England",No,46,"October 13, 1979","Manchester, England, United Kingdom",,263.1,Wes Brown,185 cm,6-1,DF,87 kg,192lb
Will Brown,https://fbref.com/en/players/446d217d/Will-Brown,2019,2024,GK,"Newcastle United U23, Newcastle United U21",No,23,"January 10, 2002","England, United Kingdom",England,138.86,Will Brown,,,GK,,
Jack Brownell,https://fbref.com/en/players/8b355544/Jack-Brownell,2016,2018,MF,,No,26,"August 3, 1999",,England,,Jack Brownell,,,MF,,
Steve Bull,https://fbref.com/en/players/b6a3e47e/Steve-Bull,1990,,FW,"Wolverhampton Wanderers, England",No,60,"March 28, 1965","Tipton, England, United Kingdom",,171.4,Steve Bull,180 cm,5-11,FW,73 kg,161lb
Harrison Burrows,https://fbref.com/en/players/316a084b/Harrison-Burrows,2018,2026,"DF,MF","Sheffield United, Peterborough United",Yes,23,"January 12, 2002","England, United Kingdom",England,138.86,Harrison Burrows,,,DF-MF,,
George Burton,https://fbref.com/en/players/1d80ce9f/George-Burton,2018,2019,GK,,No,,,"England, United Kingdom",England,138.86,George Burton,,,GK,,
Steve Bushell,https://fbref.com/en/players/dbd5978a/Steve-Bushell,2006,2008,MF,"Blackpool, Altrincham, Halifax Town",No,53,"December 28, 1972","Manchester, England, United Kingdom",England,263.1,Steve Bushell,175 cm,,MF,,
Terry Butcher,https://fbref.com/en/players/dc8a37a6/Terry-Butcher,1982,1991,"DF,MF","Sunderland, England",No,67,"December 28, 1958",Singapore,,10867.63,Terry Butcher,193 cm,,DF-MF,,
Jack Butland,https://fbref.com/en/players/cc70a1d5/Jack-Butland,2011,2026,GK,"Rangers, Stoke City, Birmingham City, Cheltenham Town, Crystal Palace, Leeds United, Barnsley, Engla",Yes,32,"March 10, 1993","City of Bristol, England, United Kingdom",,156.55,Jack Butland,193 cm,6-4,GK,93 kg,207lb
Jack Butler,https://fbref.com/en/players/0ee944d1/Jack-Butler,2022,2025,DF,Everton U21,Yes,20,"November 12, 2005","England, United Kingdom",England,138.86,Jack Butler,,,DF,,
James Butler,https://fbref.com/en/players/b6d5d796/James-Butler,2017,2019,DF,Stoke City U23,No,25,"February 11, 2000","Crewe, England, United Kingdom",England,235.6,James Butler,,,DF,,
Jamie Butler,https://fbref.com/en/players/5c1d43ef/Jamie-Butler,2016,2020,GK,Sutton United,No,33,"May 18, 1992","England, United Kingdom",England,138.86,Jamie Butler,,,GK,,
Nicky Butt,https://fbref.com/en/players/616b3f9a/Nicky-Butt,1992,2010,"DF,MF","Manchester United, Newcastle United, Birmingham City, England",No,50,"January 21, 1975","Gorton, England, United Kingdom",,259.52,Nicky Butt,178 cm,5-10,DF-MF,71 kg,157lb
Gerry Byrne,https://fbref.com/en/players/7a76eaa7/Gerry-Byrne,1966,,DF,,No,87,"August 29, 1938","Liverpool, England, United Kingdom",,285.38,Gerry Byrne,,,DF,,
Gary Cahill,https://fbref.com/en/players/7914b9fe/Gary-Cahill,2004,2022,DF,"Chelsea, Bolton Wanderers, England, Crystal Palace, Aston Villa, Burnley, Bournemouth, Sheffield Uni",No,40,"December 19, 1985","Dronfield, England, United Kingdom",,223.0,Gary Cahill,193 cm,6-4,DF,86 kg,190lb
Ian Callaghan,https://fbref.com/en/players/c19c62a0/Ian-Callaghan,1966,,MF,,No,83,"April 10, 1942","Toxteth, England, United Kingdom",,282.93,Ian Callaghan,,,MF,,
Adam Campbell,https://fbref.com/en/players/e3aa211f/Adam-Campbell,2012,2026,"FW,MF","Hartlepool United, Notts County, Gateshead, Crawley Town, Morecambe, Carlisle United, St Mirren, New",Yes,30,"January 1, 1995","North Shields, England, United Kingdom",,405.8,Adam Campbell,168 cm,5-6,FW-MF,62 kg,137lb
Andy Campbell,https://fbref.com/en/players/8dde3e19/Andy-Campbell,1995,2008,FW,"Cardiff City, Middlesbrough, Halifax Town, Sheffield United, Bolton Wanderers, Oxford United, Dunfer",No,46,"April 18, 1979","Middlesbrough, England, United Kingdom",England,355.94,Andy Campbell,181 cm,5-11½,FW,73 kg,161lb
Fraizer Campbell,https://fbref.com/en/players/81d63375/Fraizer-Campbell,2007,2022,FW,"Hull City, Huddersfield Town, Sunderland, Crystal Palace, Cardiff City, Tottenham Hotspur",No,38,"September 13, 1987","Huddersfield, England, United Kingdom",,266.17,Fraizer Campbell,180 cm,5-11,FW,82 kg,181lb
Sol Campbell,https://fbref.com/en/players/3e3b2fbd/Sol-Campbell,1992,2011,"DF,FW","Tottenham Hotspur, Arsenal, Portsmouth, England, Newcastle United",No,51,"September 18, 1974","London, England, United Kingdom",,16.85,Sol Campbell,188 cm,6-2,DF-FW,92 kg,203lb
Tate Campbell,https://fbref.com/en/players/b9426cc5/Tate-Campbell,2020,2026,MF,"Buxton FC, Birmingham City U23, Bromley, Birmingham City",Yes,23,"June 7, 2002","England, United Kingdom",England,138.86,Tate Campbell,,,MF,,
James Carr,https://fbref.com/en/players/417fce94/James-Carr,2024,2025,GK,,Yes,19,"February 21, 2006","England, England, United Kingdom",England,102.75,James Carr,,,GK,,
Michael Carr,https://fbref.com/en/players/61190b76/Michael-Carr,2002,2009,MF,"Northwich Victoria, Macclesfield Town, Kidderminster Harriers, Morecambe",No,42,"December 6, 1983","Crewe, England, United Kingdom",England,235.6,Michael Carr,173 cm,,MF,,
Jamie Carragher,https://fbref.com/en/players/d0ebce19/Jamie-Carragher,1996,2013,"DF,MF","Liverpool, England",No,47,"January 28, 1978","Bootle, England, United Kingdom",,289.21,Jamie Carragher,185 cm,6-1,DF-MF,76 kg,168lb
Michael Carrick,https://fbref.com/en/players/ab7263c1/Michael-Carrick,1999,2018,MF,"Manchester United, West Ham United, Tottenham Hotspur, England, Swindon Town",No,,,,,,,,,,,
Andy Carroll,https://fbref.com/en/players/b581987a/Andy-Carroll,2006,2025,FW,"West Ham United, Newcastle United, Liverpool, Reading, Amiens, West Bromwich Albion, Preston North E",No,36,"January 6, 1989","Gateshead, England, United Kingdom",,402.81,Andy Carroll,191 cm,6-3,FW,82 kg,181lb
Scott Carson,https://fbref.com/en/players/3e1550ee/Scott-Carson,2003,2025,GK,"Derby County, West Bromwich Albion, Bursaspor, Wigan Athletic, Charlton Athletic, Aston Villa, Sheff",No,40,"September 3, 1985","Whitehaven, England, United Kingdom",,410.59,Scott Carson,192 cm,6-3½,GK,86 kg,190lb
Jess Carter,https://fbref.com/en/players/bb5e99fc/Jess-Carter,2017,2025,"DF,MF","Gotham FC, England, Chelsea, Birmingham City",Yes,28,"October 27, 1997","Warwick-on-Eden, England, United Kingdom",,421.71,Jess Carter,168 cm,5-6,DF-MF,69 kg,154lb
Jimmy Carter,https://fbref.com/en/players/39bbad32/Jimmy-Carter,1991,1995,MF,"Portsmouth, Arsenal",No,60,"November 9, 1965","Hammersmith, England, United Kingdom",England,10.58,Jimmy Carter,178 cm,,MF,,
Jack Cawley,https://fbref.com/en/players/e534d850/Jack-Cawley,2017,2026,DF,"Maldon & Tiptree FC, Wealdstone FC, Bromley, Maidstone United",Yes,33,"September 19, 1992","England, United Kingdom",England,138.86,Jack Cawley,,,DF,,
Nathaniel Chalobah,https://fbref.com/en/players/422862ea/Nathaniel-Chalobah,2012,2026,"DF,MF","Sheffield Wednesday, Watford, West Bromwich Albion, Fulham, Reading, Middlesbrough, Chelsea, Notting",Yes,31,"December 12, 1994","Freetown, Sierra Leone",,4907.28,Nathaniel Chalobah,185 cm,6-1,DF-MF,79 kg,176lb
Calum Chambers,https://fbref.com/en/players/dc6f5bdd/Calum-Chambers,2013,2026,"DF,MF","Cardiff City, Arsenal, Aston Villa, Fulham, Middlesbrough, Southampton, Arsenal U23, England",Yes,30,"January 20, 1995","Petersfield, England, United Kingdom",,63.34,Calum Chambers,183 cm,6-0,DF-MF,77 kg,170lb
Gary Charles,https://fbref.com/en/players/c20cb242/Gary-Charles,1992,2001,DF,"Aston Villa, Derby County, Nottingham Forest, West Ham United, Birmingham City",No,55,"April 13, 1970","England, United Kingdom",,138.86,Gary Charles,175 cm,,DF,,
Jack Charlton,https://fbref.com/en/players/487d29b3/Jack-Charlton,1966,1970,DF,England,No,90,"May 8, 1935","Ashington, England, United Kingdom",,426.39,Jack Charlton,191 cm,,DF,,
Allenby Chilton,https://fbref.com/en/players/5bdab092/Allenby-Chilton,1954,,"DF,MF",,No,107,"September 16, 1918","Sunderland, England, United Kingdom",,393.78,Allenby Chilton,185 cm,,DF-MF,,
Ben Chilwell,https://fbref.com/en/players/d2424d1b/Ben-Chilwell,2015,2026,"DF,MF","Strasbourg, Leicester City, Chelsea, England, Crystal Palace, Huddersfield Town",Yes,29,"December 21, 1996","Milton Keynes, England, United Kingdom",,74.69,Ben Chilwell,178 cm,5-10,DF-MF,71 kg,157lb
Tom Clare,https://fbref.com/en/players/f74e3c23/Tom-Clare,2025,2026,FW,Macclesfield FC,Yes,26,"September 2, 1999","Barnsley, England, United Kingdom",England,249.43,Tom Clare,195 cm,,FW,,
Michael Clark,https://fbref.com/en/players/dfa4fdd7/Michael-Clark,2016,2022,DF,"Leyton Orient, Braintree Town",No,28,"September 5, 1997","Hatfield, England, United Kingdom",England,38.42,Michael Clark,189 cm,6-2½,DF,73 kg,163lb
Abbey Clarke,https://fbref.com/en/players/ec51fd21/Abbey-Clarke,2022,2025,MF,Adelaide United,Yes,21,"June 3, 2004","England, United Kingdom",England,138.86,Abbey Clarke,,,MF,,
Adrian Clarke,https://fbref.com/en/players/1e5959dc/Adrian-Clarke,1994,1996,MF,Arsenal,No,51,"September 28, 1974","Cambridgeshire, England, United Kingdom",England,107.35,Adrian Clarke,178 cm,,MF,,
Allan Clarke,https://fbref.com/en/players/0bfbbcc6/Allan-Clarke,1970,,FW,,No,79,"July 31, 1946","Willenhall, England, United Kingdom",,175.11,Allan Clarke,,,FW,,
Andy Clarke,https://fbref.com/en/players/c8479463/Andy-Clarke,1992,2005,FW,"Wimbledon, Peterborough United",No,58,"July 22, 1967","Islington, England, United Kingdom",England,20.44,Andy Clarke,178 cm,5-10,FW,73 kg,161lb
Ashley Clarke,https://fbref.com/en/players/6d4ced2a/Ashley-Clarke,2025,2026,FW,AFC Totton,Yes,20,"September 26, 2005","England, England, United Kingdom",England,102.75,Ashley Clarke,,,FW,,
Tom Clarke,https://fbref.com/en/players/73e704dd/Tom-Clarke,2004,2023,"DF,MF","Preston North End, Huddersfield Town, Fleetwood Town, Salford City FC, Leyton Orient, FC Halifax Tow",No,38,"December 21, 1987","Halifax, England, United Kingdom",,275.99,Tom Clarke,180 cm,5-11,DF-MF,77 kg,170lb
Ray Clemence,https://fbref.com/en/players/c156c40a/Ray-Clemence,1982,,GK,,No,77,"August 5, 1948","Skegness, England, United Kingdom",,196.76,Ray Clemence,183 cm,,GK,,
Tom Cleverley,https://fbref.com/en/players/6cdd8245/Tom-Cleverley,2008,2023,MF,"Watford, Manchester United, Everton, Aston Villa, Wigan Athletic, Leicester City, England",No,36,"August 12, 1989","Basingstoke, England, United Kingdom",,55.63,Tom Cleverley,175 cm,5-9,MF,71 kg,157lb
Nigel Clough,https://fbref.com/en/players/3cd439de/Nigel-Clough,1992,2008,"FW,MF","Nottingham Forest, Liverpool, Manchester City",No,59,"March 19, 1966","Sunderland, England, United Kingdom",,393.78,Nigel Clough,175 cm,,FW-MF,,
Nathaniel Clyne,https://fbref.com/en/players/0442183b/Nathaniel-Clyne,2008,2026,DF,"Crystal Palace, Liverpool, Southampton, Bournemouth, England, Crystal Palace U23",Yes,34,"April 5, 1991","Stockwell, England, United Kingdom",,15.41,Nathaniel Clyne,175 cm,5-9,DF,67 kg,148lb
Henry Cockburn,https://fbref.com/en/players/4737e07c/Henry-Cockburn,1950,,MF,,No,104,"September 14, 1921","Lancashire, England, United Kingdom",,310.46,Henry Cockburn,165 cm,5-5,MF,63 kg,141lb
Gary Cohen,https://fbref.com/en/players/49d3f06b/Gary-Cohen,2005,2006,"FW,MF",Grimsby Town,No,41,"January 20, 1984","Walthamstow, England, United Kingdom",England,28.03,Gary Cohen,180 cm,,FW-MF,,
George Cohen,https://fbref.com/en/players/eb072aef/George-Cohen,1966,,DF,England,No,86,"October 22, 1939","London, England, United Kingdom",,16.85,George Cohen,178 cm,,DF,,
Jack Colback,https://fbref.com/en/players/963a9201/Jack-Colback,2009,2025,"DF,MF","Nottingham Forest, Sunderland, Newcastle United, Queens Park Rangers, Ipswich Town, Newcastle United",No,36,"October 24, 1989","Newcastle upon Tyne, England, United Kingdom",,404.19,Jack Colback,176 cm,5-9½,DF-MF,72 kg,159lb
Andy Cole,https://fbref.com/en/players/b6638a2c/Andy-Cole,1993,2009,FW,"Manchester United, Blackburn Rovers, Newcastle United, Fulham, Manchester City, Portsmouth, Burnley,",No,54,"October 15, 1971","Nottingham, England, United Kingdom",,179.12,Andy Cole,178 cm,5-10,FW,74 kg,165lb
Ashley Cole,https://fbref.com/en/players/be091289/Ashley-Cole,1999,2019,DF,"Chelsea, Arsenal, LA Galaxy, England, Roma, Crystal Palace, Derby County",No,45,"December 20, 1980","Stepney, England, United Kingdom",,22.31,Ashley Cole,176 cm,5-9½,DF,66 kg,146lb
Carlton Cole,https://fbref.com/en/players/51b2effb/Carlton-Cole,2001,2016,FW,"West Ham United, Chelsea, Aston Villa, Charlton Athletic, Wolverhampton Wanderers, Celtic, Sacrament",No,42,"October 12, 1983","Croydon, England, United Kingdom",,16.97,Carlton Cole,191 cm,6-3,FW,78 kg,172lb
Chinua Cole,https://fbref.com/en/players/6e4928e2/Chinua-Cole,2016,2019,DF,Maidenhead United,No,31,"April 22, 1994","England, United Kingdom",England,138.86,Chinua Cole,,,DF,,
Corie Cole,https://fbref.com/en/players/87ba24eb/Corie-Cole,2021,2022,MF,,No,22,"December 27, 2003","England, United Kingdom",England,138.86,Corie Cole,,,MF,,
Jake Cole,https://fbref.com/en/players/7c5b4491/Jake-Cole,2005,2020,GK,"Plymouth Argyle, Barnet, Aldershot Town, Woking, Queens Park Rangers, Oxford United",No,40,"September 11, 1985","Hammersmith, England, United Kingdom",England,10.58,Jake Cole,191 cm,6-3,GK,82 kg,181lb
Joe Cole,https://fbref.com/en/players/2c2f117b/Joe-Cole,1998,2018,MF,"Chelsea, West Ham United, Tampa Bay Rowdies, Lille, Liverpool, England, Coventry City, Aston Villa",No,44,"November 8, 1981","London, England, United Kingdom",,16.85,Joe Cole,175 cm,5-9,MF,73 kg,161lb
Joel Coleman,https://fbref.com/en/players/b73e459a/Joel-Coleman,2014,2026,GK,"Millwall, Oldham Athletic, Rochdale, Huddersfield Town, Shrewsbury Town, Bolton Wanderers",Yes,30,"September 26, 1995","Bolton, England, United Kingdom",England,278.85,Joel Coleman,167 cm,5-6,GK,69 kg,154lb
Stan Collymore,https://fbref.com/en/players/eed4ff30/Stan-Collymore,1992,2001,FW,"Nottingham Forest, Liverpool, Aston Villa, Leicester City, Bradford City, Fulham, Oviedo",No,54,"January 22, 1971","Stone, England, United Kingdom",,206.24,Stan Collymore,188 cm,6-2,FW,77 kg,170lb
Jack Cook,https://fbref.com/en/players/5c15638f/Jack-Cook,2021,2026,DF,Wealdstone FC,Yes,32,"September 16, 1993","England, United Kingdom",England,138.86,Jack Cook,,,DF,,
Jack Cook,https://fbref.com/en/players/d2803e49/Jack-Cook,2018,2022,DF,"Woking, Wealdstone FC",No,32,"September 16, 1993","England, United Kingdom",England,138.86,Jack Cook,,,DF,,
Lee Cook,https://fbref.com/en/players/a8ac00c8/Lee-Cook,2001,2016,MF,"Queens Park Rangers, Watford, Leyton Orient, Barnet, Eastleigh, Charlton Athletic, York City",No,43,"August 3, 1982","Hammersmith, England, United Kingdom",England,10.58,Lee Cook,175 cm,5-9,MF,77 kg,170lb
Lewis Cook,https://fbref.com/en/players/2afc7272/Lewis-Cook,2014,2026,MF,"Bournemouth, Leeds United",Yes,28,"February 3, 1997","City of York, England, United Kingdom",,287.81,Lewis Cook,175 cm,5-9,MF,69 kg,154lb
Lewis Cook,https://fbref.com/en/players/75f84c14/Lewis-Cook,2002,2004,MF,Wycombe Wanderers,No,42,"December 28, 1983","High Wycombe, England, United Kingdom",England,37.46,Lewis Cook,170 cm,,MF,,
Luke Cook,https://fbref.com/en/players/4be7254b/Luke-Cook,2022,2023,FW,,No,23,"November 14, 2002","England, United Kingdom",England,138.86,Luke Cook,183 cm,,FW,,
Trae Cook,https://fbref.com/en/players/ebffe775/Trae-Cook,2023,2026,FW,Hemel Hempstead Town FC,Yes,,,"England, United Kingdom",England,138.86,Trae Cook,,,FW,,
Terry Cooke,https://fbref.com/en/players/747ec8b1/Terry-Cooke,1995,2010,MF,"Colorado Rapids, Sheffield Wednesday, Manchester City, Grimsby Town, Wigan Athletic, North Queenslan",No,49,"August 5, 1976","Marston Green, England, United Kingdom",,151.81,Terry Cooke,170 cm,5-7,MF,63 kg,141lb
Charlie Cooper,https://fbref.com/en/players/9eadfbf2/Charlie-Cooper,2016,2026,"DF,FW","Yeovil Town, Forest Green Rovers, Woking, Wealdstone FC, FC Halifax Town, Oldham Athletic, Newport C",Yes,28,"May 1, 1997","Stockton-on-Tees, England, United Kingdom",England,355.57,Charlie Cooper,175 cm,5-9,DF-FW-MF,73 kg,161lb
Chay Cooper,https://fbref.com/en/players/01c46bde/Chay-Cooper,2021,2026,MF,"Braintree Town, Colchester United, Hartlepool United",Yes,24,"November 17, 2001","England, United Kingdom",England,138.86,Chay Cooper,,,MF,,
Colin Cooper,https://fbref.com/en/players/42f93b8f/Colin-Cooper,1994,2006,DF,"Nottingham Forest, Middlesbrough, Sunderland",No,58,"February 28, 1967","Durham, England, United Kingdom",,373.15,Colin Cooper,181 cm,5-11½,DF,71 kg,157lb
Noah Cooper,https://fbref.com/en/players/c5145ba0/Noah-Cooper,2022,2026,GK,Stoke City U21,Yes,19,"February 2, 2006","England, United Kingdom",England,138.86,Noah Cooper,,,GK,,
Terry Cooper,https://fbref.com/en/players/70762608/Terry-Cooper,1970,,DF,England,No,81,"July 12, 1944","Knottingley, England, United Kingdom",,261.59,Terry Cooper,175 cm,,DF,,
Steve Coppell,https://fbref.com/en/players/d4cc96f5/Steve-Coppell,1982,,MF,England,No,70,"July 9, 1955","Liverpool, England, United Kingdom",,285.38,Steve Coppell,173 cm,,MF,,
Jack Cork,https://fbref.com/en/players/74e12f1e/Jack-Cork,2006,2024,"DF,MF","Burnley, Southampton, Swansea City, Scunthorpe United, Coventry City, Watford, Bournemouth",No,36,"June 25, 1989","Carshalton, England, United Kingdom",,13.48,Jack Cork,185 cm,6-1,DF-MF,68 kg,152lb
Joe Corrigan,https://fbref.com/en/players/a983b257/Joe-Corrigan,1982,,GK,,No,77,"November 18, 1948","Manchester, England, United Kingdom",,263.1,Joe Corrigan,193 cm,,GK,,
Tony Cottee,https://fbref.com/en/players/111e8515/Tony-Cottee,1992,2001,FW,"Leicester City, Everton, West Ham United, Norwich City, Birmingham City",No,60,"July 11, 1965","Forest Gate, England, United Kingdom",,28.35,Tony Cottee,170 cm,5-7,FW,71 kg,157lb
Gordon Cowans,https://fbref.com/en/players/85478ea1/Gordon-Cowans,1990,1994,MF,"Wolverhampton Wanderers, Derby County, Blackburn Rovers, Bradford City, Sheffield United, Aston Vill",No,67,"October 27, 1958","England, United Kingdom",,138.86,Gordon Cowans,177 cm,5-9½,MF,67 kg,148lb
Jordan Cox,https://fbref.com/en/players/0eb7c9fc/Jordan-Cox,2017,2019,MF,Aston Villa U23,No,27,"November 4, 1998","Birmingham, England, United Kingdom",England,159.58,Jordan Cox,177 cm,5-9½,MF,69 kg,154lb
Jordan Cox,https://fbref.com/en/players/6d1fc4a9/Jordan-Cox,2014,2015,FW,,No,32,"July 10, 1993","England, United Kingdom",England,138.86,Jordan Cox,,,FW,,
Aaron Cresswell,https://fbref.com/en/players/4f974391/Aaron-Cresswell,2008,2026,"DF,MF","West Ham United, Stoke City, Ipswich Town, Tranmere Rovers, England",Yes,36,"December 15, 1989","Liverpool, England, United Kingdom",,285.38,Aaron Cresswell,170 cm,5-7,DF-MF,68 kg,150lb
Alfie Cresswell,https://fbref.com/en/players/67cc36ba/Alfie-Cresswell,2023,2026,DF,Leeds United U21,Yes,18,"July 15, 2007","England, United Kingdom",England,138.86,Alfie Cresswell,,,DF,,
Cameron Cresswell,https://fbref.com/en/players/32ff06f4/Cameron-Cresswell,2016,2023,FW,Derby County U23,No,26,"September 12, 1999","England, United Kingdom",England,138.86,Cameron Cresswell,,,FW,,
Ben Crompton,https://fbref.com/en/players/51d0587c/Ben-Crompton,2022,2026,DF,"Ross County, Tamworth, Sunderland U21",Yes,22,"December 17, 2003","England, United Kingdom",England,138.86,Ben Crompton,,,DF,,
Peter Crouch,https://fbref.com/en/players/73d9bdc7/Peter-Crouch,2001,2019,FW,"Stoke City, Liverpool, Tottenham Hotspur, Portsmouth, Queens Park Rangers, Aston Villa, Southampton,",No,44,"January 30, 1981","Macclesfield, England, United Kingdom",,238.13,Peter Crouch,201 cm,6-7,FW,74 kg,165lb
John Cunliffe,https://fbref.com/en/players/70ca67c2/John-Cunliffe,2007,2009,FW,"Carolina RailHawks, Chivas USA, San Jose Earthquakes",No,41,"August 8, 1984","Bolton, England, United Kingdom",England,278.85,John Cunliffe,180 cm,,FW,,
Lewis Cunningham,https://fbref.com/en/players/99a60c0c/Lewis-Cunningham,2021,2022,DF,,No,23,"September 13, 2002","England, United Kingdom",England,138.86,Lewis Cunningham,,,DF,,
Keith Curle,https://fbref.com/en/players/dfdd51ba/Keith-Curle,1992,2003,DF,"Wolverhampton Wanderers, Manchester City, Sheffield United, Mansfield Town, Barnsley",No,62,"November 14, 1963","City of Bristol, England, United Kingdom",,156.55,Keith Curle,183 cm,6-0,DF,78 kg,174lb
Aston Daley,https://fbref.com/en/players/1c94acee/Aston-Daley,2025,2026,MF,Southampton U21,Yes,19,"November 29, 2006","England, England, United Kingdom",England,102.75,Aston Daley,178 cm,,MF,,
Tony Daley,https://fbref.com/en/players/0f36be43/Tony-Daley,1990,1994,MF,"Aston Villa, Wolverhampton Wanderers, Watford",No,58,"October 18, 1967","Birmingham, England, United Kingdom",,159.58,Tony Daley,173 cm,,MF,,
Kevin Davies,https://fbref.com/en/players/2f726a89/Kevin-Davies,1997,2015,FW,"Bolton Wanderers, Southampton, Preston North End, Blackburn Rovers, Millwall",No,48,"March 26, 1977","Sheffield, England, United Kingdom",,231.08,Kevin Davies,183 cm,6-0,FW,82 kg,181lb
Richard Davies,https://fbref.com/en/players/199242ab/Richard-Davies,2008,2013,MF,"Telford United, Walsall",No,35,"May 15, 1990","Willenhall, England, United Kingdom",England,175.11,Richard Davies,180 cm,,MF,,
Richard Davies,https://fbref.com/en/players/1f25e10e/Richard-Davies,2014,2015,DF,,No,,,"England, United Kingdom",England,138.86,Richard Davies,,,DF,,
Harry Davis,https://fbref.com/en/players/04d0f653/Harry-Davis,2009,2025,DF,"Crewe Alexandra, Grimsby Town, Fylde, Morecambe, St Mirren, Scunthorpe United",Yes,34,"September 24, 1991","Burnley, England, United Kingdom",England,293.47,Harry Davis,188 cm,6-2,DF,83 kg,183lb
Kelvin Davis,https://fbref.com/en/players/33b6ee02/Kelvin-Davis,2001,2016,GK,"Southampton, Wimbledon, Luton Town, Ipswich Town, Sunderland",No,49,"September 29, 1976","Bedford, England, United Kingdom",,79.78,Kelvin Davis,185 cm,6-1,GK,77 kg,170lb
Joey Dawson,https://fbref.com/en/players/747e84d7/Joey-Dawson,2019,2026,MF,Scunthorpe United,Yes,22,"May 30, 2003","England, United Kingdom",England,138.86,Joey Dawson,,,MF,,
Michael Dawson,https://fbref.com/en/players/4771114f/Michael-Dawson,2001,2021,DF,"Tottenham Hotspur, Hull City, Nottingham Forest",No,42,"November 18, 1983","Northallerton, England, United Kingdom",,332.9,Michael Dawson,188 cm,6-2,DF,78 kg,174lb
Will Dean,https://fbref.com/en/players/b942bbe9/Will-Dean,2018,2026,MF,"Truro City FC, Exeter City",Yes,25,"August 7, 2000","England, United Kingdom",England,138.86,Will Dean,,,MF,,
Brian Deane,https://fbref.com/en/players/909a4bb4/Brian-Deane,1992,2006,FW,"Leeds United, Middlesbrough, Sheffield United, Leicester City, West Ham United, Perth Glory",No,57,"February 7, 1968","Leeds, England, United Kingdom",,276.55,Brian Deane,183 cm,6-0,FW,87 kg,192lb
Jermain Defoe,https://fbref.com/en/players/f1e8372d/Jermain-Defoe,2000,2022,FW,"Tottenham Hotspur, Sunderland, West Ham United, Bournemouth, Rangers, Portsmouth, England, Toronto F",No,43,"October 7, 1982","Beckton, England, United Kingdom",,28.96,Jermain Defoe,170 cm,5-7,FW,64 kg,143lb
Fabian Delph,https://fbref.com/en/players/111c3236/Fabian-Delph,2007,2022,"DF,MF","Aston Villa, Manchester City, Leeds United, Everton, England",No,36,"November 21, 1989","Bradford, England, United Kingdom",,280.74,Fabian Delph,175 cm,5-9,DF-MF,62 kg,137lb
Tom Derry,https://fbref.com/en/players/3d7a332b/Tom-Derry,2014,2015,"FW,MF",Aldershot Town,No,30,"January 27, 1995","Lambeth, England, United Kingdom",England,16.85,Tom Derry,185 cm,,FW-MF,,
Jimmy Dickinson,https://fbref.com/en/players/7f0fd8de/Jimmy-Dickinson,1950,1954,MF,England,No,100,"April 25, 1925","Alton, England, United Kingdom",,54.45,Jimmy Dickinson,,,MF,,
Eric Dier,https://fbref.com/en/players/ac861941/Eric-Dier,2012,2026,"DF,MF","Tottenham Hotspur, Monaco, England, Bayern Munich, Sporting CP",Yes,31,"January 15, 1994","Cheltenham, England, United Kingdom",,131.52,Eric Dier,188 cm,6-2,DF-MF,87 kg,194lb
Ted Ditchburn,https://fbref.com/en/players/4e53db1a/Ted-Ditchburn,1950,,GK,,No,104,"October 24, 1921","Gillingham, England, United Kingdom",,61.15,Ted Ditchburn,,,GK,,
Bohan Dixon,https://fbref.com/en/players/c2d81760/Bohan-Dixon,2012,2018,MF,"Lincoln City, Accrington Stanley, FC Halifax Town",No,36,"October 17, 1989","Liverpool, England, United Kingdom",England,285.38,Bohan Dixon,193 cm,,MF,,
Jaden Dixon,https://fbref.com/en/players/437f821e/Jaden-Dixon,2023,2026,DF,"Stoke City U21, Stoke City",Yes,18,"February 7, 2007","England, United Kingdom",,138.86,Jaden Dixon,,,DF,,
Joel Dixon,https://fbref.com/en/players/48ad0307/Joel-Dixon,2014,2015,MF,,No,33,"July 9, 1992","England, United Kingdom",England,138.86,Joel Dixon,,,MF,,
Joel Dixon,https://fbref.com/en/players/7ed390a2/Joel-Dixon,2014,2025,GK,"Barrow, Hartlepool United, Bolton Wanderers",Yes,32,"December 9, 1993","England, United Kingdom",England,138.86,Joel Dixon,193 cm,6-4,GK,76 kg,168lb
Jonny Dixon,https://fbref.com/en/players/4fef037b/Jonny-Dixon,2002,2009,FW,"Wycombe Wanderers, Aldershot Town, Brighton & Hove Albion, Grays Athletic",No,41,"January 16, 1984","Murcia, Spain",England,1493.97,Jonny Dixon,178 cm,5-10,FW,69 kg,154lb
Josh Dixon,https://fbref.com/en/players/f0e15106/Josh-Dixon,2020,2022,MF,Carlisle United,Yes,24,"February 7, 2001","England, United Kingdom",England,138.86,Josh Dixon,181 cm,,MF,,
Junior Dixon,https://fbref.com/en/players/410e6017/Junior-Dixon,2023,2026,FW,Boreham Wood,Yes,21,"October 24, 2004","England, United Kingdom",England,138.86,Junior Dixon,,,FW,,
Kerry Dixon,https://fbref.com/en/players/fb72e11f/Kerry-Dixon,1986,1993,FW,"Luton Town, Watford, Southampton",No,64,"July 24, 1961","Luton, England, United Kingdom",,52.31,Kerry Dixon,183 cm,,FW,,
Kyle Dixon,https://fbref.com/en/players/1aa97927/Kyle-Dixon,2013,2015,MF,,No,31,"December 20, 1994","Nottingham, England, United Kingdom",England,179.12,Kyle Dixon,173 cm,,MF,,
Lee Dixon,https://fbref.com/en/players/b6ba1615/Lee-Dixon,1991,2002,DF,Arsenal,No,61,"March 17, 1964","Manchester, England, United Kingdom",,263.1,Lee Dixon,178 cm,5-10,DF,73 kg,161lb
Callum Dobson,https://fbref.com/en/players/2fbaee20/Callum-Dobson,2022,2023,MF,,No,22,"February 28, 2003","England, United Kingdom",England,138.86,Callum Dobson,,,MF,,
Michael Dobson,https://fbref.com/en/players/5b779f83/Michael-Dobson,2002,2008,DF,"Brentford, Walsall",No,44,"April 9, 1981","Isleworth, England, United Kingdom",England,4.92,Michael Dobson,183 cm,6-0,DF,84 kg,187lb
Tony Dorigo,https://fbref.com/en/players/451c459e/Tony-Dorigo,1990,2000,DF,"Leeds United, Derby County, Stoke City",No,60,"December 31, 1965","Melbourne, Australia",,16914.66,Tony Dorigo,175 cm,5-9,DF,68 kg,150lb
Stewart Downing,https://fbref.com/en/players/b13c4620/Stewart-Downing,2001,2021,"FW,MF","Middlesbrough, West Ham United, Liverpool, Aston Villa, Blackburn Rovers, England, Sunderland",No,41,"July 22, 1984","Middlesbrough, England, United Kingdom",,355.94,Stewart Downing,180 cm,5-11,FW-MF,76 kg,168lb
Joe Doyle,https://fbref.com/en/players/e5923455/Joe-Doyle,2014,2015,MF,,No,30,"July 1, 1995","Leicester, England, United Kingdom",England,145.65,Joe Doyle,183 cm,6-0,MF,76 kg,168lb
Maurice Doyle,https://fbref.com/en/players/1b9e260d/Maurice-Doyle,1992,1994,MF,Queens Park Rangers,No,56,"October 17, 1969","Ellesmere Port Town, England, United Kingdom",England,270.69,Maurice Doyle,173 cm,,MF,,
Tommy Doyle,https://fbref.com/en/players/5526deb1/Tommy-Doyle,2017,2026,MF,"Birmingham City, Wolverhampton Wanderers, Manchester City U23, Sheffield United, Cardiff City, Manch",Yes,24,"October 17, 2001","England, United Kingdom",,138.86,Tommy Doyle,172 cm,5-7½,MF,73 kg,161lb
Danny Drinkwater,https://fbref.com/en/players/2649ff32/Danny-Drinkwater,2009,2022,MF,"Leicester City, Reading, Huddersfield Town, Chelsea, Barnsley, Watford, Kasımpaşa, Cardiff City, Ast",No,35,"March 5, 1990","Manchester, England, United Kingdom",,263.1,Danny Drinkwater,178 cm,5-10,MF,69 kg,154lb
Dion Dublin,https://fbref.com/en/players/a0886d18/Dion-Dublin,1992,2008,"DF,FW","Aston Villa, Coventry City, Norwich City, Leicester City, Manchester United, Celtic, Millwall",No,56,"April 22, 1969","Leicester, England, United Kingdom",,145.65,Dion Dublin,188 cm,6-2,DF-FW,78 kg,172lb
Andy Duncan,https://fbref.com/en/players/0148e894/Andy-Duncan,2002,2007,DF,Cambridge United,No,48,"October 20, 1977","Hexham, England, United Kingdom",England,412.08,Andy Duncan,180 cm,5-11,DF,88 kg,196lb
Lewis Dunk,https://fbref.com/en/players/282f75f3/Lewis-Dunk,2009,2026,DF,"Brighton & Hove Albion, England",Yes,34,"November 21, 1991","Brighton, England, United Kingdom",,68.39,Lewis Dunk,192 cm,6-3½,DF,87 kg,194lb
David Dunn,https://fbref.com/en/players/7ecdf483/David-Dunn,1998,2016,MF,"Blackburn Rovers, Birmingham City, Oldham Athletic",No,46,"December 27, 1979","Great Harwood, England, United Kingdom",,298.11,David Dunn,178 cm,5-10,MF,83 kg,183lb
Declan Dunn,https://fbref.com/en/players/e904a267/Declan-Dunn,2018,2020,DF,Notts County,No,25,"October 8, 2000","England, United Kingdom",England,138.86,Declan Dunn,,,DF,,
Kiano Dyer,https://fbref.com/en/players/b43204f6/Kiano-Dyer,2023,2026,MF,"Volendam, Chelsea U21",Yes,19,"November 21, 2006","England, United Kingdom",,138.86,Kiano Dyer,,,MF,,
Kieron Dyer,https://fbref.com/en/players/90b5a2f2/Kieron-Dyer,1999,2013,MF,"Newcastle United, Ipswich Town, West Ham United, Middlesbrough, England, Queens Park Rangers",No,47,"December 29, 1978","Ipswich, England, United Kingdom",,124.36,Kieron Dyer,173 cm,5-8,MF,63 kg,141lb
George Eastham,https://fbref.com/en/players/7e7c1105/George-Eastham,1962,1966,"FW,MF",,No,89,"September 23, 1936","Blackpool, England, United Kingdom",,323.81,George Eastham,,,FW-MF,,
Bill Eckersley,https://fbref.com/en/players/fba5914c/Bill-Eckersley,1950,,DF,,No,100,"July 16, 1925","Southport, England, United Kingdom",,306.85,Bill Eckersley,,,DF,,
Robert Edmans,https://fbref.com/en/players/7914fbbd/Robert-Edmans,2011,2013,FW,"Dagenham & Redbridge, Macclesfield Town",No,38,"January 25, 1987","Greenwich, England, United Kingdom",England,23.56,Robert Edmans,200 cm,,FW,,
Jack Egan,https://fbref.com/en/players/65818deb/Jack-Egan,2017,2019,MF,,No,27,"October 16, 1998","England, United Kingdom",England,138.86,Jack Egan,,,MF,,
Ugo Ehiogu,https://fbref.com/en/players/bd8d3cd5/Ugo-Ehiogu,1992,2009,DF,"Aston Villa, Middlesbrough, Sheffield United, Rangers, Leeds United",No,53,"November 3, 1972","Hackney, England, United Kingdom",,23.59,Ugo Ehiogu,188 cm,6-2,DF,88 kg,196lb
Rhys Evans,https://fbref.com/en/players/049c2cbb/Rhys-Evans,2002,2014,GK,"Swindon Town, Bradford City, Blackpool, Millwall, Hereford United, Southend United, Queens Park Rang",No,43,"January 27, 1982","Swindon, England, United Kingdom",,102.18,Rhys Evans,186 cm,6-1,GK,87 kg,194lb
Waide Fairhurst,https://fbref.com/en/players/0d5e3f59/Waide-Fairhurst,2008,2016,FW,"Macclesfield Town, Hereford United, Lincoln City, Doncaster Rovers, Shrewsbury Town, FC Halifax Town",No,36,"May 7, 1989","Sheffield, England, United Kingdom",England,231.08,Waide Fairhurst,178 cm,5-10,FW,68 kg,152lb
John Fashanu,https://fbref.com/en/players/e9430452/John-Fashanu,1992,1995,FW,"Wimbledon, Aston Villa",No,63,"September 18, 1962","London, England, United Kingdom",,16.85,John Fashanu,,,FW,,
Justin Fashanu,https://fbref.com/en/players/25c73340/Justin-Fashanu,1993,1994,FW,,No,64,"February 19, 1961","London, England, United Kingdom",,16.85,Justin Fashanu,185 cm,,FW,,
Miles Fenton,https://fbref.com/en/players/ec7590ed/Miles-Fenton,2022,,MF,Greenville Triumph,Yes,26,"April 10, 1999","England, United Kingdom",England,138.86,Miles Fenton,,,MF,,
Nick Fenton,https://fbref.com/en/players/b8108aea/Nick-Fenton,2002,2014,DF,"Rotherham United, Notts County, Grimsby Town, Morecambe, Doncaster Rovers, Alfreton Town, Manchester",No,46,"November 23, 1979","Preston, Lancashire, England, United Kingdom",,305.37,Nick Fenton,185 cm,6-1,DF,81 kg,179lb
Terry Fenwick,https://fbref.com/en/players/437743fd/Terry-Fenwick,1986,1994,DF,"Swindon Town, Tottenham Hotspur, England",No,66,"November 17, 1959","Seaham, England, United Kingdom",,385.71,Terry Fenwick,178 cm,,DF,,
Les Ferdinand,https://fbref.com/en/players/aad47f5a/Les-Ferdinand,1992,2005,FW,"Tottenham Hotspur, Queens Park Rangers, Newcastle United, Leicester City, West Ham United, Reading,",No,59,"December 8, 1966","London, England, United Kingdom",,16.85,Les Ferdinand,181 cm,5-11½,FW,84 kg,187lb
Lorenz Ferdinand,https://fbref.com/en/players/e7086982/Lorenz-Ferdinand,2023,2026,GK,Brighton & Hove Albion U21,Yes,19,"July 24, 2006","England, United Kingdom",England,138.86,Lorenz Ferdinand,,,GK,,
Rio Ferdinand,https://fbref.com/en/players/52465662/Rio-Ferdinand,1995,2015,DF,"Manchester United, West Ham United, Leeds United, England, Queens Park Rangers, Bournemouth",No,47,"November 7, 1978","Camberwell, England, United Kingdom",,17.47,Rio Ferdinand,189 cm,6-2½,DF,82 kg,181lb
Tom Finney,https://fbref.com/en/players/457f5a21/Tom-Finney,1950,1958,"FW,MF",England,No,103,"April 5, 1922","Preston, Lancashire, England, United Kingdom",,305.37,Tom Finney,173 cm,,FW-MF,,
Jon Flanagan,https://fbref.com/en/players/f2428fd4/Jon-Flanagan,2010,2020,DF,"Liverpool, Rangers, Burnley, Bolton Wanderers, Liverpool U23",No,32,"January 1, 1993","Liverpool, England, United Kingdom",,285.38,Jon Flanagan,181 cm,5-11½,DF,72 kg,159lb
Josh Flanagan,https://fbref.com/en/players/f013db21/Josh-Flanagan,2020,2021,,,No,22,"June 30, 2003","England, United Kingdom",England,138.86,Josh Flanagan,,,,,
Alex Fletcher,https://fbref.com/en/players/840c239f/Alex-Fletcher,2016,2020,FW,"Plymouth Argyle, Aldershot Town, Torquay United",No,26,"February 9, 1999","Newton Abbot, England, United Kingdom",England,250.96,Alex Fletcher,179 cm,,FW,,
Alex Fletcher,https://fbref.com/en/players/a7d6a1d2/Alex-Fletcher,2024,2026,MF,"Telford United, Tamworth",Yes,29,"November 17, 1996","England, United Kingdom",England,138.86,Alex Fletcher,,,MF,,
Ashley Fletcher,https://fbref.com/en/players/eeb6551f/Ashley-Fletcher,2015,2026,FW,"Blackpool, Middlesbrough, Wigan Athletic, Sheffield Wednesday, Barnsley, West Ham United, Sunderland",Yes,30,"October 2, 1995","Keighley, England, United Kingdom",England,292.01,Ashley Fletcher,185 cm,6-1,FW,78 kg,174lb
Tim Flowers,https://fbref.com/en/players/df3b6e40/Tim-Flowers,1992,2003,GK,"Blackburn Rovers, Leicester City, Southampton, Coventry City, Stockport County",No,58,"February 3, 1967","Kenilworth, England, United Kingdom",,133.83,Tim Flowers,188 cm,6-2,GK,88 kg,196lb
Jamie Forrester,https://fbref.com/en/players/32f6c811/Jamie-Forrester,1992,2009,FW,"Lincoln City, Bristol Rovers, Hull City, Notts County, Northampton Town, Leeds United",No,51,"November 1, 1974","Bradford, England, United Kingdom",,280.74,Jamie Forrester,170 cm,5-7,FW,63 kg,141lb
Fraser Forster,https://fbref.com/en/players/c3e39f12/Fraser-Forster,2008,2025,GK,"Celtic, Southampton, Norwich City, Tottenham Hotspur, Stockport County, England, Bristol Rovers, Sou",No,37,"March 17, 1988","Hexham, England, United Kingdom",,412.08,Fraser Forster,201 cm,6-7,GK,92 kg,203lb
Ben Foster,https://fbref.com/en/players/d0b3ceb9/Ben-Foster,2004,2024,GK,"West Bromwich Albion, Watford, Birmingham City, Wrexham, Manchester United, England",No,42,"April 3, 1983","Royal Leamington Spa, England, United Kingdom",,127.3,Ben Foster,194 cm,6-4½,GK,93 kg,207lb
Owen Foster,https://fbref.com/en/players/b08a2a4b/Owen-Foster,2021,2026,GK,"Middlesbrough U21, Scunthorpe United",Yes,20,"January 7, 2005","England, United Kingdom",England,138.86,Owen Foster,,,GK,,
Stephen Foster,https://fbref.com/en/players/4c8f2100/Stephen-Foster,2001,2014,DF,"Barnsley, Crewe Alexandra, Burnley, Tranmere Rovers",No,45,"September 10, 1980","Warrington, England, United Kingdom",England,267.55,Stephen Foster,185 cm,6-1,DF,78 kg,174lb
Steve Foster,https://fbref.com/en/players/5b9db046/Steve-Foster,2014,2015,FW,,No,,,"England, United Kingdom",England,138.86,Steve Foster,,,FW,,
Steve Foster,https://fbref.com/en/players/6d722254/Steve-Foster,1982,,DF,,No,68,"September 24, 1957","Portsmouth, England, United Kingdom",,87.51,Steve Foster,185 cm,,DF,,
Steve Foster,https://fbref.com/en/players/b79e92d6/Steve-Foster,2003,2011,DF,"Brighton & Hove Albion, Darlington, Scunthorpe United, Doncaster Rovers, Mansfield Town",No,51,"December 3, 1974","Mansfield, England, United Kingdom",England,200.3,Steve Foster,183 cm,6-0,DF,79 kg,176lb
Robbie Fowler,https://fbref.com/en/players/7cd34266/Robbie-Fowler,1993,2011,FW,"Liverpool, Manchester City, Leeds United, Perth Glory, North Queensland Fury, Cardiff City, Blackbur",No,50,"April 9, 1975","Toxteth, England, United Kingdom",,282.93,Robbie Fowler,173 cm,5-8,FW,73 kg,163lb
Trevor Francis,https://fbref.com/en/players/849dbec1/Trevor-Francis,1982,1994,FW,"Sheffield Wednesday, England",No,71,"April 19, 1954","Plymouth, England, United Kingdom",,292.59,Trevor Francis,178 cm,,FW,,
Tom Gardiner,https://fbref.com/en/players/8616df68/Tom-Gardiner,2016,2017,DF,,No,30,"March 14, 1995","Hatfield, England, United Kingdom",England,38.42,Tom Gardiner,,,DF,,
Anthony Gardner,https://fbref.com/en/players/0f2da318/Anthony-Gardner,2000,2014,DF,"Tottenham Hotspur, Crystal Palace, Sheffield Wednesday, Hull City",No,45,"September 19, 1980","Stafford, England, United Kingdom",,196.48,Anthony Gardner,196 cm,6-5,DF,87 kg,192lb
Paul Gascoigne,https://fbref.com/en/players/56c33229/Paul-Gascoigne,1990,2005,MF,"Lazio, Middlesbrough, Everton, Rangers, Burnley, England, Boston United",No,58,"May 27, 1967","Dunston, England, United Kingdom",,402.5,Paul Gascoigne,177 cm,5-9½,MF,73 kg,163lb
Ben George,https://fbref.com/en/players/650cd6c9/Ben-George,2012,2013,DF,,No,32,"November 14, 1993","Birmingham, England, United Kingdom",England,159.58,Ben George,,,DF,,
Steven Gerrard,https://fbref.com/en/players/caeb5442/Steven-Gerrard,1998,2016,MF,"Liverpool, England, LA Galaxy",No,45,"May 30, 1980","Whiston, England, United Kingdom",,277.75,Steven Gerrard,183 cm,6-0,MF,83 kg,183lb
Kieran Gibbs,https://fbref.com/en/players/46ee5234/Kieran-Gibbs,2007,2022,"DF,MF","Arsenal, West Bromwich Albion, Inter Miami, Norwich City, England",No,36,"September 26, 1989","Lambeth, England, United Kingdom",,16.85,Kieran Gibbs,178 cm,5-10,DF-MF,63 kg,141lb
Paul Goddard,https://fbref.com/en/players/8802a175/Paul-Goddard,1992,1994,FW,Ipswich Town,No,66,"October 12, 1959","Harlington, England, United Kingdom",,61.13,Paul Goddard,176 cm,,FW,,
Joe Gomez,https://fbref.com/en/players/7a11550b/Joe-Gomez,2014,2026,DF,"Liverpool, Charlton Athletic, England, Liverpool U23",Yes,28,"May 23, 1997","Catford, England, United Kingdom",,21.74,Joe Gomez,188 cm,6-2,DF,77 kg,170lb
Jack Goodall,https://fbref.com/en/players/af637448/Jack-Goodall,2018,2021,DF,Greenville Triumph,No,27,"October 1, 1998","England, United Kingdom",England,138.86,Jack Goodall,,,DF,,
Harry Goode,https://fbref.com/en/players/70858a72/Harry-Goode,2017,2018,DF,,No,27,"October 24, 1998","England, United Kingdom",England,138.86,Harry Goode,,,DF,,
Leo Graham,https://fbref.com/en/players/e484c3fa/Leo-Graham,2025,2026,MF,Wigan Athletic,Yes,19,"February 17, 2006","England, England, United Kingdom",England,102.75,Leo Graham,,,MF,,
Andy Gray,https://fbref.com/en/players/af618250/Andy-Gray,1992,1994,"FW,MF",Tottenham Hotspur,No,61,"February 22, 1964","Lambeth, England, United Kingdom",,16.85,Andy Gray,188 cm,,FW-MF,,
Archie Gray,https://fbref.com/en/players/f58515f5/Archie-Gray,2021,2026,"DF,MF","Tottenham Hotspur, Leeds United, Leeds United U23, Leeds United U21",Yes,19,"March 12, 2006","England, United Kingdom",,138.86,Archie Gray,183 cm,6-0,DF-MF,57 kg,126lb
Mark Gray,https://fbref.com/en/players/76ebf42c/Mark-Gray,2016,2017,FW,,No,34,"December 19, 1991","Grimsby, England, United Kingdom",England,239.05,Mark Gray,,,FW,,
Michael Gray,https://fbref.com/en/players/fefae709/Michael-Gray,1996,2010,"DF,MF","Sunderland, Blackburn Rovers, Sheffield Wednesday, Wolverhampton Wanderers, Leeds United, Celtic",No,51,"August 3, 1974","Sunderland, England, United Kingdom",,393.78,Michael Gray,170 cm,5-7,DF-MF,67 kg,148lb
Richard Greaves,https://fbref.com/en/players/bba28bdd/Richard-Greaves,2016,2017,FW,,No,,,"England, United Kingdom",England,138.86,Richard Greaves,,,FW,,
Francis Green,https://fbref.com/en/players/47369bd1/Francis-Green,2002,2010,FW,"Lincoln City, Macclesfield Town, Boston United, Peterborough United, Kettering Town, Oxford United",No,45,"April 23, 1980","Nottingham, England, United Kingdom",England,179.12,Francis Green,175 cm,5-9,FW,72 kg,159lb
George Green,https://fbref.com/en/players/16f9386a/George-Green,2014,2017,MF,"Viking, Tranmere Rovers, Kilmarnock, Oldham Athletic",No,29,"January 2, 1996","Bradford, England, United Kingdom",,280.74,George Green,178 cm,5-10,MF,78 kg,174lb
Robert Green,https://fbref.com/en/players/a350680b/Robert-Green,2001,2018,GK,"Norwich City, West Ham United, Queens Park Rangers, Leeds United, England",No,45,"January 18, 1980","Chertsey, England, United Kingdom",,12.57,Robert Green,191 cm,6-3,GK,92 kg,205lb
Ryan Green,https://fbref.com/en/players/06760135/Ryan-Green,2018,2019,DF,,No,27,"October 5, 1998","England, United Kingdom",England,138.86,Ryan Green,,,DF,,
Josh Gregory,https://fbref.com/en/players/ffeb4b9b/Josh-Gregory,2016,2018,MF,,No,27,"June 5, 1998","Billinge, England, United Kingdom",England,281.59,Josh Gregory,179 cm,5-10½,MF,69 kg,154lb
Steve Guppy,https://fbref.com/en/players/3c05bb47/Steve-Guppy,1996,2008,MF,"Leicester City, Celtic, Stevenage Borough, Rochester Rhinos, Wycombe Wanderers, D.C. United, Stoke C",No,56,"March 29, 1969","Winchester, England, United Kingdom",,79.62,Steve Guppy,180 cm,5-11,MF,76 kg,168lb
Brandon Hall,https://fbref.com/en/players/e4d7ebd7/Brandon-Hall,2016,2021,GK,,No,32,"March 27, 1993","Waltham Forest, England, United Kingdom",England,29.08,Brandon Hall,,,GK,,
George Hall,https://fbref.com/en/players/2f421218/George-Hall,2021,2026,MF,"Birmingham City, Port Vale, Walsall, Birmingham City U23",Yes,21,"July 15, 2004","England, United Kingdom",England,138.86,George Hall,,,MF,,
Jack Hall,https://fbref.com/en/players/584fcfd1/Jack-Hall,2023,2025,GK,,No,21,"October 10, 2004","England, United Kingdom",England,138.86,Jack Hall,,,GK,,
Robert Hall,https://fbref.com/en/players/89602ebf/Robert-Hall,2011,2023,"FW,MF","Oxford United, Barnet, Milton Keynes Dons, Bolton Wanderers, Birmingham City, Forest Green Rovers, W",No,32,"October 20, 1993","Aylesbury, England, United Kingdom",,54.92,Robert Hall,173 cm,5-8,FW-MF,66 kg,146lb
Hannah Hampton,https://fbref.com/en/players/87f3ffa4/Hannah-Hampton,2017,2026,GK,"Chelsea, England, Birmingham City, Aston Villa",Yes,25,"November 16, 2000","England, United Kingdom",,138.86,Hannah Hampton,173 cm,,GK,,
Ryan Hanson,https://fbref.com/en/players/668679a2/Ryan-Hanson,2021,2025,"DF,MF","Torquay United, Dover Athletic",No,25,"December 6, 2000","England, United Kingdom",England,138.86,Ryan Hanson,,,DF-MF,,
Mick Harford,https://fbref.com/en/players/a8ef11f7/Mick-Harford,1992,1997,FW,"Wimbledon, Chelsea, Sunderland",No,66,"February 12, 1959","Sunderland, England, United Kingdom",,393.78,Mick Harford,193 cm,,FW,,
Owen Hargreaves,https://fbref.com/en/players/1b2b5b86/Owen-Hargreaves,2000,2012,MF,"Bayern Munich, Manchester United, England",No,44,"January 20, 1981","Calgary, Alberta, Canada",,7054.29,Owen Hargreaves,180 cm,5-11,MF,73 kg,163lb
Robert Harker,https://fbref.com/en/players/db1f2c5d/Robert-Harker,2015,2024,FW,"FC Halifax Town, Burnley U23, Hartlepool United",No,25,"March 6, 2000","Ripon, England, United Kingdom",England,312.32,Robert Harker,177 cm,5-9½,FW,74 kg,165lb
George Harmon,https://fbref.com/en/players/f3cbe35f/George-Harmon,2017,2026,"DF,MF","Cheltenham Town, Ross County, West Bromwich Albion U23",Yes,25,"December 8, 2000","England, United Kingdom",England,138.86,George Harmon,163 cm,5-4,DF-MF,59 kg,132lb
Alan Harper,https://fbref.com/en/players/6c23f7ec/Alan-Harper,1992,1993,"DF,MF","Luton Town, Burnley, Everton, Cardiff City",No,65,"November 1, 1960","Liverpool, England, United Kingdom",England,285.38,Alan Harper,183 cm,,DF-MF,,
Lee Harper,https://fbref.com/en/players/f2b5049d/Lee-Harper,1996,2011,GK,"Northampton Town, Queens Park Rangers, Kettering Town, Milton Keynes Dons, Walsall",No,54,"October 30, 1971","Chelsea, England, United Kingdom",England,13.26,Lee Harper,185 cm,6-1,GK,77 kg,170lb
Sophie Harris,https://fbref.com/en/players/63c09eda/Sophie-Harris,2018,2022,GK,Brighton & Hove Albion,No,31,"August 25, 1994","England, United Kingdom",England,138.86,Sophie Harris,,,GK,,
Spencer Harris,https://fbref.com/en/players/abb291eb/Spencer-Harris,2017,2018,DF,,No,35,"December 5, 1990","England, United Kingdom",England,138.86,Spencer Harris,,,DF,,
Joe Hart,https://fbref.com/en/players/cb4f24c6/Joe-Hart,2004,2024,GK,"Manchester City, Celtic, England, Shrewsbury Town, Torino, Birmingham City, West Ham United, Burnley",No,38,"April 19, 1987","Shrewsbury, England, United Kingdom",,219.09,Joe Hart,196 cm,6-5,GK,91 kg,201lb
Alex-Ray Harvey,https://fbref.com/en/players/f73cf9ef/Alex-Ray-Harvey,2016,2019,MF,Barrow,No,35,"April 4, 1990","Burnley, England, United Kingdom",England,293.47,Alex-Ray Harvey,,,MF,,
Cory Harvey,https://fbref.com/en/players/127f3d71/Cory-Harvey,2015,2016,GK,,No,,,"England, United Kingdom",England,138.86,Cory Harvey,,,GK,,
Mark Hateley,https://fbref.com/en/players/0f8dd17f/Mark-Hateley,1986,1997,FW,"Queens Park Rangers, Hull City, Rangers, Leeds United, England",No,64,"November 7, 1961","Derby, England, United Kingdom",,183.24,Mark Hateley,186 cm,6-1,FW,81 kg,179lb
Tom Heaton,https://fbref.com/en/players/a6de6361/Tom-Heaton,2005,2026,GK,"Manchester United, Burnley, Cardiff City, Bristol City, Aston Villa, Wycombe Wanderers, Swindon Town",Yes,39,"April 15, 1986","Chester, England, United Kingdom",,262.9,Tom Heaton,187 cm,6-1½,GK,84 kg,187lb
Dean Henderson,https://fbref.com/en/players/e5a76dfe/Dean-Henderson,2015,2026,GK,"Crystal Palace, England, Sheffield United, Shrewsbury Town, Manchester United, Nottingham Forest, Gr",Yes,28,"March 12, 1997","Whitehaven, England, United Kingdom",,410.59,Dean Henderson,188 cm,6-2,GK,73 kg,161lb
Jeff Henderson,https://fbref.com/en/players/30970c01/Jeff-Henderson,2014,,DF,Sligo Rovers,No,34,"December 19, 1991","England, United Kingdom",England,138.86,Jeff Henderson,,,DF,,
Jordan Henderson,https://fbref.com/en/players/935e6b8f/Jordan-Henderson,2008,2026,MF,"Liverpool, England, Brentford, Sunderland, Ajax, Al-Ettifaq, Coventry City",Yes,35,"June 17, 1990","Sunderland, England, United Kingdom",,393.78,Jordan Henderson,182 cm,5-11½,MF,67 kg,148lb
Lee Hendrie,https://fbref.com/en/players/8716663c/Lee-Hendrie,1995,2013,MF,"Aston Villa, Stoke City, Tamworth, Sheffield United, Kidderminster Harriers, Bradford City, Leiceste",No,48,"May 18, 1977","Birmingham, England, United Kingdom",,159.58,Lee Hendrie,178 cm,5-10,MF,68 kg,150lb
Luke Hendrie,https://fbref.com/en/players/417134fe/Luke-Hendrie,2015,2026,"DF,MF","Morecambe, Grimsby Town, Bradford City, Hartlepool United, Kilmarnock, York City, Shrewsbury Town",Yes,31,"August 27, 1994","Leeds, England, United Kingdom",,276.55,Luke Hendrie,187 cm,6-1½,DF-MF,63 kg,141lb
Aaron Henry,https://fbref.com/en/players/72b12581/Aaron-Henry,2019,2026,MF,"Boreham Wood, Wealdstone FC, Charlton Athletic, Rochdale, Crawley Town",Yes,22,"August 31, 2003","England, United Kingdom",England,138.86,Aaron Henry,,,MF,,
Charlie Henry,https://fbref.com/en/players/3ea1aa1c/Charlie-Henry,2010,2013,MF,"Newport County, Macclesfield Town, Aldershot Town, Telford United",No,39,"September 26, 1986","Stevenage, England, United Kingdom",England,53.83,Charlie Henry,167 cm,,MF,,
Ronnie Henry,https://fbref.com/en/players/a49c8ac4/Ronnie-Henry,2002,2020,DF,"Stevenage Borough, Luton Town, Southend United",No,41,"January 2, 1984","Hemel Hempstead, England, United Kingdom",England,37.66,Ronnie Henry,180 cm,5-11,DF,73 kg,163lb
Emile Heskey,https://fbref.com/en/players/30184789/Emile-Heskey,1994,2016,FW,"Liverpool, Leicester City, Aston Villa, Wigan Athletic, Birmingham City, Bolton Wanderers, Newcastle",No,47,"January 11, 1978","Leicester, England, United Kingdom",,145.65,Emile Heskey,192 cm,6-3½,FW,92 kg,203lb
Danny Hill,https://fbref.com/en/players/2055ed0e/Danny-Hill,1992,1995,MF,"Cardiff City, Tottenham Hotspur, Birmingham City",No,51,"October 1, 1974","Enfield, England, United Kingdom",England,30.68,Danny Hill,,,MF,,
Dave Hill,https://fbref.com/en/players/b5f43252/Dave-Hill,2000,2001,MF,,No,59,"June 6, 1966","Nottingham, England, United Kingdom",England,179.12,Dave Hill,,,MF,,
Dylan Hill,https://fbref.com/en/players/d470029b/Dylan-Hill,2024,2026,MF,Boston United,Yes,21,"April 22, 2004","England, England, United Kingdom",England,102.75,Dylan Hill,,,MF,,
James Hill,https://fbref.com/en/players/69942fb3/James-Hill,2018,2026,DF,"Bournemouth, Fleetwood Town, Blackburn Rovers, Heart of Midlothian",Yes,23,"January 10, 2002","England, United Kingdom",,138.86,James Hill,184 cm,6-½,DF,73 kg,161lb
Nicky Hill,https://fbref.com/en/players/f9de7b67/Nicky-Hill,2002,2003,DF,Bury,No,44,"February 26, 1981","Accrington, England, United Kingdom",England,293.62,Nicky Hill,183 cm,,DF,,
Rory Hill,https://fbref.com/en/players/aab894d8/Rory-Hill,2020,2021,MF,,No,26,"March 28, 1999","Lewisham, England, United Kingdom",England,22.68,Rory Hill,,,MF,,
Ryan Hill,https://fbref.com/en/players/297a396f/Ryan-Hill,2017,2026,"FW,MF","Aldershot Town, Eastleigh, Dagenham & Redbridge, Stoke City U23",Yes,27,"March 19, 1998","England, United Kingdom",England,138.86,Ryan Hill,,,FW-MF,,
Andy Hinchcliffe,https://fbref.com/en/players/4bb95ffe/Andy-Hinchcliffe,1992,2002,DF,"Everton, Sheffield Wednesday",No,56,"February 5, 1969","Manchester, England, United Kingdom",,263.1,Andy Hinchcliffe,178 cm,5-10,DF,81 kg,179lb
David Hirst,https://fbref.com/en/players/e274c78d/David-Hirst,1992,1999,FW,"Sheffield Wednesday, Southampton",No,58,"December 7, 1967","Cudworth, England, United Kingdom",,250.3,David Hirst,180 cm,5-11,FW,78 kg,172lb
Glenn Hoddle,https://fbref.com/en/players/231f7c03/Glenn-Hoddle,1982,1995,MF,"Swindon Town, Chelsea, England",No,68,"October 27, 1957","Hayes, England, United Kingdom",,11.09,Glenn Hoddle,183 cm,6-0,MF,73 kg,161lb
Steve Hodge,https://fbref.com/en/players/5cd08cec/Steve-Hodge,1986,1995,MF,"Leeds United, Queens Park Rangers, Derby County, England",No,63,"October 25, 1962","Nottingham, England, United Kingdom",,179.12,Steve Hodge,170 cm,,MF,,
Abby Holmes,https://fbref.com/en/players/55946c66/Abby-Holmes,2017,,DF,Sunderland,No,34,"May 26, 1991","Northallerton, England, United Kingdom",England,332.9,Abby Holmes,,,DF,,
Bradley Holmes,https://fbref.com/en/players/73a687d8/Bradley-Holmes,2020,2024,MF,"Dunfermline Athletic, Blackpool",No,23,"December 16, 2002","England, United Kingdom",England,138.86,Bradley Holmes,,,MF,,
Paul Holmes,https://fbref.com/en/players/6d4ace8b/Paul-Holmes,1992,2003,DF,"West Bromwich Albion, Everton, Birmingham City, Torquay United",No,57,"February 18, 1968",,England,,Paul Holmes,178 cm,,DF,,
Ella Houghton,https://fbref.com/en/players/aec9f020/Ella-Houghton,2022,2023,MF,,No,21,"September 26, 2004","England, United Kingdom",England,138.86,Ella Houghton,,,MF,,
Eddie Howe,https://fbref.com/en/players/13ab2469/Eddie-Howe,2001,2007,DF,Bournemouth,No,48,"November 29, 1977","Amersham, England, United Kingdom",,34.02,Eddie Howe,178 cm,,DF,,
Joe Howe,https://fbref.com/en/players/20ecaf95/Joe-Howe,2006,2017,DF,"Ebbsfleet United, Bromley",No,37,"January 21, 1988","Sidcup, England, United Kingdom",England,30.02,Joe Howe,185 cm,6-1,DF,77 kg,170lb
Luke Howell,https://fbref.com/en/players/7467a32a/Luke-Howell,2006,2019,"DF,MF","Dagenham & Redbridge, Milton Keynes Dons, Boreham Wood, Aldershot Town, Lincoln City",No,38,"January 5, 1987","Heathfield, England, United Kingdom",England,64.75,Luke Howell,178 cm,5-10,DF-MF,88 kg,196lb
Steve Howey,https://fbref.com/en/players/c1dd78cb/Steve-Howey,1993,2005,DF,"Newcastle United, Manchester City, Leicester City, Bolton Wanderers, New England Revolution",No,54,"October 26, 1971","Sunderland, England, United Kingdom",,393.78,Steve Howey,185 cm,6-1,DF,84 kg,187lb
Tom Huddlestone,https://fbref.com/en/players/464cbbc9/Tom-Huddlestone,2003,2024,MF,"Tottenham Hotspur, Derby County, Hull City, Manchester United U21, Wolverhampton Wanderers",No,39,"December 28, 1986","Nottingham, England, United Kingdom",,179.12,Tom Huddlestone,190 cm,6-3,MF,71 kg,157lb
Callum Hudson-Odoi,https://fbref.com/en/players/15f3ec41/Callum-Hudson-Odoi,2017,2026,"FW,MF","Nottingham Forest, Chelsea, Leverkusen, Chelsea U23, England",Yes,25,"November 7, 2000","Wandsworth, England, United Kingdom",,10.22,Callum Hudson-Odoi,182 cm,5-11½,FW-MF,76 kg,168lb
Emlyn Hughes,https://fbref.com/en/players/1263a60a/Emlyn-Hughes,1970,,"DF,MF",,No,78,"August 28, 1947","Barrow in Furness, England, United Kingdom",,358.79,Emlyn Hughes,178 cm,,DF-MF,,
Laurie Hughes,https://fbref.com/en/players/d0fd81d1/Laurie-Hughes,1950,,DF,England,No,101,"March 2, 1924","Liverpool, England, United Kingdom",,285.38,Laurie Hughes,,,DF,,
Lee Hughes,https://fbref.com/en/players/fd08b4e6/Lee-Hughes,2001,2015,FW,"West Bromwich Albion, Notts County, Oldham Athletic, Forest Green Rovers, Coventry City, Port Vale,",No,49,"May 22, 1976","Smethwick, England, United Kingdom",England,164.3,Lee Hughes,178 cm,5-10,FW,72 kg,159lb
Liam Hughes,https://fbref.com/en/players/f20bdb6f/Liam-Hughes,2010,2024,MF,"Cambridge United, Barrow, Inverness CT, Guiseley",No,33,"August 10, 1992","Rotherham, England, United Kingdom",England,233.91,Liam Hughes,193 cm,6-4,MF,86 kg,190lb
Jordan Hulme,https://fbref.com/en/players/d5221bb3/Jordan-Hulme,2015,2023,FW,"Altrincham, Salford City FC",No,35,"November 23, 1990","England, United Kingdom",England,138.86,Jordan Hulme,,,FW,,
Jack Hunt,https://fbref.com/en/players/60af9352/Jack-Hunt,2009,2025,"DF,MF","Sheffield Wednesday, Bristol City, Huddersfield Town, Bristol Rovers, Chesterfield, Nottingham Fores",Yes,35,"December 6, 1990","Rothwell, England, United Kingdom",England,115.63,Jack Hunt,175 cm,5-9,DF-MF,69 kg,154lb
Kevin Hunt,https://fbref.com/en/players/bd034195/Kevin-Hunt,2000,2001,MF,,No,50,"July 4, 1975","Chatham, England, United Kingdom",England,59.83,Kevin Hunt,,,MF,,
Rob Hunt,https://fbref.com/en/players/0d4e5b6f/Rob-Hunt,2015,2026,DF,"Colchester United, Swindon Town, Oldham Athletic, Leyton Orient, Brighton & Hove Albion",Yes,30,"July 7, 1995","Dagenham, England, United Kingdom",England,35.71,Rob Hunt,175 cm,5-9,DF,69 kg,154lb
Roger Hunt,https://fbref.com/en/players/4c162b8f/Roger-Hunt,1962,1966,FW,England,No,87,"July 20, 1938","Wigan, England, United Kingdom",,282.89,Roger Hunt,,,FW,,
Simon Hunt,https://fbref.com/en/players/c4f6c149/Simon-Hunt,1990,1991,MF,,No,62,"January 1, 1963","Chester, England, United Kingdom",England,262.9,Simon Hunt,,,MF,,
Stephen Hunt,https://fbref.com/en/players/db08ffe9/Stephen-Hunt,2004,2011,DF,"Notts County, Colchester United, Lincoln City",No,41,"November 11, 1984","Southampton, England, United Kingdom",England,94.92,Stephen Hunt,185 cm,6-1,DF,84 kg,187lb
Jack Hunter,https://fbref.com/en/players/64d91580/Jack-Hunter,2017,2026,"DF,MF","Hartlepool United, FC Halifax Town, Gateshead, Newcastle United U23",Yes,28,"October 14, 1997","England, United Kingdom",England,138.86,Jack Hunter,,,DF-MF,,
Jordan Hunter,https://fbref.com/en/players/c06be382/Jordan-Hunter,2017,2024,DF,"Gateshead, Sunderland U23",No,26,"December 6, 1999","England, United Kingdom",England,138.86,Jordan Hunter,,,DF,,
Norman Hunter,https://fbref.com/en/players/e6065317/Norman-Hunter,1966,1970,"DF,MF",,No,82,"October 29, 1943","Gateshead, England, United Kingdom",,402.81,Norman Hunter,,,DF-MF,,
Geoff Hurst,https://fbref.com/en/players/f0b61a98/Geoff-Hurst,1966,1970,FW,England,No,84,"December 8, 1941","Ashton-under-Lyne, England, United Kingdom",,259.02,Geoff Hurst,181 cm,,FW,,
Charlie I'Anson,https://fbref.com/en/players/907594ed/Charlie-IAnson,2010,2022,DF,"Grimsby Town, Alcorcón, Granada",No,32,"July 1, 1993","Luton, England, United Kingdom",England,52.31,Charlie I'Anson,181 cm,,DF,,
Paul Ince,https://fbref.com/en/players/3ce58c27/Paul-Ince,1992,2007,MF,"Manchester United, Wolverhampton Wanderers, Middlesbrough, Liverpool, Internazionale, England, Swind",No,58,"October 21, 1967","London, England, United Kingdom",,16.85,Paul Ince,178 cm,5-10,MF,77 kg,170lb
Danny Ings,https://fbref.com/en/players/07802f7f/Danny-Ings,2010,2026,FW,"Sheffield United, Burnley, Southampton, West Ham United, Aston Villa, Bournemouth, Liverpool, Liverp",Yes,33,"July 23, 1992","Winchester, England, United Kingdom",,79.62,Danny Ings,178 cm,5-10,FW,73 kg,161lb
Phil Jagielka,https://fbref.com/en/players/3233eefd/Phil-Jagielka,2001,2023,"DF,MF","Everton, Sheffield United, Stoke City, England, Derby County",No,43,"August 17, 1982","Manchester, England, United Kingdom",,263.1,Phil Jagielka,180 cm,5-11,DF-MF,76 kg,168lb
David James,https://fbref.com/en/players/86841dfb/David-James,1992,2013,GK,"Liverpool, Portsmouth, Manchester City, West Ham United, Bristol City, Aston Villa, Bournemouth, Eng",No,55,"August 1, 1970","Welwyn Garden City, England, United Kingdom",,43.0,David James,193 cm,6-4,GK,93 kg,207lb
Matthew Jarvis,https://fbref.com/en/players/02d6d2b4/Matthew-Jarvis,2003,2021,MF,"Wolverhampton Wanderers, Gillingham, West Ham United, Woking, Norwich City, Walsall",No,39,"May 22, 1986","Middlesbrough, England, United Kingdom",,355.94,Matthew Jarvis,170 cm,5-7,MF,68 kg,152lb
Francis Jeffers,https://fbref.com/en/players/21b2c885/Francis-Jeffers,1997,2013,FW,"Everton, Sheffield Wednesday, Arsenal, Newcastle Jets, Charlton Athletic, Blackburn Rovers, Rangers,",No,44,"January 25, 1981","Liverpool, England, United Kingdom",,285.38,Francis Jeffers,175 cm,5-9,FW,73 kg,163lb
Jermaine Jenas,https://fbref.com/en/players/3149f712/Jermaine-Jenas,2001,2014,MF,"Tottenham Hotspur, Newcastle United, Queens Park Rangers, Nottingham Forest, England, Aston Villa",No,42,"February 18, 1983","Nottingham, England, United Kingdom",,179.12,Jermaine Jenas,181 cm,5-11½,MF,73 kg,163lb
Carl Jenkinson,https://fbref.com/en/players/874125a3/Carl-Jenkinson,2010,2025,DF,"West Ham United, Arsenal, Newcastle Jets, Melbourne City, Nottingham Forest, Bromley, Birmingham Cit",Yes,33,"February 8, 1992","Harlow, England, United Kingdom",,48.33,Carl Jenkinson,187 cm,6-1½,DF,76 kg,168lb
Phil Jevons,https://fbref.com/en/players/2a920598/Phil-Jevons,1998,2013,FW,"Morecambe, Yeovil Town, Grimsby Town, Huddersfield Town, Bristol City, Hyde, Hull City, Everton, Bur",No,46,"August 1, 1979","Liverpool, England, United Kingdom",England,285.38,Phil Jevons,180 cm,5-11,FW,78 kg,174lb
Adam Johnson,https://fbref.com/en/players/1ba61951/Adam-Johnson,2004,2016,MF,"Sunderland, Middlesbrough, Manchester City, Watford, Leeds United, England",No,38,"July 14, 1987","Sunderland, England, United Kingdom",,393.78,Adam Johnson,181 cm,5-11½,MF,67 kg,148lb
Alex Johnson,https://fbref.com/en/players/bb129188/Alex-Johnson,2015,2016,FW,,No,33,"January 25, 1992","England, United Kingdom",England,138.86,Alex Johnson,,,FW,,
Ali Johnson,https://fbref.com/en/players/4ba2c39a/Ali-Johnson,2017,2019,MF,"Liverpool, Bristol City",No,,,"England, United Kingdom",,138.86,Ali Johnson,,,MF,,
Andrew Johnson,https://fbref.com/en/players/b7b215c2/Andrew-Johnson,2016,2017,MF,,No,39,"November 2, 1986","England, United Kingdom",England,138.86,Andrew Johnson,,,MF,,
Andrew Johnson,https://fbref.com/en/players/facd1b3e/Andrew-Johnson,2001,2015,FW,"Crystal Palace, Fulham, Birmingham City, Everton, Queens Park Rangers, England",No,44,"February 10, 1981","Bedford, England, United Kingdom",,79.78,Andrew Johnson,170 cm,5-7,FW,63 kg,141lb
Ben Johnson,https://fbref.com/en/players/9319781b/Ben-Johnson,2017,2026,"DF,MF","Ipswich Town, West Ham United, West Ham United U23",Yes,25,"January 24, 2000","Croydon, England, United Kingdom",,16.97,Ben Johnson,170 cm,5-7,DF-MF,68 kg,150lb
Dan Johnson,https://fbref.com/en/players/eb61ea16/Dan-Johnson,2016,2024,DF,Bromley,No,30,"October 4, 1995","England, United Kingdom",England,138.86,Dan Johnson,,,DF,,
Danny Johnson,https://fbref.com/en/players/fb8c7c98/Danny-Johnson,2014,2026,FW,"Hartlepool United, Gateshead, Walsall, Leyton Orient, Mansfield Town, Motherwell, Dundee, Stevenage,",Yes,32,"February 28, 1993","Middlesbrough, England, United Kingdom",England,355.94,Danny Johnson,178 cm,5-10,FW,82 kg,181lb
Darnell Johnson,https://fbref.com/en/players/8eaf6aea/Darnell-Johnson,2016,2024,DF,"Leicester City U23, Forest Green Rovers, AFC Wimbledon, Wigan Athletic, Fleetwood Town",No,27,"September 3, 1998","England, United Kingdom",,138.86,Darnell Johnson,185 cm,6-1,DF,83 kg,183lb
Eddie Johnson,https://fbref.com/en/players/391c966a/Eddie-Johnson,2003,2011,"FW,MF","Bradford City, Austin Aztex, Coventry City, Crewe Alexandra, Antwerp, Chester City, Portland Timbers",No,41,"September 20, 1984","Chester, England, United Kingdom",,262.9,Eddie Johnson,178 cm,5-10,FW-MF,73 kg,163lb
Elliott Johnson,https://fbref.com/en/players/9b01a154/Elliott-Johnson,2012,2025,"DF,MF","Barnet, Dagenham & Redbridge",No,31,"August 17, 1994","Hendon, England, United Kingdom",England,19.89,Elliott Johnson,178 cm,5-10,DF-MF,77 kg,170lb
Gabriel Johnson,https://fbref.com/en/players/e1b6591a/Gabriel-Johnson,2024,2025,FW,,No,29,"November 26, 1996","England, England, United Kingdom",England,102.75,Gabriel Johnson,,,FW,,
Gavin Johnson,https://fbref.com/en/players/0a548b42/Gavin-Johnson,1992,2007,"DF,MF","Wigan Athletic, Ipswich Town, Colchester United, Oxford United, Northampton Town, Luton Town, Boston",No,55,"October 10, 1970","Stowmarket, England, United Kingdom",England,124.91,Gavin Johnson,180 cm,5-11,DF-MF,74 kg,165lb
Glen Johnson,https://fbref.com/en/players/8cceca90/Glen-Johnson,2002,2018,DF,"Liverpool, Portsmouth, Stoke City, Chelsea, England, West Ham United, Millwall",No,41,"August 23, 1984","Greenwich, England, United Kingdom",,23.56,Glen Johnson,182 cm,5-11½,DF,69 kg,154lb
Huw Johnson,https://fbref.com/en/players/1e3f101a/Huw-Johnson,2011,2013,MF,AFC Wimbledon,No,34,"June 22, 1991","Hammersmith, England, United Kingdom",England,10.58,Huw Johnson,,,MF,,
John Johnson,https://fbref.com/en/players/63cc3cfb/John-Johnson,2008,2020,DF,"Northampton Town, Bengaluru, ATK, Tranmere Rovers",No,37,"September 16, 1988","Middlesbrough, England, United Kingdom",England,355.94,John Johnson,183 cm,6-0,DF,77 kg,170lb
Jorell Johnson,https://fbref.com/en/players/23c78822/Jorell-Johnson,2014,2015,DF,,No,29,"January 2, 1996","England, United Kingdom",England,138.86,Jorell Johnson,,,DF,,
Joseph Johnson,https://fbref.com/en/players/d9e7c4da/Joseph-Johnson,2022,2025,DF,Luton Town,Yes,19,"February 21, 2006","England, United Kingdom",,138.86,Joseph Johnson,180 cm,,DF,,
Joshua Johnson,https://fbref.com/en/players/a605536a/Joshua-Johnson,2021,2026,MF,"Oxford United, Maidenhead United",Yes,21,"September 26, 2004","England, United Kingdom",England,138.86,Joshua Johnson,,,MF,,
Justin Johnson,https://fbref.com/en/players/f0cdb21c/Justin-Johnson,2014,2026,FW,"Macclesfield FC, Dundee United, York City, Hamilton Academical",Yes,29,"August 27, 1996","The Hague, Netherlands",England,328.69,Justin Johnson,170 cm,,FW,,
Lee Johnson,https://fbref.com/en/players/5be44630/Lee-Johnson,2003,2013,MF,"Bristol City, Yeovil Town, Kilmarnock, Chesterfield, Heart of Midlothian, Derby County",No,44,"June 7, 1981","Newmarket, England, United Kingdom",England,104.42,Lee Johnson,168 cm,5-6,MF,66 kg,146lb
Sam Johnson,https://fbref.com/en/players/a8fe5f70/Sam-Johnson,2013,2026,GK,"FC Halifax Town, Port Vale, Gateshead, Alfreton Town",Yes,33,"December 1, 1992","Newcastle under Lyme, England, United Kingdom",England,219.08,Sam Johnson,201 cm,6-7,GK,71 kg,157lb
Seth Johnson,https://fbref.com/en/players/5915b54c/Seth-Johnson,1999,2007,"FW,MF","Derby County, Leeds United",No,46,"March 12, 1979","Birmingham, England, United Kingdom",,159.58,Seth Johnson,178 cm,5-10,FW-MF,69 kg,154lb
Sian Johnson,https://fbref.com/en/players/8eed0b88/Sian-Johnson,2017,,MF,,No,27,"January 25, 1998","England, United Kingdom",England,138.86,Sian Johnson,,,MF,,
Simon Johnson,https://fbref.com/en/players/dca18241/Simon-Johnson,2002,2011,MF,"Darlington, Eastbourne Borough, Hereford United, Hull City, Leeds United, Barnsley, Doncaster Rovers",No,42,"March 9, 1983","West Bromwich, England, United Kingdom",,166.92,Simon Johnson,175 cm,5-9,MF,74 kg,165lb
Tommy Johnson,https://fbref.com/en/players/e8fa6f69/Tommy-Johnson,1994,2006,FW,"Derby County, Aston Villa, Gillingham, Celtic, Scunthorpe United, Kilmarnock, Sheffield Wednesday, E",No,54,"January 15, 1971","Gateshead, England, United Kingdom",,402.81,Tommy Johnson,178 cm,5-10,FW,78 kg,172lb
Travis Johnson,https://fbref.com/en/players/65fcc044/Travis-Johnson,2018,2024,DF,"Crawley Town, Crewe Alexandra",No,25,"August 28, 2000","England, United Kingdom",England,138.86,Travis Johnson,,,DF,,
Tyreke Johnson,https://fbref.com/en/players/4701e130/Tyreke-Johnson,2016,2023,"FW,MF","Southampton U23, Woking, Hartford Athletic, Gillingham, Dagenham & Redbridge, Southampton",No,27,"November 3, 1998","England, United Kingdom",England,138.86,Tyreke Johnson,,,FW-MF,,
William Johnson,https://fbref.com/en/players/78ee05c1/William-Johnson,2018,2021,GK,Norwich City U23,No,26,"September 25, 1999","England, United Kingdom",England,138.86,William Johnson,,,GK,,
Aaron Jones,https://fbref.com/en/players/ab2ed7c9/Aaron-Jones,2017,2026,"DF,MF","Sutton United, Aldershot Town, King's Lynn Town FC, Bethlehem Steel FC",Yes,31,"March 11, 1994","Great Yarmouth, England, United Kingdom",England,193.28,Aaron Jones,175 cm,,DF-MF,,
Aaron Jones,https://fbref.com/en/players/fb7b4ee9/Aaron-Jones,2016,2017,DF,,No,32,"February 26, 1993","Chesterfield, England, United Kingdom",England,214.89,Aaron Jones,192 cm,6-3½,DF,87 kg,192lb
Abbey Jones,https://fbref.com/en/players/580bd02f/Abbey-Jones,2019,2020,MF,,No,,,"England, United Kingdom",England,138.86,Abbey Jones,,,MF,,
Alex Jones,https://fbref.com/en/players/018961c6/Alex-Jones,2015,2021,FW,"Bradford City, Port Vale, Partick Thistle, Cambridge United, Northampton Town, Grimsby Town",No,31,"September 28, 1994","Sutton Coldfield, England, United Kingdom",England,162.94,Alex Jones,185 cm,6-1,FW,73 kg,161lb
Alfie Jones,https://fbref.com/en/players/c6306447/Alfie-Jones,2017,2022,GK,,No,25,"October 2, 2000","England, United Kingdom",England,138.86,Alfie Jones,,,GK,,
Andrai Jones,https://fbref.com/en/players/d47f08d3/Andrai-Jones,2010,2017,DF,"Southport, Bury, Gateshead, Alfreton Town",No,33,"January 1, 1992","Liverpool, England, United Kingdom",England,285.38,Andrai Jones,180 cm,5-11,DF,68 kg,150lb
Archie Jones,https://fbref.com/en/players/ef1661c7/Archie-Jones,2019,2021,MF,,No,24,"June 13, 2001","England, United Kingdom",England,138.86,Archie Jones,,,MF,,
Ashlee Jones,https://fbref.com/en/players/a5cfe096/Ashlee-Jones,2009,2019,GK,Braintree Town,No,38,"August 4, 1987","Walthamstow, England, United Kingdom",England,28.03,Ashlee Jones,185 cm,,GK,,
Avan Jones,https://fbref.com/en/players/e4bb31b3/Avan-Jones,2021,2025,DF,,No,24,"November 2, 2001","England, United Kingdom",England,138.86,Avan Jones,,,DF,,
Barry Jones,https://fbref.com/en/players/c99c7a71/Barry-Jones,1991,1992,DF,,No,55,"June 20, 1970","Prescot, England, United Kingdom",England,279.25,Barry Jones,183 cm,,DF,,
Ben Jones,https://fbref.com/en/players/3a70c566/Ben-Jones,2020,2022,GK,,No,25,"November 29, 2000","England, United Kingdom",England,138.86,Ben Jones,,,GK,,
Billy Jones,https://fbref.com/en/players/4a7da20c/Billy-Jones,2002,2014,DF,"Exeter City, Crewe Alexandra, Leyton Orient, Cheltenham Town, Kidderminster Harriers, Newport County",No,42,"June 26, 1983","Chatham, England, United Kingdom",England,59.83,Billy Jones,185 cm,6-1,DF,72 kg,159lb
Billy Jones,https://fbref.com/en/players/aa3cb1ad/Billy-Jones,2003,2021,DF,"Preston North End, Crewe Alexandra, Sunderland, West Bromwich Albion, Rotherham United",No,38,"March 24, 1987","Shrewsbury, England, United Kingdom",,219.09,Billy Jones,181 cm,5-11½,DF,77 kg,170lb
Billy Jones,https://fbref.com/en/players/df822711/Billy-Jones,2022,2023,DF,,No,20,"April 18, 2005","England, United Kingdom",England,138.86,Billy Jones,,,DF,,
Bobby Jones,https://fbref.com/en/players/062a0e80/Bobby-Jones,2022,2026,GK,"Spennymoor Town FC, Boston United",Yes,24,"November 20, 2001","Darlington, England, United Kingdom",England,354.63,Bobby Jones,,,GK,,
Brad Jones,https://fbref.com/en/players/ca50ed24/Brad-Jones,2017,2018,GK,,No,26,"November 17, 1999","England, United Kingdom",England,138.86,Brad Jones,,,GK,,
Gary Jones,https://fbref.com/en/players/0f95466a/Gary-Jones,2001,2017,MF,"Rochdale, Bradford City, Barnsley, Southport, Notts County, Swansea City",No,48,"June 3, 1977","Birkenhead, England, United Kingdom",England,285.32,Gary Jones,178 cm,5-10,MF,76 kg,168lb
Gary Jones,https://fbref.com/en/players/852ccc76/Gary-Jones,2001,2008,FW,"Grimsby Town, Tranmere Rovers, Nottingham Forest",No,50,"May 10, 1975","Chester, England, United Kingdom",England,262.9,Gary Jones,190 cm,6-3,FW,76 kg,168lb
Harrison Jones,https://fbref.com/en/players/2a78981b/Harrison-Jones,2021,2026,MF,"Sunderland U21, Sunderland",Yes,21,"December 25, 2004","England, United Kingdom",England,138.86,Harrison Jones,,,MF,,
Matt Jones,https://fbref.com/en/players/76ba2a13/Matt-Jones,2013,2016,GK,"Belenenses, Tondela, Bethlehem Steel FC",No,39,"May 11, 1986","Stoke-on-Trent, England, United Kingdom",England,217.63,Matt Jones,190 cm,6-3,GK,83 kg,183lb
Matthew Jones,https://fbref.com/en/players/8f496daf/Matthew-Jones,2014,2015,MF,,No,30,"November 30, 1995","Shrewsbury, England, United Kingdom",England,219.09,Matthew Jones,183 cm,,MF,,
Matty Jones,https://fbref.com/en/players/c2e8203e/Matty-Jones,2013,2014,DF,,No,30,"November 30, 1995","Swindon, England, United Kingdom",England,102.18,Matty Jones,,,DF,,
Michael Jones,https://fbref.com/en/players/b361377d/Michael-Jones,2004,2009,GK,"Wrexham, Northwich Victoria",No,38,"December 3, 1987","Liverpool, England, United Kingdom",England,285.38,Michael Jones,193 cm,,GK,,
Mike Jones,https://fbref.com/en/players/a8771fa1/Mike-Jones,2006,2025,MF,"Bury, Carlisle United, Oldham Athletic, Crawley Town, Chesterfield, Barrow, Shrewsbury Town, Sheffie",No,38,"August 15, 1987","Birkenhead, England, United Kingdom",England,285.32,Mike Jones,173 cm,5-8,MF,78 kg,172lb
Paul Jones,https://fbref.com/en/players/a664a8de/Paul-Jones,2006,2023,GK,"Exeter City, Crawley Town, Portsmouth, King's Lynn Town FC, Peterborough United",No,39,"June 28, 1986","Maidstone, England, United Kingdom",England,61.76,Paul Jones,190 cm,6-3,GK,83 kg,183lb
Phil Jones,https://fbref.com/en/players/def899bd/Phil-Jones,2009,2022,"DF,MF","Manchester United, Blackburn Rovers, England, Manchester United U23",No,33,"February 21, 1992","Preston, Lancashire, England, United Kingdom",,305.37,Phil Jones,185 cm,6-1,DF-MF,81 kg,179lb
Ray Jones,https://fbref.com/en/players/43a1e34b/Ray-Jones,2006,2007,FW,Queens Park Rangers,No,37,"August 28, 1988","London, England, United Kingdom",,16.85,Ray Jones,193 cm,,FW,,
Ritchie Jones,https://fbref.com/en/players/13674825/Ritchie-Jones,2006,2015,MF,"Hartlepool United, FC Edmonton, Bradford City, Oldham Athletic, Barnsley, Yeovil Town, Grimsby Town,",No,39,"September 26, 1986","Manchester, England, United Kingdom",,263.1,Ritchie Jones,185 cm,6-1,MF,76 kg,168lb
Rob Jones,https://fbref.com/en/players/ca7aff54/Rob-Jones,2003,2017,DF,"Hibernian, Doncaster Rovers, Grimsby Town, Scunthorpe United, Sheffield Wednesday, Stockport County,",No,46,"November 3, 1979","Stockton-on-Tees, England, United Kingdom",England,355.57,Rob Jones,201 cm,6-7,DF,78 kg,172lb
Rob Jones,https://fbref.com/en/players/cd6a211c/Rob-Jones,1991,1998,DF,Liverpool,No,54,"November 5, 1971","Wrexham, Wales, United Kingdom",,256.25,Rob Jones,173 cm,5-8,DF,69 kg,154lb
Ryan Jones,https://fbref.com/en/players/33c68da9/Ryan-Jones,2020,2026,MF,"Aldershot Town, Bromley, Bristol Rovers",Yes,23,"May 23, 2002","England, United Kingdom",England,138.86,Ryan Jones,,,MF,,
Harry Kane,https://fbref.com/en/players/21a66f6a/Harry-Kane,2010,2026,FW,"Tottenham Hotspur, Bayern Munich, England, Millwall, Leyton Orient, Leicester City, Norwich City",Yes,32,"July 28, 1993","Walthamstow, England, United Kingdom",,28.03,Harry Kane,188 cm,6-2,FW,73 kg,161lb
Herbie Kane,https://fbref.com/en/players/9d25f51c/Herbie-Kane,2016,2026,MF,"Huddersfield Town, Barnsley, Doncaster Rovers, Oxford United, Liverpool U23, Hull City",Yes,27,"November 23, 1998","England, United Kingdom",,138.86,Herbie Kane,173 cm,5-8,MF,67 kg,148lb
Antony Kay,https://fbref.com/en/players/44717a3c/Antony-Kay,2001,2020,"DF,MF","Barnsley, Milton Keynes Dons, Huddersfield Town, Tranmere Rovers, Port Vale, Bury, Chorley FC",No,43,"October 21, 1982","Barnsley, England, United Kingdom",England,249.43,Antony Kay,184 cm,6-½,DF-MF,84 kg,187lb
Michael Kay,https://fbref.com/en/players/68fdb9a3/Michael-Kay,2010,2016,DF,"Chester, Tranmere Rovers, Gateshead",No,36,"September 12, 1989","Consett, England, United Kingdom",,394.45,Michael Kay,185 cm,6-1,DF,74 kg,165lb
Michael Keane,https://fbref.com/en/players/c5b7c315/Michael-Keane,2012,2026,DF,"Everton, Burnley, Leicester City, Blackburn Rovers, England, Derby County",Yes,32,"January 11, 1993","Stockport, England, United Kingdom",,253.38,Michael Keane,191 cm,6-3,DF,72 kg,159lb
Kevin Keegan,https://fbref.com/en/players/3f39a996/Kevin-Keegan,1982,,FW,,No,74,"February 14, 1951","Armthorpe, England, United Kingdom",,240.52,Kevin Keegan,173 cm,5-8,FW,73 kg,161lb
Bradley Kelly,https://fbref.com/en/players/c2fb28d7/Bradley-Kelly,2021,2025,GK,,Yes,25,"July 3, 2000","England, United Kingdom",England,138.86,Bradley Kelly,,,GK,,
Marcus Kelly,https://fbref.com/en/players/a9c9e0ba/Marcus-Kelly,2003,2018,MF,"Rushden & Diamonds, Forest Green Rovers, Kettering Town, Wrexham, Tamworth, Oxford United",No,39,"March 16, 1986","Kettering, England, United Kingdom",England,111.88,Marcus Kelly,170 cm,5-7,MF,66 kg,146lb
Martin Kelly,https://fbref.com/en/players/d7492450/Martin-Kelly,2008,2024,"DF,MF","Crystal Palace, Liverpool, Crystal Palace U23, Huddersfield Town, West Bromwich Albion",No,35,"April 27, 1990","Whiston, England, United Kingdom",,277.75,Martin Kelly,191 cm,6-3,DF-MF,77 kg,170lb
Martin Keown,https://fbref.com/en/players/b844a204/Martin-Keown,1992,2005,"DF,MF","Arsenal, Leicester City, Everton, Reading, England",No,59,"July 24, 1966","Oxford, England, United Kingdom",,73.88,Martin Keown,186 cm,6-1,DF-MF,83 kg,183lb
Jack King,https://fbref.com/en/players/ebede3aa/Jack-King,2012,2020,"DF,MF","Preston North End, Stevenage, Ebbsfleet United, Scunthorpe United",No,40,"August 20, 1985","Oxford, England, United Kingdom",England,73.88,Jack King,185 cm,6-1,DF-MF,79 kg,176lb
Ledley King,https://fbref.com/en/players/83ca192d/Ledley-King,1998,2012,"DF,MF","Tottenham Hotspur, England",No,45,"October 12, 1980","Bow, England, United Kingdom",,24.17,Ledley King,188 cm,6-2,DF-MF,84 kg,187lb
Liam King,https://fbref.com/en/players/10a9b8f4/Liam-King,2006,2018,MF,"Altrincham, Rotherham United, FC Halifax Town",No,38,"December 31, 1987","Rainworth, England, United Kingdom",England,196.09,Liam King,175 cm,5-9,MF,66 kg,146lb
Rhys King,https://fbref.com/en/players/26dcae19/Rhys-King,2018,2019,FW,,No,,,"England, United Kingdom",England,138.86,Rhys King,,,FW,,
Ryan Kingsford,https://fbref.com/en/players/001fa5ab/Ryan-Kingsford,2023,,FW,,No,24,"August 13, 2001","England, England, United Kingdom",England,102.75,Ryan Kingsford,,,FW,,
Chris Kirkland,https://fbref.com/en/players/710265d2/Chris-Kirkland,2000,2016,GK,"Wigan Athletic, Sheffield Wednesday, Liverpool, Coventry City, West Bromwich Albion, Preston North E",No,44,"May 2, 1981","Leicester, England, United Kingdom",,145.65,Chris Kirkland,191 cm,6-3,GK,79 kg,176lb
Zat Knight,https://fbref.com/en/players/607efc45/Zat-Knight,2001,2015,DF,"Bolton Wanderers, Fulham, Aston Villa, Colorado Rapids",No,45,"May 2, 1980","Solihull, England, United Kingdom",,148.32,Zat Knight,198 cm,6-6,DF,91 kg,201lb
Paul Konchesky,https://fbref.com/en/players/941bcf75/Paul-Konchesky,1998,2018,"DF,FW","Charlton Athletic, Leicester City, Fulham, West Ham United, Queens Park Rangers, Gillingham, Liverpo",No,44,"May 15, 1981","London, England, United Kingdom",,16.85,Paul Konchesky,178 cm,5-10,DF-FW-MF,68 kg,152lb
Brian Labone,https://fbref.com/en/players/bdc55621/Brian-Labone,1970,,DF,England,No,85,"January 23, 1940","Liverpool, England, United Kingdom",,285.38,Brian Labone,185 cm,,DF,,
Adam Lallana,https://fbref.com/en/players/99813635/Adam-Lallana,2006,2025,"FW,MF","Southampton, Liverpool, Brighton & Hove Albion, England, Bournemouth",No,37,"May 10, 1988","St Albans, England, United Kingdom",,36.57,Adam Lallana,173 cm,5-8,FW-MF,67 kg,148lb
Jack Lambert,https://fbref.com/en/players/d86f41ea/Jack-Lambert,2017,2024,MF,"Kidderminster Harriers, Dundee",No,26,"March 19, 1999","England, United Kingdom",England,138.86,Jack Lambert,,,MF,,
Rickie Lambert,https://fbref.com/en/players/495de82c/Rickie-Lambert,2002,2017,FW,"Southampton, Bristol Rovers, Stockport County, Rochdale, Liverpool, West Bromwich Albion, Cardiff Ci",No,43,"February 16, 1982","Kirkby, England, United Kingdom",,287.48,Rickie Lambert,187 cm,6-1½,FW,77 kg,170lb
Frank Lampard,https://fbref.com/en/players/268df6b1/Frank-Lampard,1995,2016,MF,"Chelsea, West Ham United, England, Manchester City, New York City FC, Swansea City",No,47,"June 20, 1978","Romford, England, United Kingdom",,39.41,Frank Lampard,184 cm,6-½,MF,87 kg,194lb
Graeme Le Saux,https://fbref.com/en/players/0bd42c09/Graeme-Le-Saux,1992,2005,DF,"Chelsea, Blackburn Rovers, Southampton, England",No,57,"October 17, 1968","Saint Helier, Jersey",,279.42,Graeme Le Saux,178 cm,5-10,DF,76 kg,168lb
Matt Le Tissier,https://fbref.com/en/players/d5e78451/Matt-Le-Tissier,1992,2002,"FW,MF",Southampton,No,57,"October 14, 1968","Saint Peter Port, Guernsey",,269.26,Matt Le Tissier,185 cm,6-1,FW-MF,86 kg,190lb
Maya Le Tissier,https://fbref.com/en/players/087316e6/Maya-Le-Tissier,2018,2026,DF,"Manchester United, England, Brighton & Hove Albion",Yes,23,"April 18, 2002","England, United Kingdom",,138.86,Maya Le Tissier,171 cm,5-7½,DF,58 kg,130lb
Brandon Lee,https://fbref.com/en/players/946c9348/Brandon-Lee,2025,2026,DF,Macclesfield FC,Yes,26,"November 30, 1999","England, England, United Kingdom",England,102.75,Brandon Lee,,,DF,,
Charlie Lee,https://fbref.com/en/players/4963b778/Charlie-Lee,2006,2021,"DF,MF","Peterborough United, Stevenage, Gillingham, Yeovil Town, Leyton Orient, Millwall",No,38,"January 5, 1987","Whitechapel, England, United Kingdom",England,21.1,Charlie Lee,175 cm,5-9,DF-MF,78 kg,174lb
Francis Lee,https://fbref.com/en/players/ce222219/Francis-Lee,1970,,FW,England,No,81,"April 29, 1944","Westhoughton, England, United Kingdom",,279.49,Francis Lee,173 cm,,FW,,
Jack Lee,https://fbref.com/en/players/b50635ce/Jack-Lee,2018,2019,DF,,No,27,"December 9, 1998","Sunderland, England, United Kingdom",England,393.78,Jack Lee,178 cm,5-10,DF,68 kg,152lb
Jason Lee,https://fbref.com/en/players/e9c268b6/Jason-Lee,1994,2009,FW,"Nottingham Forest, Notts County, Boston United, Watford, Peterborough United, Mansfield Town, Northa",No,54,"May 9, 1971","Forest Gate, England, United Kingdom",England,28.35,Jason Lee,192 cm,6-3½,FW,86 kg,190lb
Jordan Lee,https://fbref.com/en/players/8cfe717a/Jordan-Lee,2015,2018,DF,Torquay United,No,29,"December 31, 1996","Bournemouth, England, United Kingdom",England,133.9,Jordan Lee,178 cm,5-10,DF,76 kg,168lb
Richard Lee,https://fbref.com/en/players/624f2897/Richard-Lee,2002,2015,GK,"Watford, Brentford",No,43,"October 5, 1982","Oxford, England, United Kingdom",,73.88,Richard Lee,183 cm,6-0,GK,83 kg,183lb
Rob Lee,https://fbref.com/en/players/291b2178/Rob-Lee,1993,2006,MF,"Newcastle United, Derby County, Wycombe Wanderers, West Ham United, Charlton Athletic",No,59,"February 1, 1966","London, England, United Kingdom",,16.85,Rob Lee,180 cm,5-11,MF,76 kg,168lb
Sammy Lee,https://fbref.com/en/players/94ca9664/Sammy-Lee,1988,1990,MF,Osasuna,No,66,"February 7, 1959","Liverpool, England, United Kingdom",,285.38,Sammy Lee,157 cm,,MF,,
Aaron Lennon,https://fbref.com/en/players/2ff964a0/Aaron-Lennon,2003,2022,"FW,MF","Tottenham Hotspur, Burnley, Everton, Leeds United, Kayserispor, England",No,38,"April 16, 1987","Leeds, England, United Kingdom",,276.55,Aaron Lennon,165 cm,5-5,FW-MF,62 kg,137lb
Joleon Lescott,https://fbref.com/en/players/62393d3b/Joleon-Lescott,2001,2017,DF,"Wolverhampton Wanderers, Manchester City, Everton, West Bromwich Albion, Aston Villa, England, AEK A",No,43,"August 16, 1982","Birmingham, England, United Kingdom",,159.58,Joleon Lescott,188 cm,6-2,DF,82 kg,181lb
Gary Lineker,https://fbref.com/en/players/c2b90a23/Gary-Lineker,1986,1990,FW,"Barcelona, England",No,65,"November 30, 1960","Leicester, England, United Kingdom",,145.65,Gary Lineker,177 cm,5-9½,FW,73 kg,163lb
Jesse Lingard,https://fbref.com/en/players/810e3c74/Jesse-Lingard,2012,2025,"FW,MF","FC Seoul, Manchester United, England, Nottingham Forest, West Ham United, Brighton & Hove Albion, De",Yes,33,"December 15, 1992","Warrington, England, United Kingdom",,267.55,Jesse Lingard,174 cm,5-8½,FW-MF,68 kg,152lb
Jake Livermore,https://fbref.com/en/players/b98570d1/Jake-Livermore,2007,2024,MF,"West Bromwich Albion, Hull City, Tottenham Hotspur, Watford, Derby County, Ipswich Town, Peterboroug",No,36,"November 14, 1989","Enfield, England, United Kingdom",,30.68,Jake Livermore,175 cm,5-9,MF,69 kg,154lb
Ruben Loftus-Cheek,https://fbref.com/en/players/e97fd090/Ruben-Loftus-Cheek,2014,2026,MF,"Milan, England, Chelsea, Fulham, Crystal Palace",Yes,29,"January 23, 1996","Lewisham, England, United Kingdom",,22.68,Ruben Loftus-Cheek,191 cm,6-3,MF,83 kg,183lb
Gary Mabbutt,https://fbref.com/en/players/be519c25/Gary-Mabbutt,1992,1998,"DF,MF",Tottenham Hotspur,No,64,"August 23, 1961","City of Bristol, England, United Kingdom",,156.55,Gary Mabbutt,177 cm,5-9½,DF-MF,79 kg,176lb
Harry Maguire,https://fbref.com/en/players/d8931174/Harry-Maguire,2010,2026,DF,"Manchester United, Sheffield United, Leicester City, Hull City, England, Wigan Athletic",Yes,32,"March 5, 1993","Sheffield, England, United Kingdom",,231.08,Harry Maguire,188 cm,6-2,DF,78 kg,174lb
Ryan Mallon,https://fbref.com/en/players/b11239d6/Ryan-Mallon,2001,2002,FW,,No,42,"March 22, 1983","Sheffield, England, United Kingdom",England,231.08,Ryan Mallon,175 cm,,FW,,
Wilf Mannion,https://fbref.com/en/players/43899165/Wilf-Mannion,1950,,FW,,No,107,"May 16, 1918","Middlesbrough, England, United Kingdom",,355.94,Wilf Mannion,173 cm,5-8,FW,69 kg,154lb
William Mannion,https://fbref.com/en/players/02bed2cb/William-Mannion,2016,2026,GK,"Charlton Athletic, Cambridge United, Aldershot Town",Yes,27,"May 5, 1998","Milton Keynes, England, United Kingdom",England,74.69,William Mannion,192 cm,6-3½,GK,79 kg,176lb
Paul Mariner,https://fbref.com/en/players/3ef7cc2d/Paul-Mariner,1982,,FW,England,No,72,"May 22, 1953","Farnworth, England, United Kingdom",,274.89,Paul Mariner,183 cm,,FW,,
Jacob Marsden,https://fbref.com/en/players/358ec639/Jacob-Marsden,2018,2023,GK,,No,29,"October 14, 1996","England, United Kingdom",England,138.86,Jacob Marsden,,,GK,,
John Marsden,https://fbref.com/en/players/e306d054/John-Marsden,2013,2017,FW,"Southport, Lincoln City, Shrewsbury Town",No,33,"December 9, 1992","Liverpool, England, United Kingdom",England,285.38,John Marsden,170 cm,,FW,,
Tom Marshall,https://fbref.com/en/players/388ef0e9/Tom-Marshall,2014,2015,DF,,No,38,"November 16, 1987","England, United Kingdom",England,138.86,Tom Marshall,,,DF,,
Aaron Martin,https://fbref.com/en/players/2b118830/Aaron-Martin,2009,2024,DF,"Coventry City, Exeter City, Eastleigh, Port Vale, Hamilton Academical, Oxford United, Southampton, S",No,36,"September 29, 1989","Newport, England, United Kingdom",England,105.17,Aaron Martin,190 cm,6-3,DF,76 kg,168lb
Aaron Martin,https://fbref.com/en/players/539c89d2/Aaron-Martin,2020,2023,FW,"Harrogate Town FC, Gateshead, FC Halifax Town",No,34,"July 5, 1991","England, United Kingdom",England,138.86,Aaron Martin,,,FW,,
Adam Martin,https://fbref.com/en/players/8c4c1bc9/Adam-Martin,2016,2017,MF,,No,35,"July 16, 1990","England, United Kingdom",England,138.86,Adam Martin,,,MF,,
Alvin Martin,https://fbref.com/en/players/2eb72478/Alvin-Martin,1986,1996,DF,West Ham United,No,67,"July 29, 1958","Bootle, England, United Kingdom",,289.21,Alvin Martin,185 cm,,DF,,
Amy Martin,https://fbref.com/en/players/0f237f87/Amy-Martin,2020,2021,GK,,No,,,"England, United Kingdom",England,138.86,Amy Martin,,,GK,,
Gary Martin,https://fbref.com/en/players/1ae9d8b2/Gary-Martin,2009,2018,FW,"Lillestrøm, Lokeren",No,35,"October 10, 1990","Darlington, England, United Kingdom",England,354.63,Gary Martin,180 cm,5-11,FW,78 kg,174lb
Nigel Martyn,https://fbref.com/en/players/8977904e/Nigel-Martyn,1992,2006,GK,"Leeds United, Crystal Palace, Everton",No,59,"August 11, 1966","St Austell, England, United Kingdom",,336.1,Nigel Martyn,188 cm,6-2,GK,92 kg,203lb
Cameron Mason,https://fbref.com/en/players/d581c3da/Cameron-Mason,2016,2024,GK,,No,29,"January 21, 1996",,England,,Cameron Mason,,,GK,,
Christopher Mason,https://fbref.com/en/players/730e5fa7/Christopher-Mason,2016,2017,DF,,No,,,"England, United Kingdom",England,138.86,Christopher Mason,,,DF,,
Paul Mason,https://fbref.com/en/players/2e2236b9/Paul-Mason,1993,1995,MF,Ipswich Town,No,62,"September 3, 1963","Liverpool, England, United Kingdom",England,285.38,Paul Mason,175 cm,5-9,MF,77 kg,170lb
Ryan Mason,https://fbref.com/en/players/c8fac933/Ryan-Mason,2008,2017,MF,"Tottenham Hotspur, Yeovil Town, Hull City, Doncaster Rovers, Swindon Town, Millwall",No,34,"June 13, 1991","Enfield Town, England, United Kingdom",,30.74,Ryan Mason,175 cm,5-9,MF,68 kg,150lb
Sam Matthews,https://fbref.com/en/players/e909b757/Sam-Matthews,2016,2023,"FW,MF","Crawley Town, Bristol Rovers, Eastleigh, Aldershot Town, Wealdstone FC",No,28,"March 1, 1997","England, United Kingdom",England,138.86,Sam Matthews,,,FW-MF,,
Stanley Matthews,https://fbref.com/en/players/1b2bb04b/Stanley-Matthews,1950,1954,"FW,MF",England,No,110,"February 1, 1915","Hanley, England, United Kingdom",,218.29,Stanley Matthews,174 cm,,FW-MF,,
Gavin McCann,https://fbref.com/en/players/d1e78f75/Gavin-McCann,1997,2010,MF,"Sunderland, Aston Villa, Bolton Wanderers, Everton",No,47,"January 10, 1978","Blackpool, England, United Kingdom",,323.81,Gavin McCann,180 cm,5-11,MF,69 kg,154lb
Alan McCarthy,https://fbref.com/en/players/6aea5635/Alan-McCarthy,1993,1995,DF,"Watford, Queens Park Rangers",No,53,"January 11, 1972","Wandsworth, England, United Kingdom",England,10.22,Alan McCarthy,,,DF,,
Alex McCarthy,https://fbref.com/en/players/36c2ca73/Alex-McCarthy,2007,2026,GK,"Southampton, Reading, Yeovil Town, Ipswich Town, Southampton U23, Crystal Palace, Leeds United, Alde",Yes,36,"December 3, 1989","Guildford, England, United Kingdom",,26.96,Alex McCarthy,193 cm,6-4,GK,82 kg,181lb
Ashley McCarthy,https://fbref.com/en/players/035b1054/Ashley-McCarthy,2022,2023,DF,,No,21,"December 2, 2004","England, United Kingdom",England,138.86,Ashley McCarthy,,,DF,,
Terry McDermott,https://fbref.com/en/players/93c9aed3/Terry-McDermott,1982,,MF,,No,74,"December 8, 1951","Kirkby, England, United Kingdom",,287.48,Terry McDermott,178 cm,,MF,,
Tommy McDermott,https://fbref.com/en/players/9ff4987f/Tommy-McDermott,2021,2026,MF,"Shrewsbury Town, Port Vale, Rochdale",Yes,20,"June 1, 2005","England, United Kingdom",England,138.86,Tommy McDermott,,,MF,,
Sam McMahon,https://fbref.com/en/players/0f3338a6/Sam-McMahon,1994,1998,MF,Leicester City,No,49,"February 10, 1976","Newark on Trent, England, United Kingdom",England,186.68,Sam McMahon,175 cm,,MF,,
Steve McMahon,https://fbref.com/en/players/4f36a7fc/Steve-McMahon,2002,2006,"DF,MF","Blackpool, Perth Glory, Kidderminster Harriers",No,41,"July 31, 1984","Southport, England, United Kingdom",England,306.85,Steve McMahon,175 cm,,DF-MF,,
Steve McMahon,https://fbref.com/en/players/98faf70c/Steve-McMahon,1990,1995,"DF,FW","Manchester City, Swindon Town, Liverpool, England",No,64,"August 20, 1961","Halewood, England, United Kingdom",,274.48,Steve McMahon,176 cm,,DF-FW-MF,,
Steve McManaman,https://fbref.com/en/players/9be05f40/Steve-McManaman,1991,2005,MF,"Liverpool, Real Madrid, Manchester City",No,53,"February 11, 1972","Liverpool, England, United Kingdom",,285.38,Steve McManaman,183 cm,6-0,MF,72 kg,159lb
Tom Meechan,https://fbref.com/en/players/b60401f1/Tom-Meechan,2015,2016,FW,Newport County,No,34,"January 26, 1991","Cambridgeshire, England, United Kingdom",England,107.35,Tom Meechan,,,FW,,
Paul Merson,https://fbref.com/en/players/eba7e6fd/Paul-Merson,1991,2006,"FW,MF","Arsenal, Aston Villa, Walsall, Middlesbrough, Portsmouth",No,57,"March 20, 1968","Harlesden, England, United Kingdom",,13.44,Paul Merson,182 cm,5-11½,FW-MF,83 kg,183lb
Jackie Milburn,https://fbref.com/en/players/2adab4a5/Jackie-Milburn,1950,,FW,,No,101,"May 11, 1924","Ashington, England, United Kingdom",,426.39,Jackie Milburn,180 cm,,FW,,
Alan Miller,https://fbref.com/en/players/ba82c15d/Alan-Miller,1991,2002,GK,"West Bromwich Albion, Middlesbrough, St Johnstone, Arsenal",No,55,"March 29, 1970","Epping, England, United Kingdom",,43.17,Alan Miller,191 cm,,GK,,
George Miller,https://fbref.com/en/players/2d14140b/George-Miller,2015,2026,FW,"Cheltenham Town, Bury, Bradford City, Walsall, Doncaster Rovers, Scunthorpe United, Middlesbrough U2",Yes,27,"August 11, 1998","Bolton, England, United Kingdom",England,278.85,George Miller,183 cm,6-0,FW,74 kg,165lb
Danny Mills,https://fbref.com/en/players/240e4301/Danny-Mills,1998,2008,DF,"Leeds United, Norwich City, Charlton Athletic, Manchester City, Middlesbrough, Hull City, England",No,48,"May 18, 1977","Norwich, England, United Kingdom",,174.24,Danny Mills,178 cm,5-10,DF,72 kg,159lb
Danny Mills,https://fbref.com/en/players/99c1acc9/Danny-Mills,2008,2020,FW,"Kettering Town, Tamworth, Histon, Ebbsfleet United, Whitehawk FC, Peterborough United",No,34,"June 2, 1991","Croydon, England, United Kingdom",England,16.97,Danny Mills,193 cm,6-4,FW,83 kg,185lb
Gary Mills,https://fbref.com/en/players/894928f7/Gary-Mills,2002,2013,MF,"Rushden & Diamonds, Mansfield Town, Crawley Town, Stevenage Borough, Lincoln City, Bath City",No,44,"May 20, 1981","Isle of Sheppey, England, United Kingdom",England,80.48,Gary Mills,175 cm,5-9,MF,73 kg,161lb
Gary Mills,https://fbref.com/en/players/9225c3af/Gary-Mills,1994,2010,"DF,MF",Leicester City,No,64,"November 11, 1961","Northampton, England, United Kingdom",,98.37,Gary Mills,178 cm,,DF-MF,,
Greg Mills,https://fbref.com/en/players/e745a9f0/Greg-Mills,2009,2012,MF,Telford United,No,35,"September 18, 1990","Leicester, England, United Kingdom",England,145.65,Greg Mills,180 cm,,MF,,
Matt Mills,https://fbref.com/en/players/593f52b7/Matt-Mills,2004,2020,DF,"Bolton Wanderers, Nottingham Forest, Doncaster Rovers, Reading, Leicester City, Forest Green Rovers,",No,39,"July 14, 1986","Swindon, England, United Kingdom",,102.18,Matt Mills,191 cm,6-3,DF,81 kg,179lb
Mick Mills,https://fbref.com/en/players/366a0f3b/Mick-Mills,1982,,DF,England,No,76,"January 4, 1949","Godalming, England, United Kingdom",,33.13,Mick Mills,170 cm,,DF,,
James Milner,https://fbref.com/en/players/2f90f6b8/James-Milner,2002,2026,"DF,MF","Liverpool, Brighton & Hove Albion, Manchester City, Newcastle United, Aston Villa, Leeds United, Eng",Yes,39,"January 4, 1986","Leeds, England, United Kingdom",,276.55,James Milner,176 cm,5-9½,DF-MF,69 kg,154lb
John Mitchell,https://fbref.com/en/players/6505fd1c/John-Mitchell,2016,2017,DF,,No,27,"February 21, 1998","England, United Kingdom",England,138.86,John Mitchell,,,DF,,
Jonathan Mitchell,https://fbref.com/en/players/ec4a766a/Jonathan-Mitchell,2014,2024,GK,"Doncaster Rovers, Northampton Town, Derby County U23, Oxford United, Macclesfield Town, Shrewsbury T",No,31,"November 24, 1994","Hartlepool, England, United Kingdom",England,367.69,Jonathan Mitchell,180 cm,5-11,GK,74 kg,165lb
Bobby Moore,https://fbref.com/en/players/df7fbe9d/Bobby-Moore,1962,1970,DF,England,No,84,"April 12, 1941","Barking, England, United Kingdom",,31.26,Bobby Moore,183 cm,6-0,DF,72 kg,159lb
Byron Moore,https://fbref.com/en/players/58438192/Byron-Moore,2007,2022,"FW,MF","Crewe Alexandra, Plymouth Argyle, Port Vale, Bristol Rovers, Bury, Torquay United",No,37,"August 24, 1988","Stoke-on-Trent, England, United Kingdom",England,217.63,Byron Moore,183 cm,6-0,FW-MF,72 kg,159lb
Jack Moore,https://fbref.com/en/players/306501b7/Jack-Moore,2021,2025,DF,,No,22,"November 19, 2003","England, United Kingdom",England,138.86,Jack Moore,,,DF,,
Jade Moore,https://fbref.com/en/players/4319f536/Jade-Moore,2013,2023,MF,"Reading, England, Manchester United, Orlando Pride",No,35,"October 22, 1990","Worksop, England, United Kingdom",,216.05,Jade Moore,165 cm,5-5,MF,58 kg,128lb
James Moore,https://fbref.com/en/players/113b20cc/James-Moore,2013,,DF,Charlotte Eagles,No,38,"December 20, 1987","Manchester, England, United Kingdom",England,263.1,James Moore,183 cm,,DF,,
Ben Morley,https://fbref.com/en/players/04b87aa7/Ben-Morley,2002,2003,DF,Hull City,No,45,"December 20, 1980","Kingston upon Hull, England, United Kingdom",England,260.17,Ben Morley,,,DF,,
Trevor Morley,https://fbref.com/en/players/3ce7fe15/Trevor-Morley,1993,1995,FW,"West Ham United, Reading",No,64,"March 20, 1961","Nottingham, England, United Kingdom",England,179.12,Trevor Morley,180 cm,,FW,,
Ben Morris,https://fbref.com/en/players/2390ab6e/Ben-Morris,2016,2025,FW,"Detroit City, Forest Green Rovers, Ipswich Town",Yes,26,"July 6, 1999","Ipswich, England, United Kingdom",,124.36,Ben Morris,170 cm,5-7,FW,68 kg,150lb
Bryn Morris,https://fbref.com/en/players/f472d985/Bryn-Morris,2012,2026,"DF,MF","Harrogate Town FC, Newport County, Grimsby Town, Shrewsbury Town, Northampton Town, Portsmouth, Wyco",Yes,29,"April 25, 1996","Hartlepool, England, United Kingdom",,367.69,Bryn Morris,182 cm,5-11½,DF-MF,69 kg,154lb
Jack Morris,https://fbref.com/en/players/051314d5/Jack-Morris,2024,2025,MF,,Yes,17,"January 25, 2008","England, England, United Kingdom",England,102.75,Jack Morris,,,MF,,
James Morris,https://fbref.com/en/players/59e3e314/James-Morris,2019,2026,DF,"Watford, Southampton U23",Yes,24,"November 23, 2001","England, United Kingdom",England,138.86,James Morris,,,DF,,
James Morris,https://fbref.com/en/players/6a18060e/James-Morris,2017,2018,FW,,No,25,"January 2, 2000","England, United Kingdom",England,138.86,James Morris,,,FW,,
Jody Morris,https://fbref.com/en/players/c5002fd1/Jody-Morris,1995,2013,MF,"Chelsea, St Johnstone, Millwall, Leeds United, Rotherham United, Bristol City",No,47,"December 22, 1978","London, England, United Kingdom",,16.85,Jody Morris,165 cm,5-5,MF,64 kg,143lb
Josh Morris,https://fbref.com/en/players/6449a543/Josh-Morris,2010,2023,"DF,FW","Fleetwood Town, Scunthorpe United, Salford City FC, Blackburn Rovers, Bradford City, Motherwell, Yeo",No,34,"September 30, 1991","Preston, Lancashire, England, United Kingdom",,305.37,Josh Morris,180 cm,5-11,DF-FW-MF,86 kg,190lb
Stan Mortensen,https://fbref.com/en/players/51237a42/Stan-Mortensen,1950,,FW,England,No,104,"May 26, 1921","South Shields, England, United Kingdom",,404.53,Stan Mortensen,,,FW,,
James Morton,https://fbref.com/en/players/c6d70d1e/James-Morton,2019,2026,MF,"Southend United, Forest Green Rovers, Grimsby Town",Yes,26,"August 22, 1999","England, United Kingdom",England,138.86,James Morton,,,MF,,
Jimmy Mullen,https://fbref.com/en/players/1531ef54/Jimmy-Mullen,1950,1954,"FW,MF",England,No,102,"January 6, 1923","Newcastle upon Tyne, England, United Kingdom",,404.19,Jimmy Mullen,,,FW-MF,,
Alan Mullery,https://fbref.com/en/players/b5362ef6/Alan-Mullery,1970,,MF,England,No,84,"November 23, 1941","Notting Hill, England, United Kingdom",,12.98,Alan Mullery,175 cm,,MF,,
Daniel Murphy,https://fbref.com/en/players/688c5e8c/Daniel-Murphy,2020,2021,DF,,No,33,"October 24, 1992","England, United Kingdom",England,138.86,Daniel Murphy,,,DF,,
Danielle Murphy,https://fbref.com/en/players/9a059df7/Danielle-Murphy,2001,,MF,England,No,44,"June 4, 1981","Sevenoaks, England, United Kingdom",,40.31,Danielle Murphy,168 cm,,MF,,
Danny Murphy,https://fbref.com/en/players/03a97c40/Danny-Murphy,1997,2013,MF,"Liverpool, Fulham, Charlton Athletic, Blackburn Rovers, Tottenham Hotspur",No,48,"March 18, 1977","Chester, England, United Kingdom",,262.9,Danny Murphy,175 cm,5-9,MF,68 kg,152lb
David Murphy,https://fbref.com/en/players/b05e73d5/David-Murphy,2001,2014,DF,"Birmingham City, Hibernian, Middlesbrough, Barnsley",No,41,"March 1, 1984","Hartlepool, England, United Kingdom",,367.69,David Murphy,185 cm,6-1,DF,78 kg,174lb
Phil Neal,https://fbref.com/en/players/c039320e/Phil-Neal,1982,,DF,,No,74,"February 20, 1951",,,,Phil Neal,180 cm,,DF,,
Gary Neville,https://fbref.com/en/players/1b013e33/Gary-Neville,1992,2011,DF,"Manchester United, England",No,50,"February 18, 1975","Bury, England, United Kingdom",,116.3,Gary Neville,180 cm,5-11,DF,77 kg,170lb
Phil Neville,https://fbref.com/en/players/3db5e0ec/Phil-Neville,1994,2013,"DF,MF","Manchester United, Everton, England",No,48,"January 21, 1977","Bury, England, United Kingdom",,116.3,Phil Neville,180 cm,5-11,DF-MF,74 kg,165lb
George Newell,https://fbref.com/en/players/24281589/George-Newell,2015,2018,FW,Motherwell,Yes,28,"January 21, 1997","Liverpool, England, United Kingdom",England,285.38,George Newell,178 cm,5-10,FW,74 kg,165lb
Keith Newton,https://fbref.com/en/players/b214b1c9/Keith-Newton,1970,,DF,England,No,84,"June 23, 1941","Manchester, England, United Kingdom",,263.1,Keith Newton,180 cm,,DF,,
Magnus Norman,https://fbref.com/en/players/73410930/Magnus-Norman,2016,2026,GK,"St Albans City, Oldham Athletic, Fulham U23, Carlisle United, Rochdale",Yes,28,"January 19, 1997","London, England, United Kingdom",England,16.85,Magnus Norman,193 cm,6-4,GK,93 kg,207lb
Maurice Norman,https://fbref.com/en/players/c67aff76/Maurice-Norman,1958,1962,DF,England,No,91,"May 8, 1934",,,,Maurice Norman,,,DF,,
Max Norman,https://fbref.com/en/players/acea3b04/Max-Norman,2018,2019,DF,,No,24,"August 24, 2001","England, United Kingdom",England,138.86,Max Norman,,,DF,,
David Nugent,https://fbref.com/en/players/f9b5e5bd/David-Nugent,2002,2021,FW,"Leicester City, Preston North End, Derby County, Bury, Portsmouth, Middlesbrough, Burnley, Tranmere",No,40,"May 2, 1985","Huyton, England, United Kingdom",,279.24,David Nugent,180 cm,5-11,FW,76 kg,168lb
Dean Oliver,https://fbref.com/en/players/d6dbfdee/Dean-Oliver,2006,2008,FW,,No,38,"December 4, 1987","Derby, England, United Kingdom",England,183.24,Dean Oliver,183 cm,,FW,,
Luke Oliver,https://fbref.com/en/players/b2609dc2/Luke-Oliver,2002,2016,DF,"Bradford City, Stevenage Borough, Wycombe Wanderers, Forest Green Rovers, Aldershot Town, Salisbury",No,41,"May 1, 1984","Acton, England, United Kingdom",England,10.13,Luke Oliver,201 cm,6-7,DF,91 kg,201lb
Peter Osgood,https://fbref.com/en/players/bc479fe1/Peter-Osgood,1970,,FW,,No,78,"February 20, 1947","Windsor, England, United Kingdom",,20.12,Peter Osgood,185 cm,,FW,,
Leon Osman,https://fbref.com/en/players/a014c247/Leon-Osman,2002,2016,MF,"Everton, Derby County, Carlisle United",No,44,"May 17, 1981","Wigan, England, United Kingdom",,282.89,Leon Osman,174 cm,5-8½,MF,67 kg,148lb
Jacob Owen,https://fbref.com/en/players/fe1fac43/Jacob-Owen,2017,2018,DF,,Yes,24,"June 7, 2001","England, United Kingdom",England,138.86,Jacob Owen,,,DF,,
Michael Owen,https://fbref.com/en/players/88b3f52c/Michael-Owen,1996,2013,FW,"Liverpool, Newcastle United, Real Madrid, Manchester United, England, Stoke City",No,46,"December 14, 1979","Chester, England, United Kingdom",,262.9,Michael Owen,172 cm,5-7½,FW,69 kg,154lb
Alex Oxlade-Chamberlain,https://fbref.com/en/players/38c7feef/Alex-Oxlade-Chamberlain,2009,2025,"FW,MF","Arsenal, Liverpool, Beşiktaş, Southampton, England",No,32,"August 15, 1993","Portsmouth, England, United Kingdom",,87.51,Alex Oxlade-Chamberlain,180 cm,5-11,FW-MF,74 kg,165lb
Lewis Page,https://fbref.com/en/players/54d79726/Lewis-Page,2015,2026,"DF,MF","St Albans City, Exeter City, Harrogate Town FC, Charlton Athletic, Coventry City, Dagenham & Redbrid",Yes,29,"May 20, 1996","Enfield, England, United Kingdom",England,30.68,Lewis Page,178 cm,5-10,DF-MF,68 kg,152lb
Louis Page,https://fbref.com/en/players/431f4bf3/Louis-Page,2024,2026,DF,"Leicester City U21, Leicester City",Yes,17,"October 24, 2008","England, England, United Kingdom",,102.75,Louis Page,183 cm,,DF,,
Terry Paine,https://fbref.com/en/players/be276d89/Terry-Paine,1966,,"FW,MF",,No,86,"March 23, 1939","Winchester, England, United Kingdom",,79.62,Terry Paine,170 cm,,FW-MF,,
Gary Pallister,https://fbref.com/en/players/f99beca9/Gary-Pallister,1992,2001,DF,"Manchester United, Middlesbrough",No,60,"June 30, 1965","Ramsgate, England, United Kingdom",,122.28,Gary Pallister,193 cm,6-4,DF,83 kg,185lb
Carlton Palmer,https://fbref.com/en/players/45fdede4/Carlton-Palmer,1992,2006,MF,"Leeds United, Sheffield Wednesday, Stockport County, Southampton, Coventry City, Nottingham Forest,",No,60,"December 5, 1965","Rowley Regis, England, United Kingdom",,167.74,Carlton Palmer,191 cm,6-3,MF,83 kg,183lb
Chris Palmer,https://fbref.com/en/players/2f1871e1/Chris-Palmer,2004,2014,"DF,MF","Notts County, Walsall, Burton Albion, Gillingham, Wycombe Wanderers, Tamworth, Darlington",No,42,"October 16, 1983","Derby, England, United Kingdom",England,183.24,Chris Palmer,170 cm,5-7,DF-MF,68 kg,152lb
Cole Palmer,https://fbref.com/en/players/dc7f8a28/Cole-Palmer,2019,2026,"FW,MF","Chelsea, England, Manchester City, Manchester City U23",Yes,23,"May 6, 2002","England, United Kingdom",,138.86,Cole Palmer,189 cm,6-2½,FW-MF,73 kg,163lb
Jessica Park,https://fbref.com/en/players/4a27340c/Jessica-Park,2018,2026,"FW,MF","Manchester United, England, Manchester City, Everton",Yes,24,"October 21, 2001","England, United Kingdom",,138.86,Jessica Park,,,FW-MF,,
Paul Parker,https://fbref.com/en/players/90464ad8/Paul-Parker,1990,1997,DF,"Manchester United, Sheffield United, England, Chelsea, Derby County, Fulham",No,61,"April 4, 1964","London, England, United Kingdom",,16.85,Paul Parker,170 cm,5-7,DF,74 kg,165lb
Scott Parker,https://fbref.com/en/players/65faf2a1/Scott-Parker,1998,2017,MF,"Charlton Athletic, Fulham, West Ham United, Newcastle United, Tottenham Hotspur, Chelsea, England, N",No,45,"October 13, 1980","Lambeth, England, United Kingdom",,16.85,Scott Parker,175 cm,5-9,MF,69 kg,154lb
Sonny Parker,https://fbref.com/en/players/c26b52f0/Sonny-Parker,2002,2004,DF,Bristol Rovers,No,42,"February 28, 1983","Middlesbrough, England, United Kingdom",England,355.94,Sonny Parker,180 cm,,DF,,
Tom Parkes,https://fbref.com/en/players/87a8e452/Tom-Parkes,2009,2026,DF,"Hartlepool United, Bristol Rovers, Carlisle United, Exeter City, Leyton Orient, Burton Albion, Livin",Yes,33,"January 15, 1992","Mansfield, England, United Kingdom",,200.3,Tom Parkes,190 cm,6-3,DF,78 kg,174lb
Jack Parkinson,https://fbref.com/en/players/2753f0e5/Jack-Parkinson,2014,2017,MF,Maidstone United,No,36,"July 23, 1989","England, United Kingdom",England,138.86,Jack Parkinson,,,MF,,
Joe Parkinson,https://fbref.com/en/players/6782fb8f/Joe-Parkinson,1994,1997,MF,"Everton, Bournemouth, Wigan Athletic",No,54,"June 11, 1971","Eccles, England, United Kingdom",England,266.7,Joe Parkinson,183 cm,,MF,,
Ray Parlour,https://fbref.com/en/players/d567e937/Ray-Parlour,1992,2007,MF,"Arsenal, Middlesbrough, Hull City",No,52,"March 7, 1973","Romford, England, United Kingdom",,39.41,Ray Parlour,178 cm,5-10,MF,71 kg,157lb
Matthew Parsons,https://fbref.com/en/players/1f291e4a/Matthew-Parsons,2010,2014,DF,"Plymouth Argyle, Barnet, Crystal Palace, Wycombe Wanderers",No,34,"December 25, 1991","Catford, England, United Kingdom",England,21.74,Matthew Parsons,178 cm,,DF,,
Jack Payne,https://fbref.com/en/players/c7010c0b/Jack-Payne,2008,2026,"DF,MF","Boreham Wood, Gillingham, Peterborough United, Eastleigh, Ebbsfleet United, Blackpool, Crawley Town,",Yes,34,"December 5, 1991","Gravesend, England, United Kingdom",England,48.72,Jack Payne,175 cm,5-9,DF-MF,58 kg,128lb
Jack Payne,https://fbref.com/en/players/edfbda18/Jack-Payne,2013,2026,"FW,MF","Colchester United, Swindon Town, Southend United, Charlton Athletic, Bradford City, Milton Keynes Do",Yes,31,"October 25, 1994","England, United Kingdom",England,138.86,Jack Payne,165 cm,5-5,FW-MF,62 kg,137lb
Joe Payne,https://fbref.com/en/players/2a7d71b0/Joe-Payne,2016,2019,DF,"Barnet, Solihull Moors",No,26,"April 2, 1999","Enfield, England, United Kingdom",England,30.68,Joe Payne,178 cm,5-10,DF,69 kg,154lb
Josh Payne,https://fbref.com/en/players/de015490/Josh-Payne,2008,2022,MF,"Crawley Town, Woking, Eastleigh, Oxford United, Aldershot Town, Ebbsfleet United, Barnet, Cheltenham",No,35,"November 25, 1990","Basingstoke, England, United Kingdom",England,55.63,Josh Payne,183 cm,6-0,MF,73 kg,163lb
Alan Peacock,https://fbref.com/en/players/097af907/Alan-Peacock,1962,,FW,,No,88,"October 29, 1937","Middlesbrough, England, United Kingdom",,355.94,Alan Peacock,183 cm,,FW,,
Anthony Peacock,https://fbref.com/en/players/fb5a8fa3/Anthony-Peacock,2005,2006,MF,Darlington,No,40,"September 6, 1985","Middlesbrough, England, United Kingdom",England,355.94,Anthony Peacock,,,MF,,
Stuart Pearce,https://fbref.com/en/players/39243ce6/Stuart-Pearce,1990,2002,DF,"Nottingham Forest, West Ham United, Newcastle United, Manchester City, England",No,63,"April 24, 1962","London, England, United Kingdom",,16.85,Stuart Pearce,177 cm,5-9½,DF,79 kg,176lb
James Pearson,https://fbref.com/en/players/44406487/James-Pearson,2013,2019,DF,"Macclesfield Town, Barnet, Wrexham, Carlisle United",No,32,"January 19, 1993","Sheffield, England, United Kingdom",England,231.08,James Pearson,186 cm,6-1,DF,74 kg,165lb
Shaun Pearson,https://fbref.com/en/players/37ee52da/Shaun-Pearson,2011,2023,"DF,MF","Grimsby Town, Wrexham",No,36,"April 28, 1989","City of York, England, United Kingdom",England,287.81,Shaun Pearson,183 cm,6-0,DF-MF,78 kg,172lb
George Pedley,https://fbref.com/en/players/54b71534/George-Pedley,2023,2024,GK,,No,20,"April 4, 2005","England, United Kingdom",England,138.86,George Pedley,,,GK,,
Chris Perry,https://fbref.com/en/players/2f43aa1c/Chris-Perry,1993,2010,DF,"Wimbledon, Tottenham Hotspur, Charlton Athletic, Southampton, Luton Town, West Bromwich Albion",No,52,"April 26, 1973","Carshalton, England, United Kingdom",England,13.48,Chris Perry,175 cm,5-9,DF,69 kg,154lb
Taylor Perry,https://fbref.com/en/players/01ba3996/Taylor-Perry,2018,2026,MF,"Shrewsbury Town, Cheltenham Town, Wolverhampton Wanderers U23, Wolverhampton Wanderers",Yes,24,"July 15, 2001","England, United Kingdom",England,138.86,Taylor Perry,180 cm,5-11,MF,73 kg,161lb
Mark Peters,https://fbref.com/en/players/4ac4a957/Mark-Peters,2002,2004,FW,Brentford,No,42,"October 4, 1983","Frimley, England, United Kingdom",England,31.3,Mark Peters,173 cm,,FW,,
Martin Peters,https://fbref.com/en/players/408e0de5/Martin-Peters,1966,1970,MF,England,No,82,"November 8, 1943","London, England, United Kingdom",,16.85,Martin Peters,184 cm,,MF,,
Mike Phelan,https://fbref.com/en/players/a3daa357/Mike-Phelan,1992,1994,MF,"West Bromwich Albion, Manchester United",No,63,"September 24, 1962","Nelson, England, United Kingdom",,297.06,Mike Phelan,180 cm,5-11,MF,77 kg,170lb
Kalvin Phillips,https://fbref.com/en/players/4f565d77/Kalvin-Phillips,2014,2026,"DF,MF","Manchester City, Leeds United, England, Ipswich Town, West Ham United",Yes,30,"December 2, 1995","Leeds, England, United Kingdom",,276.55,Kalvin Phillips,177 cm,5-9½,DF-MF,68 kg,150lb
Kevin Phillips,https://fbref.com/en/players/23d97ca1/Kevin-Phillips,1999,2014,FW,"Sunderland, West Bromwich Albion, Birmingham City, Southampton, Watford, Blackpool, Aston Villa, Cry",No,52,"July 25, 1973","Hitchin, England, United Kingdom",,58.45,Kevin Phillips,170 cm,5-7,FW,68 kg,152lb
Kieran Phillips,https://fbref.com/en/players/95710a2c/Kieran-Phillips,2019,2020,FW,,No,23,"December 21, 2002","England, United Kingdom",England,138.86,Kieran Phillips,,,FW,,
Kieran Phillips,https://fbref.com/en/players/9f528b27/Kieran-Phillips,2019,2026,FW,"Ross County, Sacramento Republic, Walsall, Morecambe, Huddersfield Town, Exeter City, Shrewsbury Tow",Yes,25,"February 18, 2000","England, United Kingdom",England,138.86,Kieran Phillips,,,FW,,
Kieran Phillips,https://fbref.com/en/players/b6b4985b/Kieran-Phillips,2023,2024,FW,Kidderminster Harriers,No,23,"August 13, 2002","England, United Kingdom",England,138.86,Kieran Phillips,175 cm,,FW,,
Jordan Pickford,https://fbref.com/en/players/4806ec67/Jordan-Pickford,2011,2026,GK,"Everton, England, Sunderland, Bradford City, Preston North End, Carlisle United, Darlington, Burton",Yes,31,"March 7, 1994","Washington, England, United Kingdom",,394.85,Jordan Pickford,185 cm,6-1,GK,77 kg,170lb
James Plant,https://fbref.com/en/players/09b62860/James-Plant,2022,2026,MF,"Port Vale, Yeovil Town",Yes,21,"November 3, 2004","England, United Kingdom",England,138.86,James Plant,,,MF,,
David Platt,https://fbref.com/en/players/eded06bf/David-Platt,1990,1998,MF,"Arsenal, Sampdoria, Bari, Juventus, England, Nottingham Forest, Aston Villa",No,59,"June 10, 1966","Chadderton, England, United Kingdom",,266.02,David Platt,178 cm,5-10,MF,78 kg,172lb
Nick Pope,https://fbref.com/en/players/4b40d9ca/Nick-Pope,2012,2026,GK,"Newcastle United, Burnley, Charlton Athletic, York City, Bury, England, Cambridge United, Aldershot",Yes,33,"April 19, 1992","Soham, England, United Kingdom",,111.14,Nick Pope,190 cm,6-3,GK,76 kg,168lb
Callum Powell,https://fbref.com/en/players/36614d8f/Callum-Powell,2016,2025,FW,"Southend United, Braintree Town",Yes,29,"January 28, 1996","Northampton, England, United Kingdom",England,98.56,Callum Powell,,,FW,,
Chris Powell,https://fbref.com/en/players/721060d9/Chris-Powell,1996,2010,DF,"Charlton Athletic, Derby County, West Ham United, Leicester City, Watford",No,56,"September 8, 1969","Lambeth, England, United Kingdom",,16.85,Chris Powell,178 cm,5-10,DF,73 kg,161lb
Jack Powell,https://fbref.com/en/players/ba2ac274/Jack-Powell,2015,2016,MF,,No,,,"England, United Kingdom",England,138.86,Jack Powell,,,MF,,
Jack Powell,https://fbref.com/en/players/be3c83a5/Jack-Powell,2014,2026,"DF,MF","Crewe Alexandra, Crawley Town, Ebbsfleet United, Maidstone United, Aldershot Town, Millwall, Braintr",Yes,31,"January 29, 1994","Canning Town, England, United Kingdom",England,25.57,Jack Powell,185 cm,6-1,DF-MF,62 kg,137lb
David Pratt,https://fbref.com/en/players/0e438c6a/David-Pratt,2019,2020,FW,,No,38,"August 1, 1987","England, United Kingdom",England,138.86,David Pratt,,,FW,,
John Pritchard,https://fbref.com/en/players/a33911c4/John-Pritchard,2013,2014,FW,,No,30,"September 29, 1995","Manchester, England, United Kingdom",England,263.1,John Pritchard,,,FW,,
Aaron Ramsey,https://fbref.com/en/players/e1618c22/Aaron-Ramsey,2019,2026,MF,"Burnley, Leicester City, Aston Villa U23, Norwich City, Cheltenham Town, Middlesbrough",Yes,22,"January 21, 2003","England, United Kingdom",,138.86,Aaron Ramsey,178 cm,5-10,MF,76 kg,168lb
Alf Ramsey,https://fbref.com/en/players/fb327af2/Alf-Ramsey,1950,,DF,England,No,105,"January 22, 1920","Dagenham, England, United Kingdom",,35.71,Alf Ramsey,173 cm,,DF,,
Marcus Rashford,https://fbref.com/en/players/a1d5bd30/Marcus-Rashford,2015,2026,"FW,MF","Manchester United, England, Barcelona, Aston Villa",Yes,28,"October 31, 1997","Wythenshawe, England, United Kingdom",,254.29,Marcus Rashford,180 cm,5-11,FW-MF,69 kg,154lb
Alex Read,https://fbref.com/en/players/f04319af/Alex-Read,2015,2016,MF,,No,28,"October 24, 1997",,England,,Alex Read,177 cm,5-9½,MF,69 kg,154lb
Arthur Read,https://fbref.com/en/players/60f00734/Arthur-Read,2018,2026,MF,"Colchester United, Stevenage",Yes,26,"November 3, 1999",,England,,Arthur Read,,,MF,,
Jamie Redknapp,https://fbref.com/en/players/c337443d/Jamie-Redknapp,1991,2005,MF,"Liverpool, Tottenham Hotspur, Southampton",No,52,"June 25, 1973","Barton on Sea, England, United Kingdom",,120.81,Jamie Redknapp,183 cm,6-0,MF,74 kg,165lb
Nathan Redmond,https://fbref.com/en/players/ab651565/Nathan-Redmond,2011,2025,"FW,MF","Southampton, Norwich City, Birmingham City, Beşiktaş, Burnley",No,31,"March 6, 1994","Birmingham, England, United Kingdom",,159.58,Nathan Redmond,173 cm,5-8,FW-MF,74 kg,165lb
Chris Regis,https://fbref.com/en/players/9178e0a6/Chris-Regis,2017,2018,MF,,No,29,"November 11, 1996",,England,,Chris Regis,,,MF,,
Cyrille Regis,https://fbref.com/en/players/a11b6086/Cyrille-Regis,1992,1993,FW,"Wolverhampton Wanderers, Aston Villa",No,67,"February 9, 1958","Maripasoula, French Guiana",,7253.72,Cyrille Regis,183 cm,,FW,,
Paul Reid,https://fbref.com/en/players/25ee1a22/Paul-Reid,2002,2003,MF,"Oldham Athletic, Bradford City, Huddersfield Town, Swansea City",No,57,"January 19, 1968","Oldbury, England, United Kingdom",England,166.88,Paul Reid,175 cm,,MF,,
Paul Reid,https://fbref.com/en/players/b4ca388e/Paul-Reid,2001,2018,DF,"Barnsley, Scunthorpe United, Northampton Town, Eastleigh, Colchester United",No,43,"February 18, 1982","Carlisle District, England, United Kingdom",,424.65,Paul Reid,188 cm,6-2,DF,73 kg,161lb
Peter Reid,https://fbref.com/en/players/c44c56e1/Peter-Reid,1986,1994,MF,"Manchester City, Southampton, England",No,69,"June 20, 1956","Huyton, England, United Kingdom",,279.24,Peter Reid,173 cm,,MF,,
Jamie Reynolds,https://fbref.com/en/players/25a7390d/Jamie-Reynolds,2018,2020,MF,Tottenham Hotspur U23,No,26,"September 22, 1999","England, United Kingdom",England,138.86,Jamie Reynolds,,,MF,,
Declan Rice,https://fbref.com/en/players/1c7012b8/Declan-Rice,2016,2026,"DF,MF","Arsenal, England, West Ham United, Republic of Ireland",Yes,26,"January 14, 1999","London, England, United Kingdom",,16.85,Declan Rice,185 cm,6-1,DF-MF,77 kg,170lb
Caleb Richards,https://fbref.com/en/players/0023854f/Caleb-Richards,2017,2026,DF,"Woking, Kidderminster Harriers, Tampa Bay Rowdies, Norwich City U23",Yes,27,"September 8, 1998","England, United Kingdom",England,138.86,Caleb Richards,,,DF,,
Carlos Richards,https://fbref.com/en/players/5d9b5b6d/Carlos-Richards,2021,2024,FW,"Derby County U21, Derby County U23",No,20,"August 30, 2005","England, United Kingdom",England,138.86,Carlos Richards,173 cm,,FW,,
Courtney Richards,https://fbref.com/en/players/8a52f259/Courtney-Richards,2017,2019,MF,Braintree Town,No,32,"November 22, 1993","England, United Kingdom",England,138.86,Courtney Richards,180 cm,,MF,,
Garry Richards,https://fbref.com/en/players/8304ee91/Garry-Richards,2005,2012,DF,"Gillingham, Colchester United, Brentford, Southend United",No,39,"June 11, 1986","Romford, England, United Kingdom",England,39.41,Garry Richards,190 cm,6-3,DF,83 kg,183lb
Jack Richards,https://fbref.com/en/players/d764d12c/Jack-Richards,2016,2019,FW,Maidstone United,No,26,"May 22, 1999","England, United Kingdom",England,138.86,Jack Richards,,,FW,,
Jake Richards,https://fbref.com/en/players/a100d0b8/Jake-Richards,2023,2026,MF,"Luton Town, Exeter City",Yes,18,"August 8, 2007","England, United Kingdom",England,138.86,Jake Richards,,,MF,,
Jake Richards,https://fbref.com/en/players/e919c9c9/Jake-Richards,2014,2015,GK,,No,29,"December 30, 1996","Coventry, England, United Kingdom",England,136.28,Jake Richards,177 cm,5-9½,GK,69 kg,154lb
Jamie Richards,https://fbref.com/en/players/cba806d6/Jamie-Richards,2012,2018,DF,Dartford,No,31,"June 24, 1994","Southend-on-Sea, England, United Kingdom",England,73.59,Jamie Richards,183 cm,,DF,,
Jordan Richards,https://fbref.com/en/players/70991c20/Jordan-Richards,2011,2025,"DF,MF","Hartlepool United, Fylde, Curzon Ashton FC, Southport",No,32,"April 25, 1993","Sunderland, England, United Kingdom",England,393.78,Jordan Richards,175 cm,5-9,DF-MF,71 kg,157lb
Jordan Richards,https://fbref.com/en/players/ed4a6fc0/Jordan-Richards,2016,2026,MF,"Boston United, King's Lynn Town FC, Sligo Rovers, Notts County",Yes,28,"July 6, 1997","Nottingham, England, United Kingdom",England,179.12,Jordan Richards,178 cm,5-10,MF,68 kg,152lb
Joseph Richards,https://fbref.com/en/players/88bf6a2e/Joseph-Richards,2023,2025,MF,Leeds United U21,Yes,20,"October 17, 2005","England, United Kingdom",England,138.86,Joseph Richards,,,MF,,
Justin Richards,https://fbref.com/en/players/1eebb934/Justin-Richards,2002,2016,FW,"Kidderminster Harriers, Burton Albion, Cheltenham Town, Port Vale, Oxford United, Tamworth, Peterbor",No,45,"October 16, 1980","Sandwell, England, United Kingdom",England,167.61,Justin Richards,183 cm,6-0,FW,72 kg,159lb
Marc Richards,https://fbref.com/en/players/e9391cde/Marc-Richards,2001,2020,FW,"Northampton Town, Port Vale, Chesterfield, Barnsley, Swindon Town, Cambridge United, Swansea City, Y",No,43,"July 8, 1982","Wolverhampton, England, United Kingdom",,178.59,Marc Richards,180 cm,5-11,FW,81 kg,179lb
Matt Richards,https://fbref.com/en/players/427bceb7/Matt-Richards,2002,2016,MF,"Ipswich Town, Cheltenham Town, Walsall, Shrewsbury Town, Brighton & Hove Albion, Dagenham & Redbridg",No,41,"December 26, 1984","Harlow, England, United Kingdom",,48.33,Matt Richards,173 cm,5-8,MF,69 kg,154lb
Matt Richards,https://fbref.com/en/players/6fb64221/Matt-Richards,2021,2025,MF,"West Bromwich Albion U21, West Bromwich Albion U23",No,21,"October 7, 2004","England, United Kingdom",England,138.86,Matt Richards,,,MF,,
Matt Richards,https://fbref.com/en/players/ccc1e932/Matt-Richards,2008,2009,MF,,No,36,"December 1, 1989","Derby, England, United Kingdom",,183.24,Matt Richards,176 cm,,MF,,
Micah Richards,https://fbref.com/en/players/ff87875a/Micah-Richards,2005,2018,DF,"Manchester City, Aston Villa, Fiorentina, England",No,37,"June 24, 1988","Birmingham, England, United Kingdom",,159.58,Micah Richards,180 cm,5-11,DF,83 kg,183lb
Barry Richardson,https://fbref.com/en/players/56443e59/Barry-Richardson,2009,2018,"FW,GK",,No,56,"August 5, 1969","Wallsend, England, United Kingdom",England,405.0,Barry Richardson,185 cm,6-1,FW-GK,76 kg,168lb
Ian Richardson,https://fbref.com/en/players/1b214bd4/Ian-Richardson,2002,2005,"DF,MF","Notts County, Birmingham City",No,55,"October 22, 1970","Barking, England, United Kingdom",England,31.26,Ian Richardson,180 cm,,DF-MF,,
Jayden Richardson,https://fbref.com/en/players/bef9db76/Jayden-Richardson,2019,2026,"DF,MF","St Mirren, Forest Green Rovers, Notts County, Aberdeen, Exeter City, Stockport County, Colchester Un",Yes,25,"September 4, 2000","England, United Kingdom",England,138.86,Jayden Richardson,,,DF-MF,,
Jon Richardson,https://fbref.com/en/players/49d2543b/Jon-Richardson,2006,2008,DF,Exeter City,No,50,"August 29, 1975","Nottingham, England, United Kingdom",England,179.12,Jon Richardson,180 cm,,DF,,
Kane Richardson,https://fbref.com/en/players/9e190b20/Kane-Richardson,2024,2026,MF,Rotherham United,Yes,18,"May 30, 2007","England, England, United Kingdom",England,102.75,Kane Richardson,,,MF,,
Kenton Richardson,https://fbref.com/en/players/6ee319a2/Kenton-Richardson,2016,2026,"DF,MF","Gateshead, Hartlepool United, Sunderland U23",Yes,26,"June 26, 1999","England, United Kingdom",England,138.86,Kenton Richardson,,,DF-MF,,
Kevin Richardson,https://fbref.com/en/players/cffbb5c8/Kevin-Richardson,1990,1998,MF,"Aston Villa, Coventry City, Real Sociedad, Barnsley, Southampton, Blackpool",No,63,"December 4, 1962","Newcastle upon Tyne, England, United Kingdom",,404.19,Kevin Richardson,185 cm,6-1,MF,78 kg,172lb
Kieran Richardson,https://fbref.com/en/players/d2bf40b4/Kieran-Richardson,2002,2017,"DF,MF","Sunderland, Manchester United, Fulham, Aston Villa, West Bromwich Albion, Cardiff City, England",No,41,"October 21, 1984","Greenwich, England, United Kingdom",,23.56,Kieran Richardson,175 cm,5-9,DF-MF,69 kg,154lb
Mark Ricketts,https://fbref.com/en/players/427ca539/Mark-Ricketts,2005,2023,"DF,MF","Boreham Wood, Woking, Ebbsfleet United, Milton Keynes Dons",No,41,"October 7, 1984","Sidcup, England, United Kingdom",England,30.02,Mark Ricketts,183 cm,6-0,DF-MF,78 kg,174lb
Michael Ricketts,https://fbref.com/en/players/3099ed37/Michael-Ricketts,2001,2010,FW,"Bolton Wanderers, Walsall, Burnley, Middlesbrough, Stoke City, Preston North End, Tranmere Rovers, O",No,47,"December 4, 1978","Birmingham, England, United Kingdom",,159.58,Michael Ricketts,190 cm,6-3,FW,74 kg,165lb
Stuart Ripley,https://fbref.com/en/players/6516188c/Stuart-Ripley,1992,2002,"FW,MF","Blackburn Rovers, Southampton, Barnsley, Sheffield Wednesday",No,58,"November 20, 1967","Middlesbrough, England, United Kingdom",,355.94,Stuart Ripley,180 cm,5-11,FW-MF,78 kg,174lb
Billy Roast,https://fbref.com/en/players/1eddaa56/Billy-Roast,2020,2021,DF,,No,30,"June 6, 1995","England, United Kingdom",England,138.86,Billy Roast,,,DF,,
Alfie Roberts,https://fbref.com/en/players/5a5b5859/Alfie-Roberts,2021,2023,GK,,No,21,"June 20, 2004","England, United Kingdom",England,138.86,Alfie Roberts,,,GK,,
Ben Roberts,https://fbref.com/en/players/c6816db7/Ben-Roberts,1996,2011,GK,"Brighton & Hove Albion, Luton Town, Middlesbrough, Reading",No,50,"June 22, 1975","Bishop Auckland, England, United Kingdom",,371.62,Ben Roberts,185 cm,,GK,,
Cal Roberts,https://fbref.com/en/players/8e9caf48/Cal-Roberts,2014,2026,"FW,MF","Scunthorpe United, Notts County, Newcastle United U23, Kilmarnock, Colchester United, Aberdeen, Gate",Yes,28,"April 14, 1997","South Shields, England, United Kingdom",England,404.53,Cal Roberts,178 cm,5-10,FW-MF,66 kg,146lb
Caleb Roberts,https://fbref.com/en/players/639ec231/Caleb-Roberts,2022,2026,MF,Plymouth Argyle,Yes,21,"October 24, 2004","England, United Kingdom",England,138.86,Caleb Roberts,,,MF,,
Callum Roberts,https://fbref.com/en/players/97ce9006/Callum-Roberts,2016,2017,DF,,Yes,27,"October 16, 1998","England, United Kingdom",England,138.86,Callum Roberts,,,DF,,
Connor Roberts,https://fbref.com/en/players/698fbe50/Connor-Roberts,2014,2025,DF,,No,29,"July 30, 1996","England, United Kingdom",England,138.86,Connor Roberts,,,DF,,
Conor Roberts,https://fbref.com/en/players/485b3dbf/Conor-Roberts,2014,2015,MF,,No,,,"England, United Kingdom",England,138.86,Conor Roberts,,,MF,,
Gary Roberts,https://fbref.com/en/players/245c2093/Gary-Roberts,2006,2021,MF,"Huddersfield Town, Chesterfield, Portsmouth, Wigan Athletic, Ipswich Town, Swindon Town, Accrington",No,41,"March 18, 1984","Chester, England, United Kingdom",England,262.9,Gary Roberts,178 cm,5-10,MF,73 kg,163lb
Gary Roberts,https://fbref.com/en/players/63dabe1e/Gary-Roberts,2003,2018,MF,"Crewe Alexandra, Port Vale, Yeovil Town, Mansfield Town, Rotherham United, Chester",No,38,"February 2, 1987","Chester, England, United Kingdom",,262.9,Gary Roberts,173 cm,5-8,MF,66 kg,146lb
Harrison Roberts,https://fbref.com/en/players/cda4935a/Harrison-Roberts,2022,,MF,,No,29,"November 25, 1996","England, England, United Kingdom",England,102.75,Harrison Roberts,,,MF,,
Haydon Roberts,https://fbref.com/en/players/a731e8a0/Haydon-Roberts,2018,2026,"DF,MF","Bristol City, Derby County, Brighton & Hove Albion U23, Rochdale, Brighton & Hove Albion",Yes,23,"May 10, 2002","England, United Kingdom",England,138.86,Haydon Roberts,182 cm,5-11½,DF-MF,77 kg,170lb
Theo Roberts,https://fbref.com/en/players/60e10cb3/Theo-Roberts,2016,2017,GK,,No,27,"September 10, 1998","Chorley, England, United Kingdom",England,292.95,Theo Roberts,186 cm,6-1,GK,79 kg,176lb
Charley Robertson,https://fbref.com/en/players/267907f6/Charley-Robertson,2014,2015,MF,,No,,,"England, United Kingdom",England,138.86,Charley Robertson,,,MF,,
Jack Robinson,https://fbref.com/en/players/7399c7a8/Jack-Robinson,2009,2026,DF,"Sheffield United, Birmingham City, Nottingham Forest, Queens Park Rangers, Blackpool, Huddersfield T",Yes,32,"September 1, 1993","Warrington, England, United Kingdom",,267.55,Jack Robinson,180 cm,5-11,DF,68 kg,152lb
Jack Robinson,https://fbref.com/en/players/df25cb0e/Jack-Robinson,2018,2025,DF,"Carlisle United, Middlesbrough U23, Yeovil Town, Middlesbrough U21, Hartlepool United",Yes,24,"June 21, 2001","England, United Kingdom",England,138.86,Jack Robinson,,,DF,,
Jake Robinson,https://fbref.com/en/players/3c5c777f/Jake-Robinson,2003,2024,"FW,MF","Brighton & Hove Albion, Northampton Town, Shrewsbury Town, Torquay United, Aldershot Town, Maidstone",No,39,"October 23, 1986","Brighton, England, United Kingdom",England,68.39,Jake Robinson,178 cm,5-10,FW-MF,69 kg,154lb
James Robinson,https://fbref.com/en/players/2a3ccc19/James-Robinson,2002,2010,"FW,MF","Perth Glory, North Queensland Fury, Crewe Alexandra, Melbourne Victory",No,43,"September 18, 1982","England, United Kingdom",England,138.86,James Robinson,178 cm,,FW-MF,,
Jay Robinson,https://fbref.com/en/players/2a616c85/Jay-Robinson,2022,2026,MF,"Southampton, Southampton U21",Yes,18,"March 15, 2007","England, United Kingdom",,138.86,Jay Robinson,,,MF,,
Joe Robinson,https://fbref.com/en/players/10ecc278/Joe-Robinson,2015,2016,DF,Woking,No,29,"August 10, 1996","Haverhill, England, United Kingdom",England,90.4,Joe Robinson,170 cm,5-7,DF,64 kg,143lb
Josh Robinson,https://fbref.com/en/players/5260ea6b/Josh-Robinson,2022,2025,DF,Arsenal U21,Yes,21,"December 20, 2004","England, United Kingdom",England,138.86,Josh Robinson,,,DF,,
Junior Robinson,https://fbref.com/en/players/ecb01ccb/Junior-Robinson,2022,2026,DF,"West Ham United U21, Livingston",Yes,21,"April 6, 2004","England, United Kingdom",England,138.86,Junior Robinson,,,DF,,
Paul Robinson,https://fbref.com/en/players/3515ba56/Paul-Robinson,1998,2017,GK,"Blackburn Rovers, Tottenham Hotspur, Leeds United, England, Burnley",No,46,"October 15, 1979","Beverley, England, United Kingdom",,269.18,Paul Robinson,193 cm,6-4,GK,89 kg,198lb
Paul Robinson,https://fbref.com/en/players/80cdbbe1/Paul-Robinson,1999,2018,DF,"Watford, West Bromwich Albion, Birmingham City, Bolton Wanderers, Leeds United",No,47,"December 14, 1978","Watford, England, United Kingdom",,26.09,Paul Robinson,178 cm,5-10,DF,71 kg,157lb
Paul Robinson,https://fbref.com/en/players/8da7edcc/Paul-Robinson,2002,2019,DF,"Millwall, AFC Wimbledon, Portsmouth, Havant & Water, Torquay United",No,43,"January 7, 1982","Barnet, England, United Kingdom",England,27.0,Paul Robinson,188 cm,6-2,DF,79 kg,176lb
Paul Robinson,https://fbref.com/en/players/a1a9da94/Paul-Robinson,1999,2006,FW,"Hartlepool United, Torquay United, Grimsby Town, Newcastle United, Blackpool, Dundee United, Carlisl",No,47,"November 20, 1978","Sunderland, England, United Kingdom",England,393.78,Paul Robinson,180 cm,,FW,,
Paul Robinson,https://fbref.com/en/players/c4835d80/Paul-Robinson,2004,2005,"FW,MF",,No,41,"May 28, 1984","Newcastle upon Tyne, England, United Kingdom",England,404.19,Paul Robinson,183 cm,,FW-MF,,
Phil Robinson,https://fbref.com/en/players/aa5aa87a/Phil-Robinson,2007,2008,MF,"Huddersfield Town, Stoke City, Blackpool",No,58,"January 6, 1967","Stafford, England, United Kingdom",England,196.48,Phil Robinson,178 cm,,MF,,
Ryan Robinson,https://fbref.com/en/players/08487163/Ryan-Robinson,2003,2011,GK,"Forest Green Rovers, Bath City, Southport, Morecambe",No,43,"October 13, 1982","Kendal, England, United Kingdom",England,361.82,Ryan Robinson,188 cm,6-2,GK,83 kg,183lb
Bobby Robson,https://fbref.com/en/players/33114714/Bobby-Robson,1958,1962,"FW,MF",England,No,92,"February 18, 1933","County Durham, England, United Kingdom",,375.51,Bobby Robson,,,FW-MF,,
Bryan Robson,https://fbref.com/en/players/40d8240b/Bryan-Robson,1982,1997,MF,"Manchester United, Middlesbrough, England",No,68,"January 11, 1957","Chester-le-Street, England, United Kingdom",,390.67,Bryan Robson,180 cm,5-11,MF,78 kg,172lb
Paul Robson,https://fbref.com/en/players/db448b5c/Paul-Robson,2010,2013,DF,"Lincoln City, Crystal Palace Baltimore, Newport County",No,42,"August 4, 1983","Kingston upon Hull, England, United Kingdom",England,260.17,Paul Robson,175 cm,,DF,,
David Rocastle,https://fbref.com/en/players/e52cce17/David-Rocastle,1991,1996,MF,"Chelsea, Leeds United, Manchester City, Norwich City, Hull City, Arsenal",No,58,"May 2, 1967","Lewisham, England, United Kingdom",,22.68,David Rocastle,175 cm,,MF,,
Jay Rodriguez,https://fbref.com/en/players/4ab53cdb/Jay-Rodriguez,2007,2025,"FW,MF","Burnley, Southampton, West Bromwich Albion, Wrexham, Stirling Albion, Barnsley",Yes,36,"July 29, 1989","Burnley, England, United Kingdom",,293.47,Jay Rodriguez,185 cm,6-1,FW-MF,69 kg,154lb
Jack Rodwell,https://fbref.com/en/players/a07579ee/Jack-Rodwell,2007,2024,"DF,MF","Everton, Sunderland, Blackburn Rovers, Manchester City, Sydney FC, Western Sydney Wanderers, Sunderl",No,34,"March 11, 1991","Southport, England, United Kingdom",,306.85,Jack Rodwell,188 cm,6-2,DF-MF,79 kg,176lb
Jim Rodwell,https://fbref.com/en/players/e14d9adb/Jim-Rodwell,2002,2003,DF,Boston United,No,55,"November 20, 1970","Lincoln, England, United Kingdom",England,201.35,Jim Rodwell,,,DF,,
Wayne Rooney,https://fbref.com/en/players/f07be45a/Wayne-Rooney,2002,2021,"FW,MF","Manchester United, Everton, England, D.C. United, Derby County",No,40,"October 24, 1985","Liverpool, England, United Kingdom",,285.38,Wayne Rooney,176 cm,5-9½,FW-MF,83 kg,183lb
Danny Rose,https://fbref.com/en/players/75f29040/Danny-Rose,2006,2021,MF,"Oxford United, Newport County, Portsmouth, Aldershot Town, Swindon Town, Grimsby Town, Northampton T",No,37,"February 21, 1988","City of Bristol, England, United Kingdom",England,156.55,Danny Rose,170 cm,5-7,MF,71 kg,157lb
Danny Rose,https://fbref.com/en/players/89d10e53/Danny-Rose,2008,2022,"DF,MF","Tottenham Hotspur, England, Sunderland, Bristol City, Watford, Newcastle United, Peterborough United",No,35,"July 2, 1990","Doncaster, England, United Kingdom",,239.78,Danny Rose,173 cm,5-8,DF-MF,68 kg,150lb
Danny Rose,https://fbref.com/en/players/d08e15e1/Danny-Rose,2010,2026,FW,"Grimsby Town, Mansfield Town, Northampton Town, Bury, Stevenage, Barnsley",Yes,32,"December 10, 1993","Barnsley, England, United Kingdom",England,249.43,Danny Rose,173 cm,5-8,FW,53 kg,117lb
Aaron Rowe,https://fbref.com/en/players/4b6bcb0d/Aaron-Rowe,2018,2026,MF,"Gillingham, Crewe Alexandra, Huddersfield Town",Yes,25,"September 7, 2000","England, United Kingdom",England,138.86,Aaron Rowe,,,MF,,
Danny Rowe,https://fbref.com/en/players/4f6203ea/Danny-Rowe,2008,2022,MF,"Macclesfield Town, Stockport County, Barrow, Lincoln City, Ipswich Town, Burton Albion",No,33,"March 9, 1992","Wythenshawe, England, United Kingdom",England,254.29,Danny Rowe,183 cm,6-0,MF,76 kg,168lb
Danny Rowe,https://fbref.com/en/players/ad63d5c3/Danny-Rowe,2014,2023,"FW,MF","Fylde, Oldham Athletic, Chesterfield, Bradford City, York City",No,35,"January 29, 1990","England, United Kingdom",England,138.86,Danny Rowe,183 cm,6-0,FW-MF,76 kg,168lb
Joe Rowley,https://fbref.com/en/players/73a5190e/Joe-Rowley,2016,2026,MF,"Scunthorpe United, Chesterfield, Fylde, King's Lynn Town FC",Yes,26,"June 3, 1999","Sheffield, England, United Kingdom",England,231.08,Joe Rowley,,,MF,,
Chris Rowney,https://fbref.com/en/players/876805e7/Chris-Rowney,2009,2010,MF,,No,34,"February 14, 1991","Manchester, England, United Kingdom",England,263.1,Chris Rowney,,,MF,,
Chris Rowney,https://fbref.com/en/players/c07dc59e/Chris-Rowney,2016,2017,,,No,,,"England, United Kingdom",England,138.86,Chris Rowney,,,,,
Jonathan Royle,https://fbref.com/en/players/d5b959d4/Jonathan-Royle,2016,2018,MF,,No,31,"October 2, 1994","England, United Kingdom",England,138.86,Jonathan Royle,,,MF,,
Neil Ruddock,https://fbref.com/en/players/8533db00/Neil-Ruddock,1992,2000,DF,"Liverpool, West Ham United, Tottenham Hotspur, Crystal Palace, Swindon Town, Queens Park Rangers",No,57,"May 9, 1968","Wandsworth, England, United Kingdom",,10.22,Neil Ruddock,188 cm,6-2,DF,82 kg,181lb
John Ruddy,https://fbref.com/en/players/da8b19e2/John-Ruddy,2003,2025,GK,"Norwich City, Birmingham City, Wolverhampton Wanderers, Cambridge United, Motherwell, Stockport Coun",Yes,39,"October 24, 1986","Cambridgeshire, England, United Kingdom",,107.35,John Ruddy,193 cm,6-4,GK,92 kg,205lb
Joe Rye,https://fbref.com/en/players/54649cde/Joe-Rye,2023,2026,DF,"Tamworth, Barnet",Yes,21,"February 26, 2004","England, United Kingdom",England,138.86,Joe Rye,,,DF,,
John Salako,https://fbref.com/en/players/2749f5b7/John-Salako,1992,2005,MF,"Reading, Crystal Palace, Coventry City, Charlton Athletic, Brentford, Fulham, Bolton Wanderers",No,56,"February 11, 1969","Ibadan, Nigeria",,4898.88,John Salako,175 cm,5-9,MF,76 kg,168lb
Mark Salter,https://fbref.com/en/players/e3820db7/Mark-Salter,2002,2003,FW,Southend United,No,45,"March 16, 1980","Oxford, England, United Kingdom",England,73.88,Mark Salter,,,FW,,
Jadon Sancho,https://fbref.com/en/players/dbf053da/Jadon-Sancho,2016,2026,"FW,MF","Aston Villa, Borussia Dortmund, Manchester United, Chelsea, England, Manchester City U23",Yes,25,"March 25, 2000","London, England, United Kingdom",,16.85,Jadon Sancho,180 cm,5-11,FW-MF,73 kg,161lb
Jordan Sanderson,https://fbref.com/en/players/f2b53b49/Jordan-Sanderson,2013,2014,MF,,No,32,"August 7, 1993","Chingford, England, United Kingdom",England,32.66,Jordan Sanderson,185 cm,,MF,,
Kenny Sansom,https://fbref.com/en/players/bc5b0493/Kenny-Sansom,1982,1993,DF,"Coventry City, England, Brentford, Everton",No,67,"September 26, 1958","Camberwell, England, United Kingdom",,17.47,Kenny Sansom,170 cm,,DF,,
John Scales,https://fbref.com/en/players/1c67bd76/John-Scales,1992,2001,DF,"Wimbledon, Liverpool, Tottenham Hotspur",No,59,"July 4, 1966","Harrogate, England, United Kingdom",,297.17,John Scales,183 cm,6-0,DF,77 kg,170lb
Paul Scholes,https://fbref.com/en/players/24a3a72c/Paul-Scholes,1994,2013,MF,"Manchester United, England",No,51,"November 16, 1974","Salford, England, United Kingdom",,265.39,Paul Scholes,171 cm,5-7½,MF,72 kg,159lb
Jill Scott,https://fbref.com/en/players/bb3bd078/Jill-Scott,2007,2023,MF,"Manchester City, England, Everton, Great Britain, Aston Villa",No,38,"February 2, 1987","Sunderland, England, United Kingdom",,393.78,Jill Scott,181 cm,5-11½,MF,63 kg,141lb
Laurie Scott,https://fbref.com/en/players/104dd2e8/Laurie-Scott,1950,,DF,,No,108,"April 23, 1917","Sheffield, England, United Kingdom",,231.08,Laurie Scott,,,DF,,
David Seaman,https://fbref.com/en/players/2d578837/David-Seaman,1990,2004,GK,"Arsenal, Manchester City, England",No,62,"September 19, 1963","Rotherham, England, United Kingdom",,233.91,David Seaman,193 cm,6-4,GK,83 kg,183lb
Danny Senda,https://fbref.com/en/players/73f95e18/Danny-Senda,2002,2012,DF,"Wycombe Wanderers, Millwall, Barnet, Bristol Rovers",No,44,"April 17, 1981","Harrow, England, United Kingdom",England,19.19,Danny Senda,180 cm,5-11,DF,64 kg,143lb
James Sharp,https://fbref.com/en/players/b84c0d21/James-Sharp,2005,2007,DF,"Torquay United, Rochdale",No,49,"January 2, 1976","Reading, England, United Kingdom",England,45.51,James Sharp,188 cm,,DF,,
Lee Sharpe,https://fbref.com/en/players/2143398b/Lee-Sharpe,1992,2003,MF,"Manchester United, Bradford City, Leeds United, Portsmouth, Exeter City, Sampdoria",No,54,"May 27, 1971","Halesowen, England, United Kingdom",,164.34,Lee Sharpe,183 cm,6-0,MF,78 kg,174lb
Lee Shaw,https://fbref.com/en/players/45e35c22/Lee-Shaw,2018,2019,FW,Chesterfield,No,31,"April 25, 1994","England, United Kingdom",England,138.86,Lee Shaw,,,FW,,
Liam Shaw,https://fbref.com/en/players/f17ba2da/Liam-Shaw,2018,2025,MF,"Morecambe, Sheffield Wednesday, Wigan Athletic, Fleetwood Town, Northampton Town, Motherwell, Cheste",Yes,24,"March 12, 2001","England, United Kingdom",England,138.86,Liam Shaw,171 cm,5-7½,MF,64 kg,143lb
Luke Shaw,https://fbref.com/en/players/3bbbbc3e/Luke-Shaw,2022,2023,MF,,No,30,"November 24, 1995","England, United Kingdom",England,138.86,Luke Shaw,,,MF,,
Luke Shaw,https://fbref.com/en/players/9c94165b/Luke-Shaw,2012,2026,"DF,MF","Manchester United, Southampton, England, Manchester United U23",Yes,30,"July 12, 1995","Kingston upon Thames, England, United Kingdom",,2.36,Luke Shaw,185 cm,6-1,DF-MF,74 kg,165lb
Ryan Shawcross,https://fbref.com/en/players/285a3d44/Ryan-Shawcross,2007,2021,DF,"Stoke City, Inter Miami, Stoke City U23",No,38,"October 4, 1987","Chester, England, United Kingdom",,262.9,Ryan Shawcross,191 cm,6-3,DF,82 kg,181lb
Alan Shearer,https://fbref.com/en/players/438b3a51/Alan-Shearer,1992,2006,FW,"Newcastle United, Blackburn Rovers, England",No,55,"August 13, 1970","Newcastle upon Tyne, England, United Kingdom",,404.19,Alan Shearer,183 cm,6-0,FW,78 kg,174lb
Lee Shearer,https://fbref.com/en/players/b4ea99d1/Lee-Shearer,2003,2004,DF,,No,48,"October 23, 1977","Southend-on-Sea, England, United Kingdom",England,73.59,Lee Shearer,190 cm,,DF,,
George Shelvey,https://fbref.com/en/players/5ab61aea/George-Shelvey,2019,2026,GK,"Gateshead, Nottingham Forest U21, Dundalk FC, Nottingham Forest U23, Wealdstone FC",Yes,24,"April 22, 2001","England, United Kingdom",England,138.86,George Shelvey,,,GK,,
Jonjo Shelvey,https://fbref.com/en/players/3727dd3c/Jonjo-Shelvey,2007,2025,MF,"Newcastle United, Swansea City, Liverpool, Charlton Athletic, Rizespor, Blackpool, Nottingham Forest",No,33,"February 27, 1992","Romford, England, United Kingdom",,39.41,Jonjo Shelvey,183 cm,6-0,MF,69 kg,154lb
Teddy Sheringham,https://fbref.com/en/players/4e56eef6/Teddy-Sheringham,1992,2008,FW,"Tottenham Hotspur, Manchester United, West Ham United, Portsmouth, Colchester United, England, Notti",No,59,"April 2, 1966","Highams Park, England, United Kingdom",,30.69,Teddy Sheringham,185 cm,6-1,FW,78 kg,172lb
Tim Sherwood,https://fbref.com/en/players/885f0b51/Tim-Sherwood,1992,2005,MF,"Blackburn Rovers, Tottenham Hotspur, Portsmouth, Coventry City",No,56,"February 6, 1969","St Albans, England, United Kingdom",,36.57,Tim Sherwood,183 cm,6-0,MF,73 kg,163lb
Peter Shilton,https://fbref.com/en/players/9ee3b365/Peter-Shilton,1982,1990,GK,England,No,76,"September 18, 1949","Leicester, England, United Kingdom",,145.65,Peter Shilton,183 cm,6-0,GK,82 kg,181lb
Nicky Shorey,https://fbref.com/en/players/9665e2ea/Nicky-Shorey,2002,2016,"DF,MF","Reading, West Bromwich Albion, Portsmouth, Aston Villa, Colchester United, Pune City, Bristol City,",No,44,"February 19, 1981","Romford, England, United Kingdom",,39.41,Nicky Shorey,175 cm,5-9,DF-MF,67 kg,148lb
Ellis Simms,https://fbref.com/en/players/26d3b5be/Ellis-Simms,2017,2026,FW,"Coventry City, Everton U23, Blackpool, Sunderland, Heart of Midlothian, Everton",Yes,24,"January 5, 2001","England, United Kingdom",England,138.86,Ellis Simms,183 cm,6-0,FW,73 kg,163lb
Jack Simpson,https://fbref.com/en/players/76fa5f80/Jack-Simpson,2015,2026,DF,"Leyton Orient, Bournemouth, Cardiff City, Rangers",Yes,29,"December 18, 1996","South London, England, United Kingdom",England,15.74,Jack Simpson,178 cm,5-10,DF,68 kg,152lb
Jake Simpson,https://fbref.com/en/players/74f64fdd/Jake-Simpson,2009,2011,MF,"Stockport County, Shrewsbury Town",No,35,"October 27, 1990","Oxford, England, United Kingdom",England,73.88,Jake Simpson,180 cm,,MF,,
Jay Simpson,https://fbref.com/en/players/fe9c9bfc/Jay-Simpson,2007,2019,"FW,MF","Leyton Orient, Hull City, Millwall, Queens Park Rangers, Philadelphia Union, West Bromwich Albion",No,37,"December 1, 1988","Enfield, England, United Kingdom",England,30.68,Jay Simpson,180 cm,5-11,FW-MF,69 kg,154lb
Jessica Simpson,https://fbref.com/en/players/2d10dbfa/Jessica-Simpson,2023,2025,DF,,Yes,20,"January 13, 2005","England, United Kingdom",,138.86,Jessica Simpson,,,DF,,
Jordan Simpson,https://fbref.com/en/players/a7c85a37/Jordan-Simpson,2016,2021,MF,,No,27,"November 28, 1998","Swindon, England, United Kingdom",England,102.18,Jordan Simpson,179 cm,,MF,,
Josh Simpson,https://fbref.com/en/players/ded86fdd/Josh-Simpson,2006,2016,MF,"Crawley Town, Histon, Plymouth Argyle, Peterborough United, Cambridge United, Southend United",No,38,"March 6, 1987","Harlow, England, United Kingdom",England,48.33,Josh Simpson,178 cm,5-10,MF,77 kg,170lb
Tony Sinclair,https://fbref.com/en/players/e974af38/Tony-Sinclair,2010,2012,DF,"Lincoln City, Gillingham",No,40,"March 5, 1985","Lewisham, England, United Kingdom",England,22.68,Tony Sinclair,,,DF,,
Trevor Sinclair,https://fbref.com/en/players/d2f7373c/Trevor-Sinclair,1993,2008,MF,"West Ham United, Queens Park Rangers, Manchester City, Blackpool, Cardiff City, England",No,52,"March 2, 1973","Dulwich, England, United Kingdom",,17.24,Trevor Sinclair,179 cm,5-10½,MF,78 kg,172lb
Tyrese Sinclair,https://fbref.com/en/players/501dedfd/Tyrese-Sinclair,2019,2026,"FW,MF","York City, Solihull Moors, Rochdale, Mansfield Town, Scunthorpe United, Altrincham",Yes,24,"February 4, 2001","England, United Kingdom",England,138.86,Tyrese Sinclair,,,FW-MF,,
Andy Sinton,https://fbref.com/en/players/d74cafe4/Andy-Sinton,1992,2002,MF,"Tottenham Hotspur, Wolverhampton Wanderers, Sheffield Wednesday, Queens Park Rangers",No,59,"March 19, 1966","Cramlington, England, United Kingdom",,416.03,Andy Sinton,173 cm,5-8,MF,69 kg,154lb
Chris Smalling,https://fbref.com/en/players/b6964eb6/Chris-Smalling,2008,2026,DF,"Manchester United, Al-Fayha, Roma, England, Fulham",Yes,36,"November 22, 1989","Greenwich, England, United Kingdom",,23.56,Chris Smalling,194 cm,6-4½,DF,89 kg,198lb
Adam Smith,https://fbref.com/en/players/1ad65f7e/Adam-Smith,2006,2007,DF,Peterborough United,No,40,"September 11, 1985","Lingwood and Burlingham, England, United Kingdom",England,182.93,Adam Smith,,,DF,,
Adam Smith,https://fbref.com/en/players/20b104bc/Adam-Smith,2009,2026,"DF,MF","Bournemouth, Millwall, Milton Keynes Dons, Torquay United, Derby County, Leeds United, Wycombe Wande",Yes,34,"April 29, 1991","London, England, United Kingdom",,16.85,Adam Smith,174 cm,5-8½,DF-MF,78 kg,172lb
Adam Smith,https://fbref.com/en/players/8d2b83b5/Adam-Smith,2003,2017,MF,"FC Halifax Town, Chesterfield, York City, Mansfield Town, Lincoln City, Guiseley, Wrexham, Aldershot",No,40,"February 20, 1985","Huddersfield, England, United Kingdom",England,266.17,Adam Smith,180 cm,5-11,MF,78 kg,172lb
Adam Smith,https://fbref.com/en/players/9425d9bf/Adam-Smith,2012,2026,GK,"Hartlepool United, Northampton Town, Yeovil Town, Bristol Rovers, Morecambe, Stevenage, Forest Green",Yes,33,"November 23, 1992","Sunderland, England, United Kingdom",England,393.78,Adam Smith,180 cm,5-11,GK,78 kg,172lb
Adie Smith,https://fbref.com/en/players/8a44cc88/Adie-Smith,2002,2007,DF,"Kidderminster Harriers, Tamworth",No,52,"August 11, 1973","Birmingham, England, United Kingdom",England,159.58,Adie Smith,178 cm,,DF,,
Alan Smith,https://fbref.com/en/players/0b7b04d2/Alan-Smith,1991,1995,FW,Arsenal,No,63,"November 21, 1962","Bromsgrove, England, United Kingdom",,156.36,Alan Smith,191 cm,,FW,,
Alan Smith,https://fbref.com/en/players/fdac06ea/Alan-Smith,1998,2018,"FW,MF","Leeds United, Notts County, Newcastle United, Manchester United, Milton Keynes Dons, England",No,45,"October 28, 1980","Rothwell, England, United Kingdom",,115.63,Alan Smith,178 cm,5-10,FW-MF,78 kg,172lb
Alex Smith,https://fbref.com/en/players/1c8af6eb/Alex-Smith,2012,2017,DF,"Swindon Town, Woking, Yeovil Town",No,34,"October 31, 1991","Croydon, England, United Kingdom",England,16.97,Alex Smith,177 cm,,DF,,
Alex Smith,https://fbref.com/en/players/8d8d5ea8/Alex-Smith,2011,2013,"FW,MF",Wellington Phoenix,No,40,"July 16, 1985","Windsor, England, United Kingdom",England,20.12,Alex Smith,182 cm,,FW-MF,,
Alex Smith,https://fbref.com/en/players/e17de3bd/Alex-Smith,2002,2007,"DF,MF","Wrexham, Swindon Town, Reading, Shrewsbury Town, Southport, Huddersfield Town",No,49,"February 15, 1976","Liverpool, England, United Kingdom",England,285.38,Alex Smith,173 cm,,DF-MF,,
Andrew Smith,https://fbref.com/en/players/b344708e/Andrew-Smith,2007,2009,FW,,No,36,"December 22, 1989","Burnley, England, United Kingdom",England,293.47,Andrew Smith,178 cm,,FW,,
Ashley Smith,https://fbref.com/en/players/8d1df117/Ashley-Smith,2015,2016,MF,,No,42,"December 23, 1983","England, United Kingdom",England,138.86,Ashley Smith,,,MF,,
Bailey Smith,https://fbref.com/en/players/893419fc/Bailey-Smith,2023,2024,FW,Brighton & Hove Albion U21,No,20,"May 2, 2005","England, United Kingdom",England,138.86,Bailey Smith,,,FW,,
Ben Smith,https://fbref.com/en/players/9a42b75f/Ben-Smith,2004,2012,MF,"Hereford United, Crawley Town, Weymouth, Shrewsbury Town, Aldershot Town, Kettering Town",No,47,"November 23, 1978","Chelmsford, England, United Kingdom",England,65.53,Ben Smith,175 cm,5-9,MF,83 kg,183lb
Ben Smith,https://fbref.com/en/players/c470af2c/Ben-Smith,2006,2013,GK,"Shrewsbury Town, Doncaster Rovers, Lincoln City, Morecambe",No,39,"September 5, 1986","Whitley Bay, England, United Kingdom",England,409.44,Ben Smith,186 cm,,GK,,
Bobby Smith,https://fbref.com/en/players/36a8eb8b/Bobby-Smith,1958,,FW,,No,92,"February 22, 1933","England, United Kingdom",,138.86,Bobby Smith,,,FW,,
Cain Smith,https://fbref.com/en/players/8d7fef04/Cain-Smith,2015,2016,MF,,No,27,"December 3, 1998","England, United Kingdom",England,138.86,Cain Smith,,,MF,,
Callum Smith,https://fbref.com/en/players/3a1858b7/Callum-Smith,2017,2018,MF,Newcastle United U23,No,27,"October 1, 1998","England, United Kingdom",England,138.86,Callum Smith,,,MF,,
Charlie Smith,https://fbref.com/en/players/3260fb3e/Charlie-Smith,2018,2019,MF,,No,,,,,,,,,,,
Charlie Smith,https://fbref.com/en/players/d3621444/Charlie-Smith,2025,2026,MF,Derby County U21,Yes,17,"November 11, 2008","England, England, United Kingdom",England,102.75,Charlie Smith,,,MF,,
Chris Smith,https://fbref.com/en/players/9f084764/Chris-Smith,2008,2021,DF,"Ayr United, King's Lynn Town FC, Greenock Morton, Falkirk, Aldershot Town",No,,,,,,,,,,,
Chris Smith,https://fbref.com/en/players/d96b8049/Chris-Smith,2002,2015,DF,"York City, Tamworth, Mansfield Town, FC Halifax Town, Alfreton Town",No,44,"June 30, 1981","Derby, England, United Kingdom",England,183.24,Chris Smith,178 cm,5-10,DF,72 kg,159lb
Christian Smith,https://fbref.com/en/players/878b5a4f/Christian-Smith,2006,2021,MF,"Wrexham, Maidenhead United, Clyde, Telford United, Barrow",No,38,"December 10, 1987","Crewe, England, United Kingdom",England,235.6,Christian Smith,188 cm,6-2,MF,78 kg,174lb
Connor Smith,https://fbref.com/en/players/e6569b54/Connor-Smith,2014,2024,MF,Hartlepool United,No,29,"October 14, 1996","Stockton-on-Tees, England, United Kingdom",England,355.57,Connor Smith,180 cm,5-11,MF,73 kg,161lb
Connor Smith,https://fbref.com/en/players/f727e89a/Connor-Smith,2022,2023,MF,,No,25,"January 21, 2000","England, United Kingdom",England,138.86,Connor Smith,,,MF,,
Gary Smith,https://fbref.com/en/players/0046ca2e/Gary-Smith,2003,2011,MF,"Milton Keynes Dons, Darlington, Brentford, Wimbledon",No,41,"January 30, 1984","Middlesbrough, England, United Kingdom",England,355.94,Gary Smith,173 cm,5-8,MF,68 kg,150lb
George Smith,https://fbref.com/en/players/2d23ed56/George-Smith,2014,2020,"DF,FW","Barnsley, Gateshead, Harrogate Town FC, Chesterfield, Northampton Town, Dover Athletic, Crawley Town",No,29,"August 14, 1996","Barnsley, England, United Kingdom",England,249.43,George Smith,186 cm,6-1,DF-FW,74 kg,165lb
George Smith,https://fbref.com/en/players/a55b5a8c/George-Smith,2015,2016,MF,,No,,,"England, United Kingdom",England,138.86,George Smith,,,MF,,
George Smith,https://fbref.com/en/players/a730db81/George-Smith,2024,2025,DF,,No,21,"January 31, 2004","England, England, United Kingdom",England,102.75,George Smith,192 cm,,DF,,
Grant Smith,https://fbref.com/en/players/a289aca0/Grant-Smith,2016,2026,GK,"Bromley, Boreham Wood, Yeovil Town, Lincoln City, Chesterfield, Maidstone United",Yes,32,"November 20, 1993","Reading, England, United Kingdom",England,45.51,Grant Smith,185 cm,6-1,GK,78 kg,174lb
Harrison Smith,https://fbref.com/en/players/275cb664/Harrison-Smith,2023,2026,FW,St Albans City,Yes,20,"January 20, 2005","England, United Kingdom",England,138.86,Harrison Smith,,,FW,,
Harry Smith,https://fbref.com/en/players/83f19532/Harry-Smith,2016,2026,FW,"Swindon Town, Leyton Orient, Macclesfield Town, Sutton United, Northampton Town, Barnet, Millwall, M",Yes,30,"May 18, 1995","Dover, England, United Kingdom",England,119.45,Harry Smith,195 cm,6-5,FW,79 kg,176lb
Harvey Smith,https://fbref.com/en/players/4787bf13/Harvey-Smith,2020,2021,DF,Chorley FC,No,27,"September 27, 1998","England, United Kingdom",England,138.86,Harvey Smith,,,DF,,
Jack Smith,https://fbref.com/en/players/14289cde/Jack-Smith,2002,2015,DF,"Swindon Town, Millwall, Watford, AFC Wimbledon",No,42,"October 14, 1983","Hemel Hempstead, England, United Kingdom",England,37.66,Jack Smith,180 cm,5-11,DF,78 kg,172lb
Jack Smith,https://fbref.com/en/players/534b6be3/Jack-Smith,2018,2022,MF,Stevenage,No,23,"June 25, 2002","England, United Kingdom",England,138.86,Jack Smith,,,MF,,
Jack Smith,https://fbref.com/en/players/69de96da/Jack-Smith,2016,2017,MF,,No,,,"England, United Kingdom",England,138.86,Jack Smith,,,MF,,
Jack Smith,https://fbref.com/en/players/e8b08939/Jack-Smith,2019,2021,GK,,No,,,"England, United Kingdom",England,138.86,Jack Smith,,,GK,,
Jackson Smith,https://fbref.com/en/players/15fdac60/Jackson-Smith,2019,2025,GK,"Walsall, Grimsby Town, Barnsley, Wolverhampton Wanderers U21",Yes,24,"October 14, 2001","England, United Kingdom",England,138.86,Jackson Smith,,,GK,,
James Smith,https://fbref.com/en/players/6c0f4106/James-Smith,2006,2014,DF,"Southport, Altrincham, Ebbsfleet United, Stockport County",No,40,"October 17, 1985","Liverpool, England, United Kingdom",England,285.38,James Smith,178 cm,5-10,DF,76 kg,168lb
Jamie Smith,https://fbref.com/en/players/13566416/Jamie-Smith,2016,2017,MF,,No,,,"England, United Kingdom",England,138.86,Jamie Smith,,,MF,,
Jamie Smith,https://fbref.com/en/players/35b9ebac/Jamie-Smith,1997,2007,DF,"Crystal Palace, Wolverhampton Wanderers, Bristol City, Milton Keynes Dons, Brentford, Fulham",No,51,"September 17, 1974","Birmingham, England, United Kingdom",England,159.58,Jamie Smith,168 cm,5-6,DF,74 kg,165lb
Jamie Smith,https://fbref.com/en/players/56386ff5/Jamie-Smith,2009,2012,MF,Brighton & Hove Albion,No,36,"September 12, 1989","Leytonstone, England, United Kingdom",England,28.64,Jamie Smith,173 cm,,MF,,
Jamie Smith,https://fbref.com/en/players/63de128b/Jamie-Smith,2015,2016,DF,,No,28,"March 24, 1997","England, United Kingdom",England,138.86,Jamie Smith,,,DF,,
Jason Smith,https://fbref.com/en/players/c5893726/Jason-Smith,2002,2003,DF,Swansea City,No,51,"September 6, 1974","Bromsgrove, England, United Kingdom",England,156.36,Jason Smith,190 cm,,DF,,
Jay Smith,https://fbref.com/en/players/b5403cd7/Jay-Smith,2002,2007,DF,"Brentford, Grays Athletic",No,44,"December 29, 1981","London, England, United Kingdom",England,16.85,Jay Smith,180 cm,,DF,,
Jay Smith,https://fbref.com/en/players/f729ed77/Jay-Smith,2002,2013,MF,"Tamworth, Southend United, Notts County, Telford United, Oxford United",No,44,"September 15, 1981","London, England, United Kingdom",England,16.85,Jay Smith,170 cm,5-7,MF,72 kg,159lb
Jed Smith,https://fbref.com/en/players/102babd1/Jed-Smith,2024,,DF,,No,26,"September 15, 1999","England, England, United Kingdom",England,102.75,Jed Smith,,,DF,,
Jeff Smith,https://fbref.com/en/players/d723710b/Jeff-Smith,2001,2010,"DF,MF","Port Vale, Carlisle United, Darlington, Preston North End",No,45,"June 28, 1980","Middlesbrough, England, United Kingdom",England,355.94,Jeff Smith,175 cm,5-9,DF-MF,73 kg,163lb
Jimmy Smith,https://fbref.com/en/players/5ed1816c/Jimmy-Smith,2005,2022,MF,"Crawley Town, Leyton Orient, Yeovil Town, Stevenage, Queens Park Rangers, Sheffield Wednesday, Norwi",No,38,"January 7, 1987","London, England, United Kingdom",,16.85,Jimmy Smith,184 cm,6-½,MF,71 kg,157lb
Jon Smith,https://fbref.com/en/players/5d957be9/Jon-Smith,2018,2019,DF,,No,25,"November 7, 2000","England, United Kingdom",England,138.86,Jon Smith,,,DF,,
Jonathan Smith,https://fbref.com/en/players/221b201f/Jonathan-Smith,2007,2021,"DF,MF","Luton Town, Forest Green Rovers, Chesterfield, York City, Stevenage, Swindon Town",No,39,"October 17, 1986","Preston, Lancashire, England, United Kingdom",England,305.37,Jonathan Smith,190 cm,6-3,DF-MF,77 kg,170lb
Jonathan Smith,https://fbref.com/en/players/ba249f27/Jonathan-Smith,2007,2008,FW,,No,37,"October 31, 1988","Wigan, England, United Kingdom",England,282.89,Jonathan Smith,,,FW,,
Jonny Smith,https://fbref.com/en/players/4a20310b/Jonny-Smith,2015,2026,"FW,MF","Wigan Athletic, Gillingham, Burton Albion, Fylde, Tranmere Rovers, Oldham Athletic, Swindon Town, Ch",Yes,28,"July 27, 1997","Liverpool, England, United Kingdom",England,285.38,Jonny Smith,178 cm,5-10,FW-MF,63 kg,141lb
Jordan Smith,https://fbref.com/en/players/0a0c49ee/Jordan-Smith,2016,2017,FW,,No,,,"England, United Kingdom",England,138.86,Jordan Smith,,,FW,,
Jordan Smith,https://fbref.com/en/players/cfca9c4e/Jordan-Smith,2016,2026,GK,"Hibernian, Nottingham Forest, Mansfield Town, Nottingham Forest U23",Yes,31,"December 8, 1994","Nottingham, England, United Kingdom",England,179.12,Jordan Smith,170 cm,5-7,GK,68 kg,150lb
Joshua Smith,https://fbref.com/en/players/502e321f/Joshua-Smith,2023,2025,MF,Woking,No,21,"April 13, 2004","England, United Kingdom",England,138.86,Joshua Smith,180 cm,,MF,,
Joshua Smith,https://fbref.com/en/players/ff8d285d/Joshua-Smith,2016,2017,GK,,No,29,"March 22, 1996","England, United Kingdom",England,138.86,Joshua Smith,,,GK,,
Lance Smith,https://fbref.com/en/players/40ad836f/Lance-Smith,2017,2018,FW,Hereford,No,34,"July 28, 1991","England, United Kingdom",England,138.86,Lance Smith,,,FW,,
Lawrence Smith,https://fbref.com/en/players/ba6a985c/Lawrence-Smith,2018,2019,MF,,No,25,"September 19, 2000","England, United Kingdom",England,138.86,Lawrence Smith,,,MF,,
Lewis Smith,https://fbref.com/en/players/d05a000c/Lewis-Smith,2014,2015,FW,,No,36,"October 27, 1989","England, United Kingdom",England,138.86,Lewis Smith,,,FW,,
Liam Smith,https://fbref.com/en/players/cd113188/Liam-Smith,2015,2018,MF,Blackpool,No,30,"September 28, 1995","South Shields, England, United Kingdom",England,404.53,Liam Smith,,,MF,,
Libby Smith,https://fbref.com/en/players/dca829b0/Libby-Smith,2021,2022,FW,Birmingham City,No,24,"November 3, 2001","England, United Kingdom",,138.86,Libby Smith,,,FW,,
Luke Smith,https://fbref.com/en/players/ba7d1288/Luke-Smith,2025,,MF,Colorado Rush,Yes,23,"May 14, 2002","England, England, United Kingdom",England,102.75,Luke Smith,,,MF,,
Reece Smith,https://fbref.com/en/players/d23cc8c6/Reece-Smith,2019,2026,MF,"Harrogate Town FC, Maidenhead United",Yes,23,"April 28, 2002","England, United Kingdom",England,138.86,Reece Smith,,,MF,,
Richard Smith,https://fbref.com/en/players/0e0006a4/Richard-Smith,1994,1995,DF,Leicester City,No,55,"October 3, 1970","Lutterworth, England, United Kingdom",England,129.33,Richard Smith,183 cm,,DF,,
Richard Smith,https://fbref.com/en/players/8580280e/Richard-Smith,2014,2015,DF,,No,,,"England, United Kingdom",England,138.86,Richard Smith,,,DF,,
Ryan Smith,https://fbref.com/en/players/0769f566/Ryan-Smith,2005,2015,"FW,MF","Kansas City Wizards, Nuneaton Town, Millwall, Chivas USA, Leicester City, Derby County, Southampton,",No,39,"November 10, 1986","London, England, United Kingdom",,16.85,Ryan Smith,175 cm,5-9,FW-MF,68 kg,150lb
Sam Smith,https://fbref.com/en/players/11d4b07d/Sam-Smith,2014,2016,FW,Telford United,No,35,"May 20, 1990","Corby, England, United Kingdom",England,121.06,Sam Smith,,,FW,,
Sam Smith,https://fbref.com/en/players/231a0b44/Sam-Smith,2016,2026,"FW,MF","Wrexham, Cambridge United, Reading, Cheltenham Town, Oxford United, Reading U23, Tranmere Rovers, Sh",Yes,27,"March 8, 1998","Manchester, England, United Kingdom",England,263.1,Sam Smith,180 cm,5-11,FW-MF,69 kg,154lb
Sam Smith,https://fbref.com/en/players/fcc3fe44/Sam-Smith,2023,2025,DF,,No,21,"February 29, 2004","England, United Kingdom",England,138.86,Sam Smith,,,DF,,
Scott Smith,https://fbref.com/en/players/556ca077/Scott-Smith,2018,2019,MF,,No,27,"September 25, 1998","England, United Kingdom",England,138.86,Scott Smith,,,MF,,
Shaun Smith,https://fbref.com/en/players/9cc428b1/Shaun-Smith,2001,2004,DF,"Crewe Alexandra, Hull City, Rochdale, Stockport County, Carlisle United",No,54,"April 9, 1971","Leeds, England, United Kingdom",England,276.55,Shaun Smith,178 cm,,DF,,
Solomon Smith,https://fbref.com/en/players/2043133e/Solomon-Smith,2022,2024,FW,Maidstone United,No,26,"April 24, 1999","Bristol, England, United Kingdom",England,157.64,Solomon Smith,,,FW,,
Stephen Smith,https://fbref.com/en/players/1a165177/Stephen-Smith,2003,2008,MF,Cambridge United,No,39,"September 19, 1986","Cambridgeshire, England, United Kingdom",England,107.35,Stephen Smith,173 cm,,MF,,
Sue Smith,https://fbref.com/en/players/f61b084c/Sue-Smith,2001,2009,"FW,MF",England,No,46,"November 24, 1979","Liverpool, England, United Kingdom",,285.38,Sue Smith,165 cm,,FW-MF,,
Ted Smith,https://fbref.com/en/players/ed97ffd3/Ted-Smith,2014,2019,GK,Southend United,No,29,"January 18, 1996","South Benfleet, England, United Kingdom",,63.07,Ted Smith,185 cm,6-1,GK,78 kg,174lb
Terry Smith,https://fbref.com/en/players/fa2f921f/Terry-Smith,2006,2007,GK,Southport,No,38,"September 16, 1987","Chester, England, United Kingdom",England,262.9,Terry Smith,,,GK,,
Timmy Smith,https://fbref.com/en/players/94bd67a2/Timmy-Smith,2021,2022,GK,,No,22,"November 29, 2003","England, United Kingdom",England,138.86,Timmy Smith,,,GK,,
Tom Smith,https://fbref.com/en/players/4bae7c12/Tom-Smith,2014,2021,MF,"Swindon Town, Dagenham & Redbridge",No,27,"February 25, 1998","Swindon, England, United Kingdom",England,102.18,Tom Smith,170 cm,5-7,MF,68 kg,150lb
Tom Smith,https://fbref.com/en/players/6143cc51/Tom-Smith,2018,2026,GK,"Colchester United, Bromley, Arsenal U23",Yes,23,"January 30, 2002","England, United Kingdom",England,138.86,Tom Smith,,,GK,,
Tommy Smith,https://fbref.com/en/players/066be641/Tommy-Smith,1999,2015,"FW,MF","Watford, Derby County, Queens Park Rangers, Sunderland, Brentford, Cardiff City, Portsmouth",No,45,"May 22, 1980","Hemel Hempstead, England, United Kingdom",,37.66,Tommy Smith,173 cm,5-8,FW-MF,71 kg,157lb
Tommy Smith,https://fbref.com/en/players/e9208654/Tommy-Smith,2013,2024,"DF,MF","Huddersfield Town, Stoke City, Middlesbrough",No,33,"April 14, 1992","Warrington, England, United Kingdom",England,267.55,Tommy Smith,185 cm,6-1,DF-MF,76 kg,168lb
Tyler Smith,https://fbref.com/en/players/c4cd16e5/Tyler-Smith,2018,2026,FW,"Rochdale, Bradford City, Barrow, Hull City, Bristol Rovers, Swindon Town, Doncaster Rovers, Oxford U",Yes,27,"December 4, 1998","England, United Kingdom",England,138.86,Tyler Smith,,,FW,,
Will Smith,https://fbref.com/en/players/2a29198c/Will-Smith,2016,2026,"DF,MF","FC Halifax Town, Harrogate Town FC, York City, Scunthorpe United",Yes,27,"November 4, 1998","England, United Kingdom",England,138.86,Will Smith,,,DF-MF,,
David Soames,https://fbref.com/en/players/9e58aa8a/David-Soames,2002,2005,FW,Grimsby Town,No,41,"December 10, 1984","Grimsby, England, United Kingdom",England,239.05,David Soames,173 cm,,FW,,
Dominic Solanke,https://fbref.com/en/players/e77dc3b2/Dominic-Solanke,2014,2026,FW,"Tottenham Hotspur, Bournemouth, Liverpool, Vitesse, Chelsea U23, Liverpool U23, England",Yes,28,"September 14, 1997","Reading, England, United Kingdom",,45.51,Dominic Solanke,187 cm,6-1½,FW,74 kg,165lb
Gareth Southgate,https://fbref.com/en/players/a29c3ed6/Gareth-Southgate,1992,2006,DF,"Aston Villa, Middlesbrough, Crystal Palace, England",No,55,"September 3, 1970","Watford, England, United Kingdom",,26.09,Gareth Southgate,184 cm,6-½,DF,78 kg,172lb
Daniel Spence,https://fbref.com/en/players/b2f834e1/Daniel-Spence,2014,2019,DF,Sutton United,No,36,"October 22, 1989","England, United Kingdom",England,138.86,Daniel Spence,,,DF,,
Djed Spence,https://fbref.com/en/players/9bc9a519/Djed-Spence,2017,2026,"DF,MF","Tottenham Hotspur, England, Middlesbrough, Nottingham Forest, Middlesbrough U23, Genoa, Rennes, Leed",Yes,25,"August 9, 2000","London, England, United Kingdom",,16.85,Djed Spence,183 cm,6-0,DF-MF,77 kg,170lb
Jordan Spence,https://fbref.com/en/players/f7780381/Jordan-Spence,2008,2020,DF,"Milton Keynes Dons, Ipswich Town, Bristol City, Leyton Orient, Scunthorpe United, West Ham United, S",No,35,"May 24, 1990","London, England, United Kingdom",,16.85,Jordan Spence,182 cm,5-11½,DF,68 kg,152lb
Nigel Spink,https://fbref.com/en/players/cbdaf1c1/Nigel-Spink,1990,1996,GK,"Aston Villa, West Bromwich Albion",No,67,"August 8, 1958","Chelmsford, England, United Kingdom",,65.53,Nigel Spink,,,GK,,
Alex Stepney,https://fbref.com/en/players/ec210c90/Alex-Stepney,1970,,GK,,No,83,"September 18, 1942","London, England, United Kingdom",,16.85,Alex Stepney,180 cm,,GK,,
Mel Sterland,https://fbref.com/en/players/0eadf9a6/Mel-Sterland,1992,1993,DF,Leeds United,No,64,"October 1, 1961","Sheffield, England, United Kingdom",,231.08,Mel Sterland,180 cm,,DF,,
Raheem Sterling,https://fbref.com/en/players/b400bde0/Raheem-Sterling,2011,2025,"FW,MF","Manchester City, Liverpool, Chelsea, England, Arsenal",No,31,"December 8, 1994","Kingston, Jamaica",,7531.91,Raheem Sterling,170 cm,5-7,FW-MF,69 kg,154lb
Trevor Steven,https://fbref.com/en/players/df7b1ad8/Trevor-Steven,1986,1997,"FW,MF","Rangers, England, Marseille",No,62,"September 21, 1963","Berwick-Upon-Tweed, England, United Kingdom",,496.04,Trevor Steven,177 cm,,FW-MF,,
Gary Stevens,https://fbref.com/en/players/001cef58/Gary-Stevens,1986,1994,DF,"Rangers, England",No,62,"March 27, 1963","Barrow in Furness, England, United Kingdom",,358.79,Gary Stevens,180 cm,,DF,,
Gary Stevens,https://fbref.com/en/players/80ee5db0/Gary-Stevens,1986,,"DF,MF",,No,63,"March 30, 1962","Hillingdon, England, United Kingdom",,15.48,Gary Stevens,183 cm,,DF-MF,,
Jason Stewart Hart,https://fbref.com/en/players/f01a776b/Jason-Stewart-Hart,2019,2020,FW,Punjab,No,35,"September 5, 1990","England, United Kingdom",England,138.86,Jason Stewart Hart,,,FW,,
Jack Stewart,https://fbref.com/en/players/23df955d/Jack-Stewart,2016,2017,MF,,No,26,"August 21, 1999","England, United Kingdom",England,138.86,Jack Stewart,,,MF,,
Jak Stewart,https://fbref.com/en/players/1eaa4fa6/Jak-Stewart,2021,2023,GK,,No,21,"May 6, 2004","Manchester, England, United Kingdom",England,263.1,Jak Stewart,,,GK,,
Jon Stewart,https://fbref.com/en/players/8f91af66/Jon-Stewart,2007,2018,GK,"Alfreton Town, Weymouth, Bournemouth",No,36,"March 13, 1989","London, England, United Kingdom",England,16.85,Jon Stewart,188 cm,6-2,GK,83 kg,183lb
Jordan Stewart,https://fbref.com/en/players/99bd8581/Jordan-Stewart,1999,2017,"DF,MF","Leicester City, Watford, San Jose Earthquakes, Derby County, Sheffield United, Phoenix Rising, Skoda",No,43,"March 3, 1982","Birmingham, England, United Kingdom",,159.58,Jordan Stewart,183 cm,6-0,DF-MF,78 kg,172lb
Josh Stewart,https://fbref.com/en/players/98aa635c/Josh-Stewart,2022,2023,DF,,No,21,"January 27, 2004","England, United Kingdom",England,138.86,Josh Stewart,,,DF,,
Paul Stewart,https://fbref.com/en/players/91aca8f3/Paul-Stewart,1992,1997,"FW,MF","Sunderland, Liverpool, Stoke City, Crystal Palace, Wolverhampton Wanderers, Burnley",No,61,"October 7, 1964","England, United Kingdom",,138.86,Paul Stewart,180 cm,5-11,FW-MF,73 kg,163lb
Nobby Stiles,https://fbref.com/en/players/82e72bb0/Nobby-Stiles,1966,1970,"DF,MF",England,No,83,"May 18, 1942","Collyhurst, England, United Kingdom",,263.86,Nobby Stiles,168 cm,5-6,DF-MF,68 kg,150lb
Charlie Stimson,https://fbref.com/en/players/5408a96a/Charlie-Stimson,2010,2011,FW,Barnet,No,33,"March 1, 1992","Newcastle upon Tyne, England, United Kingdom",England,404.19,Charlie Stimson,180 cm,,FW,,
Steve Stone,https://fbref.com/en/players/4592c48e/Steve-Stone,1992,2007,MF,"Nottingham Forest, Aston Villa, Portsmouth, Leeds United",No,54,"August 20, 1971","Gateshead, England, United Kingdom",,402.81,Steve Stone,175 cm,5-9,MF,78 kg,174lb
John Stones,https://fbref.com/en/players/5eecec3d/John-Stones,2011,2026,DF,"Manchester City, England, Everton, Barnsley",Yes,31,"May 28, 1994","Barnsley, England, United Kingdom",,249.43,John Stones,188 cm,6-2,DF,69 kg,154lb
Josh Stones,https://fbref.com/en/players/b55820e5/Josh-Stones,2021,2026,FW,"York City, Wigan Athletic, Oldham Athletic, Ross County",Yes,22,"November 12, 2003","England, United Kingdom",England,138.86,Josh Stones,,,FW,,
Daniel Sturridge,https://fbref.com/en/players/1b7ec703/Daniel-Sturridge,2006,2022,"FW,MF","Liverpool, Chelsea, Manchester City, England, Trabzonspor, Bolton Wanderers, Perth Glory, West Bromw",No,36,"September 1, 1989","Birmingham, England, United Kingdom",,159.58,Daniel Sturridge,188 cm,6-2,FW-MF,76 kg,168lb
Dean Sturridge,https://fbref.com/en/players/70e13fa1/Dean-Sturridge,1996,2007,FW,"Derby County, Wolverhampton Wanderers, Leicester City, Queens Park Rangers, Kidderminster Harriers,",No,52,"July 26, 1973","Birmingham, England, United Kingdom",England,159.58,Dean Sturridge,173 cm,5-8,FW,76 kg,168lb
Chris Sutton,https://fbref.com/en/players/83c38e36/Chris-Sutton,1992,2007,"DF,FW","Celtic, Blackburn Rovers, Norwich City, Chelsea, Birmingham City, Aston Villa",No,52,"March 10, 1973","Nottingham, England, United Kingdom",,179.12,Chris Sutton,191 cm,6-3,DF-FW,84 kg,187lb
George Taft,https://fbref.com/en/players/638de2eb/George-Taft,2011,2024,DF,"Cambridge United, Scunthorpe United, Burton Albion, Kettering Town, Mansfield Town, York City",No,32,"July 29, 1993","Leicester, England, United Kingdom",,145.65,George Taft,190 cm,6-3,DF,79 kg,176lb
Joe Tait,https://fbref.com/en/players/579427c3/Joe-Tait,2011,2020,DF,"Dayton Dutch Lions, Gateshead",No,35,"February 4, 1990","Middlesbrough, England, United Kingdom",England,355.94,Joe Tait,185 cm,,DF,,
James Tarkowski,https://fbref.com/en/players/15ea812b/James-Tarkowski,2010,2026,DF,"Everton, Burnley, Brentford, Oldham Athletic",Yes,33,"November 19, 1992","Manchester, England, United Kingdom",,263.1,James Tarkowski,185 cm,6-1,DF,81 kg,179lb
Elliott Taylor,https://fbref.com/en/players/530bf4ea/Elliott-Taylor,2024,2025,GK,,Yes,28,"November 21, 1997","England, United Kingdom",England,138.86,Elliott Taylor,194 cm,,GK,,
Ellis Taylor,https://fbref.com/en/players/20133afc/Ellis-Taylor,2020,2026,"DF,MF","Harrogate Town FC, Sunderland U23, Sunderland U21, Hartlepool United",Yes,22,"April 14, 2003","England, United Kingdom",England,138.86,Ellis Taylor,,,DF-MF,,
Paul Taylor,https://fbref.com/en/players/85892dff/Paul-Taylor,2008,2020,FW,"Peterborough United, Bradford City, Ipswich Town, Doncaster Rovers, Rotherham United, Stevenage, Che",No,38,"October 4, 1987","Liverpool, England, United Kingdom",England,285.38,Paul Taylor,170 cm,5-7,FW,66 kg,146lb
Peter Taylor,https://fbref.com/en/players/4d070a60/Peter-Taylor,2018,2023,MF,West Bromwich Albion U23,No,25,"September 1, 2000","England, United Kingdom",England,138.86,Peter Taylor,,,MF,,
John Terry,https://fbref.com/en/players/68517cfd/John-Terry,1998,2018,DF,"Chelsea, England, Aston Villa, Nottingham Forest",No,45,"December 7, 1980","Barking, England, United Kingdom",,31.26,John Terry,187 cm,6-1½,DF,89 kg,198lb
Bobby Thomas,https://fbref.com/en/players/6a471ee8/Bobby-Thomas,2019,2026,DF,"Coventry City, Barnsley, Barrow, Bristol Rovers, Burnley U23",Yes,24,"January 30, 2001","England, United Kingdom",England,138.86,Bobby Thomas,186 cm,6-1,DF,78 kg,174lb
Dan Thomas,https://fbref.com/en/players/553434ab/Dan-Thomas,2009,2016,GK,"Aldershot Town, Bournemouth",No,34,"September 1, 1991","Poole, England, United Kingdom",England,139.87,Dan Thomas,188 cm,,GK,,
Danny Thomas,https://fbref.com/en/players/3976ec1c/Danny-Thomas,1999,2012,"DF,MF","Macclesfield Town, Boston United, Tamworth, Bournemouth, Kettering Town, Hereford United, Shrewsbury",No,44,"May 1, 1981","Royal Leamington Spa, England, United Kingdom",England,127.3,Danny Thomas,170 cm,5-7,DF-MF,68 kg,152lb
Dominic Thomas,https://fbref.com/en/players/7cb98f9a/Dominic-Thomas,2014,2015,MF,,No,30,"November 23, 1995","London, England, United Kingdom",England,16.85,Dominic Thomas,185 cm,6-1,MF,77 kg,170lb
Donnell Thomas,https://fbref.com/en/players/e48e87ad/Donnell-Thomas,2021,2024,DF,,No,22,"August 4, 2003","England, United Kingdom",England,138.86,Donnell Thomas,,,DF,,
Geoff Thomas,https://fbref.com/en/players/6e7dda12/Geoff-Thomas,1992,2002,MF,"Wolverhampton Wanderers, Barnsley, Crystal Palace, Nottingham Forest, Crewe Alexandra",No,61,"August 5, 1964","Manchester, England, United Kingdom",,263.1,Geoff Thomas,,,MF,,
Martin Thomas,https://fbref.com/en/players/9fa79bcb/Martin-Thomas,2002,2003,MF,"Swansea City, Fulham, Exeter City, Brighton & Hove Albion, Birmingham City",No,52,"September 12, 1973",,England,,Martin Thomas,173 cm,,MF,,
Michael Thomas,https://fbref.com/en/players/68de2664/Michael-Thomas,1991,1999,MF,"Liverpool, Middlesbrough, Wimbledon, Benfica",No,58,"August 24, 1967","Lambeth, England, United Kingdom",,16.85,Michael Thomas,179 cm,5-10½,MF,78 kg,174lb
Michael Thomas,https://fbref.com/en/players/767f199f/Michael-Thomas,2009,2012,MF,Macclesfield Town,No,33,"August 12, 1992","Manchester, England, United Kingdom",England,263.1,Michael Thomas,185 cm,,MF,,
Mitchell Thomas,https://fbref.com/en/players/1906863d/Mitchell-Thomas,2001,2002,DF,"Luton Town, Burnley, West Ham United",No,61,"October 2, 1964","Luton, England, United Kingdom",,52.31,Mitchell Thomas,188 cm,,DF,,
Alan Thompson,https://fbref.com/en/players/2eaac012/Alan-Thompson,1995,2008,MF,"Celtic, Bolton Wanderers, Aston Villa, Leeds United, Hartlepool United",No,52,"December 22, 1973","Newcastle upon Tyne, England, United Kingdom",,404.19,Alan Thompson,183 cm,6-0,MF,78 kg,172lb
Andy Thompson,https://fbref.com/en/players/37c4ed9e/Andy-Thompson,2002,2003,DF,"Wolverhampton Wanderers, Shrewsbury Town, Cardiff City",No,58,"November 9, 1967",,England,,Andy Thompson,165 cm,,DF,,
Arron Thompson,https://fbref.com/en/players/c3bc7036/Arron-Thompson,2020,2021,,,No,25,"August 1, 2000","England, United Kingdom",England,138.86,Arron Thompson,,,,,
Ciaran Thompson,https://fbref.com/en/players/0a951b0e/Ciaran-Thompson,2022,2026,DF,Newcastle United U21,Yes,21,"October 17, 2004","England, United Kingdom",England,138.86,Ciaran Thompson,,,DF,,
Dan Thompson,https://fbref.com/en/players/dffb2c0e/Dan-Thompson,2018,2019,FW,Braintree Town,No,31,"July 4, 1994","Wandsworth, England, United Kingdom",England,10.22,Dan Thompson,175 cm,,FW,,
Declan Thompson,https://fbref.com/en/players/20b51a5a/Declan-Thompson,2020,2021,DF,,No,23,"March 9, 2002","England, United Kingdom",England,138.86,Declan Thompson,,,DF,,
Dylan Thompson,https://fbref.com/en/players/f42c2f55/Dylan-Thompson,2020,2021,DF,,No,23,"October 25, 2002","England, United Kingdom",England,138.86,Dylan Thompson,,,DF,,
Nathan Thompson,https://fbref.com/en/players/89a323f2/Nathan-Thompson,2010,2026,DF,"Milton Keynes Dons, Swindon Town, Peterborough United, Portsmouth, Stevenage",Yes,35,"November 9, 1990","Chester, England, United Kingdom",England,262.9,Nathan Thompson,177 cm,5-9½,DF,69 kg,154lb
Phil Thompson,https://fbref.com/en/players/4a1869ae/Phil-Thompson,1982,,DF,England,No,71,"January 21, 1954","Liverpool, England, United Kingdom",,285.38,Phil Thompson,183 cm,,DF,,
Ben Thomson,https://fbref.com/en/players/4ab2e745/Ben-Thomson,2020,2022,MF,Weymouth,No,35,"February 5, 1990","England, United Kingdom",England,138.86,Ben Thomson,,,MF,,
Peter Thomson,https://fbref.com/en/players/3973a543/Peter-Thomson,2006,2007,FW,"Luton Town, Altrincham",No,48,"June 30, 1977","Bury, England, United Kingdom",England,116.3,Peter Thomson,190 cm,,FW,,
George Thorne,https://fbref.com/en/players/e1a933d2/George-Thorne,2009,2020,MF,"Derby County, Derby County U23, Portsmouth, West Bromwich Albion, Watford, Peterborough United, Oxfo",No,32,"January 4, 1993","Chatham, England, United Kingdom",,59.83,George Thorne,188 cm,6-2,MF,83 kg,183lb
Andros Townsend,https://fbref.com/en/players/b28bbd58/Andros-Townsend,2008,2025,"FW,MF","Crystal Palace, Tottenham Hotspur, Luton Town, Everton, Leyton Orient, Antalyaspor, Birmingham City,",Yes,34,"July 16, 1991","Leytonstone, England, United Kingdom",,28.64,Andros Townsend,183 cm,6-0,FW-MF,77 kg,170lb
Michael Townsend,https://fbref.com/en/players/e1f0bf46/Michael-Townsend,2005,2014,DF,"Cheltenham Town, Hereford United, Barnet, Tamworth",No,39,"May 17, 1986","Walsall, England, United Kingdom",England,171.85,Michael Townsend,188 cm,6-2,DF,87 kg,194lb
James Trafford,https://fbref.com/en/players/259fea27/James-Trafford,2019,2026,GK,"Manchester City, England, Burnley, Bolton Wanderers, Manchester City U23, Accrington Stanley",Yes,23,"October 10, 2002","England, United Kingdom",,138.86,James Trafford,197 cm,6-5½,GK,83 kg,183lb
Kieran Trippier,https://fbref.com/en/players/21512407/Kieran-Trippier,2009,2026,"DF,MF","Newcastle United, Burnley, Tottenham Hotspur, Atlético Madrid, England, Barnsley",Yes,35,"September 19, 1990","Bury, England, United Kingdom",,116.3,Kieran Trippier,178 cm,5-10,DF-MF,66 kg,146lb
Steve Tully,https://fbref.com/en/players/49b627c6/Steve-Tully,2006,2013,DF,"Exeter City, Weymouth",No,45,"February 10, 1980","Paignton, England, United Kingdom",England,252.35,Steve Tully,175 cm,5-9,DF,68 kg,152lb
Finlay Tunstall,https://fbref.com/en/players/72fbbda0/Finlay-Tunstall,2025,2026,MF,Accrington Stanley,Yes,18,"February 26, 2007","England, England, United Kingdom",England,102.75,Finlay Tunstall,,,MF,,
Amy Turner,https://fbref.com/en/players/a21edf38/Amy-Turner,2017,2025,DF,"Tottenham Hotspur, Manchester United, Orlando Pride, Liverpool",Yes,34,"July 4, 1991","Sheffield, England, United Kingdom",,231.08,Amy Turner,165 cm,5-5,DF,62 kg,137lb
Jack Turner,https://fbref.com/en/players/25d614d1/Jack-Turner,2019,2026,MF,"Woking, Queen's Park FC, Southampton U23, Southampton U21",Yes,23,"September 7, 2002","England, United Kingdom",England,138.86,Jack Turner,,,MF,,
Jack Turner,https://fbref.com/en/players/728f987f/Jack-Turner,2009,2023,GK,"Slough Town FC, AFC Wimbledon",No,33,"September 17, 1992","Ashford, Surrey, England, United Kingdom",England,9.19,Jack Turner,188 cm,,GK,,
Jake Turner,https://fbref.com/en/players/b34c52c3/Jake-Turner,2016,2026,GK,"Gillingham, Newcastle United U23, Morecambe, Colchester United, Dagenham & Redbridge",Yes,26,"February 25, 1999","Wilmslow, England, United Kingdom",England,248.09,Jake Turner,185 cm,6-1,GK,79 kg,176lb
Jasmine Turner,https://fbref.com/en/players/a2f8c35a/Jasmine-Turner,2020,,MF,,No,,,"Wales, United Kingdom",England,253.88,Jasmine Turner,,,MF,,
Joe Turner,https://fbref.com/en/players/774481ba/Joe-Turner,2020,2021,FW,,No,32,"July 17, 1993","England, United Kingdom",England,138.86,Joe Turner,,,FW,,
John Turner,https://fbref.com/en/players/9e19d729/John-Turner,2002,2007,FW,"Cambridge United, Grays Athletic, Rushden & Diamonds",No,39,"February 12, 1986","Harrow, England, United Kingdom",England,19.19,John Turner,188 cm,,FW,,
Harry Tyrer,https://fbref.com/en/players/af49fb14/Harry-Tyrer,2019,2026,GK,"Everton, Everton U23, Chesterfield, Blackpool",Yes,24,"December 6, 2001","England, United Kingdom",England,138.86,Harry Tyrer,194 cm,6-4½,GK,79 kg,176lb
Paul Underwood,https://fbref.com/en/players/545ee657/Paul-Underwood,2002,2006,"DF,MF","Rushden & Diamonds, Luton Town",No,52,"August 16, 1973","Wimbledon, England, United Kingdom",England,8.64,Paul Underwood,180 cm,5-11,DF-MF,79 kg,176lb
David Unsworth,https://fbref.com/en/players/05fcbb55/David-Unsworth,1992,2009,DF,"Everton, Sheffield United, West Ham United, Burnley, Ipswich Town, Portsmouth, Wigan Athletic, Hudde",No,52,"October 16, 1973","Chorley, England, United Kingdom",,292.95,David Unsworth,187 cm,6-1½,DF,88 kg,196lb
Matt Upson,https://fbref.com/en/players/1a6e6d03/Matt-Upson,1997,2016,DF,"West Ham United, Birmingham City, Brighton & Hove Albion, Arsenal, Stoke City, Reading, Milton Keyne",No,46,"April 18, 1979","Eye, England, United Kingdom",,142.6,Matt Upson,185 cm,6-1,DF,72 kg,159lb
Jamie Vardy,https://fbref.com/en/players/45963054/Jamie-Vardy,2011,2026,FW,"Leicester City, Cremonese, Fleetwood Town, England",Yes,38,"January 11, 1987","Sheffield, England, United Kingdom",,231.08,Jamie Vardy,178 cm,5-10,FW,76 kg,168lb
Darius Vassell,https://fbref.com/en/players/e342b5e7/Darius-Vassell,1998,2012,"FW,MF","Aston Villa, Manchester City, Leicester City, Ankaragücü, England",No,45,"June 13, 1980","Birmingham, England, United Kingdom",,159.58,Darius Vassell,170 cm,5-7,FW-MF,76 kg,168lb
Barry Venison,https://fbref.com/en/players/aa15b4d9/Barry-Venison,1991,1997,DF,"Newcastle United, Southampton, Liverpool",No,61,"August 16, 1964","Consett, England, United Kingdom",,394.45,Barry Venison,178 cm,,DF,,
Chris Waddle,https://fbref.com/en/players/27215170/Chris-Waddle,1986,1997,"FW,MF","Sheffield Wednesday, Burnley, Bradford City, Marseille, England, Sunderland",No,65,"December 14, 1960","Felling, England, United Kingdom",,401.05,Chris Waddle,188 cm,6-2,FW-MF,82 kg,181lb
Theo Walcott,https://fbref.com/en/players/1ecb65be/Theo-Walcott,2005,2023,"FW,MF","Arsenal, Everton, Southampton, England",No,36,"March 16, 1989","Stanmore, England, United Kingdom",,21.72,Theo Walcott,176 cm,5-9½,FW-MF,69 kg,154lb
Danny Waldren,https://fbref.com/en/players/76bff1de/Danny-Waldren,2014,2019,MF,Billericay Town FC,No,36,"November 16, 1989","England, United Kingdom",England,138.86,Danny Waldren,,,MF,,
Brad Walker,https://fbref.com/en/players/0861bc1a/Brad-Walker,2013,2026,"DF,MF","Hartlepool United, Shrewsbury Town, Tranmere Rovers, Port Vale, Crewe Alexandra, Wrexham",Yes,29,"April 25, 1996","Billingham, England, United Kingdom",England,360.02,Brad Walker,185 cm,6-1,DF-MF,79 kg,176lb
Dan Walker,https://fbref.com/en/players/6724763f/Dan-Walker,2014,2016,FW,,No,35,"October 4, 1990","England, United Kingdom",England,138.86,Dan Walker,,,FW,,
Des Walker,https://fbref.com/en/players/4e1b2261/Des-Walker,1990,2004,DF,"Sheffield Wednesday, Nottingham Forest, Sampdoria, England",No,60,"November 26, 1965","England, United Kingdom",,138.86,Des Walker,180 cm,5-11,DF,73 kg,163lb
Ian Walker,https://fbref.com/en/players/78a90cec/Ian-Walker,1992,2006,GK,"Tottenham Hotspur, Leicester City, Bolton Wanderers",No,54,"October 31, 1971","Watford, England, United Kingdom",,26.09,Ian Walker,188 cm,6-2,GK,86 kg,190lb
Karen Walker,https://fbref.com/en/players/00dfcd23/Karen-Walker,1995,2001,FW,England,No,56,"July 29, 1969","Mexborough, England, United Kingdom",,239.33,Karen Walker,173 cm,,FW,,
Kieran Walker,https://fbref.com/en/players/57c0760a/Kieran-Walker,2016,2017,DF,,No,30,"December 22, 1995","England, United Kingdom",England,138.86,Kieran Walker,,,DF,,
Kyle Walker,https://fbref.com/en/players/86dd77d1/Kyle-Walker,2008,2026,"DF,MF","Manchester City, England, Tottenham Hotspur, Burnley, Sheffield United, Queens Park Rangers, Milan,",Yes,35,"May 28, 1990","Sheffield, England, United Kingdom",,231.08,Kyle Walker,178 cm,5-10,DF-MF,73 kg,161lb
Richard Walker,https://fbref.com/en/players/14bd3bf3/Richard-Walker,2001,2009,DF,"Crewe Alexandra, Macclesfield Town, Port Vale, Wrexham",No,45,"September 17, 1980","Stafford, England, United Kingdom",England,196.48,Richard Walker,188 cm,6-2,DF,78 kg,172lb
Richard Walker,https://fbref.com/en/players/3492eaf9/Richard-Walker,2002,2003,DF,Cheltenham Town,No,54,"November 9, 1971","Derby, England, United Kingdom",England,183.24,Richard Walker,178 cm,,DF,,
Richard Walker,https://fbref.com/en/players/8965ec2a/Richard-Walker,1997,2011,FW,"Bristol Rovers, Blackpool, Burton Albion, Shrewsbury Town, Northampton Town, Aston Villa, Oxford Uni",No,48,"November 8, 1977","Birmingham, England, United Kingdom",England,159.58,Richard Walker,183 cm,6-0,FW,77 kg,170lb
Tyler Walker,https://fbref.com/en/players/6625dc22/Tyler-Walker,2014,2026,FW,"Barrow, Coventry City, Mansfield Town, Nottingham Forest, Lincoln City, Portsmouth, Stevenage, Weald",Yes,29,"October 17, 1996","Nottingham, England, United Kingdom",,179.12,Tyler Walker,179 cm,5-10½,FW,63 kg,139lb
Tyler Walker,https://fbref.com/en/players/d126ce12/Tyler-Walker,2016,2017,DF,,No,26,"February 18, 1999","Nottingham, England, United Kingdom",England,179.12,Tyler Walker,179 cm,5-10½,DF,63 kg,139lb
Zain Walker,https://fbref.com/en/players/aac8d8ab/Zain-Walker,2020,2023,MF,"King's Lynn Town FC, Bristol Rovers",No,23,"January 8, 2002","England, United Kingdom",England,138.86,Zain Walker,,,MF,,
Danny Wallace,https://fbref.com/en/players/8522c5d0/Danny-Wallace,1992,1993,"FW,MF","Birmingham City, Manchester United",No,61,"January 21, 1964","Greenwich, England, United Kingdom",,23.56,Danny Wallace,163 cm,,FW-MF,,
Charlie Waller,https://fbref.com/en/players/9f630ff6/Charlie-Waller,2024,2026,DF,"Milton Keynes Dons, Sutton United",Yes,20,"March 11, 2005","England, England, United Kingdom",England,102.75,Charlie Waller,,,DF,,
Paul Walsh,https://fbref.com/en/players/4bf0b7a5/Paul-Walsh,1993,1996,FW,"Portsmouth, Manchester City",No,63,"October 1, 1962","Plumstead, England, United Kingdom",,30.06,Paul Walsh,173 cm,,FW,,
Phil Walsh,https://fbref.com/en/players/732921d8/Phil-Walsh,2009,2013,"DF,FW","Ebbsfleet United, Dagenham & Redbridge, Hayes & Yeading United, Barnet, Cheltenham Town",No,41,"February 4, 1984","Hartlepool, England, United Kingdom",England,367.69,Phil Walsh,190 cm,,DF-FW,,
Mark Walters,https://fbref.com/en/players/0e763b5b/Mark-Walters,1990,1996,MF,"Swindon Town, Liverpool, Wolverhampton Wanderers, Stoke City, Southampton, Rangers",No,61,"June 2, 1964","Birmingham, England, United Kingdom",,159.58,Mark Walters,178 cm,,MF,,
Matty Walters,https://fbref.com/en/players/94e5f240/Matty-Walters,2016,2017,DF,,No,,,"England, United Kingdom",England,138.86,Matty Walters,,,DF,,
Dave Walton,https://fbref.com/en/players/10d602d4/Dave-Walton,2001,2006,DF,"Crewe Alexandra, Shrewsbury Town, Stockport County, Derby County",No,52,"April 10, 1973","Bedlington, England, United Kingdom",England,421.22,Dave Walton,,,DF,,
Jed Ward,https://fbref.com/en/players/edb2744d/Jed-Ward,2020,2026,GK,"Yeovil Town, Bristol Rovers, Forest Green Rovers, Wealdstone FC",Yes,22,"May 5, 2003","England, United Kingdom",England,138.86,Jed Ward,,,GK,,
Joe Ward,https://fbref.com/en/players/22f621af/Joe-Ward,2016,2026,"DF,FW","Derby County, Peterborough United, Woking, Lincoln City, Derby County U21",Yes,30,"August 22, 1995","England, United Kingdom",England,138.86,Joe Ward,167 cm,,DF-FW-MF,,
Joe Ward,https://fbref.com/en/players/5609cfb0/Joe-Ward,2015,2017,MF,,No,29,"September 27, 1996","London, England, United Kingdom",England,16.85,Joe Ward,183 cm,6-0,MF,77 kg,170lb
Joel Ward,https://fbref.com/en/players/8a7ff278/Joel-Ward,2008,2025,"DF,MF","Crystal Palace, Portsmouth, Bournemouth",No,36,"October 29, 1989","Emsworth, England, United Kingdom",England,76.97,Joel Ward,188 cm,6-2,DF-MF,82 kg,181lb
James Ward-Prowse,https://fbref.com/en/players/3515d404/James-Ward-Prowse,2012,2026,MF,"Southampton, West Ham United, England, Nottingham Forest",Yes,31,"November 1, 1994","Portsmouth, England, United Kingdom",,87.51,James Ward-Prowse,173 cm,5-8,MF,66 kg,146lb
Stephen Warnock,https://fbref.com/en/players/07869028/Stephen-Warnock,2002,2018,DF,"Blackburn Rovers, Aston Villa, Leeds United, Wigan Athletic, Liverpool, Coventry City, Derby County,",No,44,"December 12, 1981","Ormskirk, England, United Kingdom",,294.89,Stephen Warnock,180 cm,5-11,DF,74 kg,165lb
Ben Watson,https://fbref.com/en/players/b79946c9/Ben-Watson,2007,2011,FW,"Exeter City, Grays Athletic, Bath City, Forest Green Rovers",No,40,"December 6, 1985","Shoreham-by-Sea, England, United Kingdom",England,66.0,Ben Watson,178 cm,,FW,,
Ben Watson,https://fbref.com/en/players/df540668/Ben-Watson,2002,2022,MF,"Crystal Palace, Wigan Athletic, Nottingham Forest, Watford, Charlton Athletic, Queens Park Rangers,",No,40,"July 9, 1985","London, England, United Kingdom",,16.85,Ben Watson,178 cm,5-10,MF,64 kg,143lb
Dave Watson,https://fbref.com/en/players/f41fba43/Dave-Watson,1992,2000,DF,Everton,No,64,"November 20, 1961","Liverpool, England, United Kingdom",,285.38,Dave Watson,183 cm,6-0,DF,74 kg,165lb
David Watson,https://fbref.com/en/players/26efe836/David-Watson,1997,1998,GK,Barnsley,No,52,"November 10, 1973","Barnsley, England, United Kingdom",,249.43,David Watson,180 cm,5-11,GK,78 kg,172lb
Declan Watson,https://fbref.com/en/players/3ef66ebc/Declan-Watson,2014,2015,MF,,No,29,"February 13, 1996","England, United Kingdom",England,138.86,Declan Watson,,,MF,,
Ryan Watson,https://fbref.com/en/players/11a3526b/Ryan-Watson,2014,2025,"DF,MF","Salford City FC, Northampton Town, Barnet, Milton Keynes Dons, Tranmere Rovers",Yes,32,"July 7, 1993","Crewe, England, United Kingdom",England,235.6,Ryan Watson,185 cm,6-1,DF-MF,73 kg,161lb
Willie Watson,https://fbref.com/en/players/ab672d14/Willie-Watson,1950,,MF,,No,105,"March 7, 1920","England, United Kingdom",,138.86,Willie Watson,,,MF,,
Chris Weale,https://fbref.com/en/players/1760ea72/Chris-Weale,2003,2019,GK,"Yeovil Town, Shrewsbury Town, Leicester City, Bristol City, Northampton Town",No,43,"February 9, 1982","Yeovil, England, United Kingdom",England,169.61,Chris Weale,188 cm,6-2,GK,83 kg,185lb
Simon Weaver,https://fbref.com/en/players/d2697d0a/Simon-Weaver,2002,2007,DF,"Lincoln City, Tamworth, Kidderminster Harriers, Macclesfield Town",No,48,"December 20, 1977","Doncaster, England, United Kingdom",England,239.78,Simon Weaver,185 cm,,DF,,
George Webb,https://fbref.com/en/players/4ff9fc06/George-Webb,2008,2010,MF,,No,34,"May 1, 1991","Poole, England, United Kingdom",England,139.87,George Webb,178 cm,,MF,,
Nathan Webb,https://fbref.com/en/players/c2f0ea0d/Nathan-Webb,2017,2018,MF,,No,33,"June 5, 1992","England, United Kingdom",England,138.86,Nathan Webb,,,MF,,
Neil Webb,https://fbref.com/en/players/602d0a35/Neil-Webb,1990,1993,"DF,MF","Nottingham Forest, Swindon Town, Manchester United",No,62,"July 30, 1963","Reading, England, United Kingdom",,45.51,Neil Webb,183 cm,,DF-MF,,
Danny Welbeck,https://fbref.com/en/players/ce5143da/Danny-Welbeck,2008,2026,"FW,MF","Brighton & Hove Albion, Arsenal, Manchester United, England, Sunderland, Watford, Preston North End",Yes,35,"November 26, 1990","Manchester, England, United Kingdom",,263.1,Danny Welbeck,185 cm,6-1,FW-MF,72 kg,159lb
Reece Welch,https://fbref.com/en/players/a182122b/Reece-Welch,2020,2026,DF,"Everton U21, Everton U23, Forest Green Rovers",Yes,22,"September 19, 2003","England, United Kingdom",England,138.86,Reece Welch,197 cm,6-5½,DF,74 kg,165lb
George Wells,https://fbref.com/en/players/46019e2b/George-Wells,2017,2022,DF,"Maidenhead United, Slough Town FC",No,29,"January 9, 1996","England, United Kingdom",England,138.86,George Wells,,,DF,,
George West,https://fbref.com/en/players/7545b678/George-West,2016,2017,FW,,No,,,"England, United Kingdom",England,138.86,George West,,,FW,,
Aidy White,https://fbref.com/en/players/a850b35d/Aidy-White,2008,2023,"DF,MF","Leeds United, Rochdale, Barnsley, Heart of Midlothian, Oldham Athletic, Rotherham United, Sheffield",No,34,"October 10, 1991","Otley, England, United Kingdom",,291.08,Aidy White,175 cm,5-9,DF-MF,68 kg,150lb
David White,https://fbref.com/en/players/b296c9ab/David-White,1992,1996,"FW,MF","Sheffield United, Manchester City, Leeds United",No,58,"October 30, 1967","Urmston, England, United Kingdom",,263.57,David White,186 cm,6-1,FW-MF,79 kg,176lb
Devon White,https://fbref.com/en/players/5db8501e/Devon-White,1992,1995,FW,"Watford, Queens Park Rangers",No,61,"March 2, 1964","Nottingham, England, United Kingdom",England,179.12,Devon White,190 cm,,FW,,
Tom White,https://fbref.com/en/players/4e67f277/Tom-White,2003,2026,"DF,MF","Boreham Wood, Barrow, Gateshead, Morecambe, Bolton Wanderers, Hartlepool United, Blackburn Rovers U2",Yes,28,"May 9, 1997","City of Bristol, England, United Kingdom",England,156.55,Tom White,180 cm,,DF-MF,,
Jason Wilcox,https://fbref.com/en/players/6b9fa9ad/Jason-Wilcox,1992,2006,"FW,MF","Blackburn Rovers, Leeds United, Blackpool, Leicester City",No,54,"July 15, 1971","Bolton, England, United Kingdom",,278.85,Jason Wilcox,180 cm,5-11,FW-MF,72 kg,159lb
Ray Wilkins,https://fbref.com/en/players/05f2d7e3/Ray-Wilkins,1982,1996,MF,"Queens Park Rangers, England",No,69,"September 14, 1956","Hillingdon, England, United Kingdom",,15.48,Ray Wilkins,173 cm,5-8,MF,72 kg,159lb
Ben Wilkinson,https://fbref.com/en/players/040965e2/Ben-Wilkinson,2007,2011,MF,"Tamworth, York City, Gretna, Altrincham",No,38,"April 25, 1987","Sheffield, England, United Kingdom",England,231.08,Ben Wilkinson,175 cm,,MF,,
George Wilkinson,https://fbref.com/en/players/2e08e421/George-Wilkinson,2021,2022,MF,Dover Athletic,No,21,"April 2, 2004","England, United Kingdom",England,138.86,George Wilkinson,,,MF,,
Luke Wilkinson,https://fbref.com/en/players/909f5758/Luke-Wilkinson,2012,2024,"DF,MF","Stevenage, Yeovil Town, Luton Town, Dagenham & Redbridge, Woking",No,35,"September 29, 1990","Wells, England, United Kingdom",England,163.12,Luke Wilkinson,188 cm,6-2,DF-MF,73 kg,163lb
Barney Williams,https://fbref.com/en/players/4b2d9c21/Barney-Williams,2015,2024,DF,,No,30,"January 27, 1995","London, England, United Kingdom",England,16.85,Barney Williams,,,DF,,
Ben Williams,https://fbref.com/en/players/05be4744/Ben-Williams,2002,2019,GK,"Crewe Alexandra, Colchester United, Hibernian, Bradford City, Carlisle United, Bury, Chesterfield, B",No,43,"August 27, 1982","Manchester, England, United Kingdom",England,263.1,Ben Williams,188 cm,6-2,GK,86 kg,190lb
Ben Williams,https://fbref.com/en/players/20693a0a/Ben-Williams,2025,2026,DF,Gateshead,Yes,21,"December 6, 2004","England, England, United Kingdom",England,102.75,Ben Williams,187 cm,,DF,,
Ben Williams,https://fbref.com/en/players/50c9db67/Ben-Williams,2024,2025,DF,,Yes,31,"April 1, 1994","England, England, United Kingdom",England,102.75,Ben Williams,191 cm,,DF,,
Ben Williams,https://fbref.com/en/players/cce67261/Ben-Williams,2016,2019,GK,,No,26,"October 17, 1999","England, United Kingdom",England,138.86,Ben Williams,,,GK,,
Bert Williams,https://fbref.com/en/players/c86cb66c/Bert-Williams,1950,,GK,England,No,105,"January 31, 1920","Staffordshire, England, United Kingdom",,193.55,Bert Williams,175 cm,,GK,,
Bradley Williams,https://fbref.com/en/players/261a5d08/Bradley-Williams,2021,2024,MF,,No,21,"September 3, 2004","England, United Kingdom",England,138.86,Bradley Williams,,,MF,,
Brandon Williams,https://fbref.com/en/players/5e74d6c8/Brandon-Williams,2018,2026,DF,"Hull City, Manchester United, Norwich City, Ipswich Town, Manchester United U23, Manchester United U",Yes,25,"September 3, 2000","England, United Kingdom",,138.86,Brandon Williams,182 cm,5-11½,DF,63 kg,139lb
Brett Williams,https://fbref.com/en/players/05d60168/Brett-Williams,1992,1993,DF,Nottingham Forest,No,57,"March 19, 1968","Dudley, England, United Kingdom",England,170.59,Brett Williams,,,DF,,
Brett Williams,https://fbref.com/en/players/6ff16e59/Brett-Williams,2011,2019,FW,"Aldershot Town, Torquay United, Bromley, Woking, Forest Green Rovers, Sutton United, Northampton Tow",No,38,"December 1, 1987","Southampton, England, United Kingdom",England,94.92,Brett Williams,188 cm,6-2,FW,78 kg,174lb
Joe Williams,https://fbref.com/en/players/44c38f2e/Joe-Williams,2014,2025,MF,"Bristol City, Wigan Athletic, Barnsley, Bolton Wanderers, Everton U23",Yes,29,"December 8, 1996","Liverpool, England, United Kingdom",England,285.38,Joe Williams,178 cm,5-10,MF,66 kg,146lb
Sam Williams,https://fbref.com/en/players/bffe01ce/Sam-Williams,2005,2019,FW,"Yeovil Town, Dagenham & Redbridge, Wrexham, Brentford, Walsall, Brighton & Hove Albion",No,38,"June 9, 1987","Greenwich, England, United Kingdom",England,23.56,Sam Williams,185 cm,6-1,FW,67 kg,148lb
Sean Williams,https://fbref.com/en/players/2abca0b9/Sean-Williams,2014,2021,MF,Altrincham,No,33,"January 20, 1992","England, United Kingdom",England,138.86,Sean Williams,,,MF,,
Sebastian Williams,https://fbref.com/en/players/4ba209fd/Sebastian-Williams,2023,2026,MF,Crystal Palace U21,Yes,18,"January 10, 2007","England, United Kingdom",England,138.86,Sebastian Williams,185 cm,,MF,,
Sian Williams,https://fbref.com/en/players/b0753cca/Sian-Williams,1995,,MF,,No,57,"February 2, 1968",,,,Sian Williams,160 cm,,MF,,
Steve Williams,https://fbref.com/en/players/745f786f/Steve-Williams,2003,2007,GK,"Forest Green Rovers, Wycombe Wanderers",No,42,"April 21, 1983","Oxford, England, United Kingdom",England,73.88,Steve Williams,193 cm,,GK,,
Steve Williams,https://fbref.com/en/players/965b0242/Steve-Williams,2009,2016,DF,"Bradford City, Macclesfield Town, FC Halifax Town, Barrow, Inverness CT",No,38,"April 24, 1987","Preston, Lancashire, England, United Kingdom",England,305.37,Steve Williams,193 cm,6-4,DF,84 kg,187lb
Ben Williamson,https://fbref.com/en/players/919f7838/Ben-Williamson,2010,2022,"FW,MF","Port Vale, Eastleigh, Cambridge United, Bromley, Dover Athletic, Gillingham, Bournemouth",No,37,"December 25, 1988","Lambeth, England, United Kingdom",England,16.85,Ben Williamson,180 cm,5-11,FW-MF,69 kg,154lb
Sam Williamson,https://fbref.com/en/players/241ffd0f/Sam-Williamson,2007,2010,"DF,MF",Wrexham,No,38,"October 15, 1987","Macclesfield, England, United Kingdom",England,238.13,Sam Williamson,173 cm,,DF-MF,,
Tom Williamson,https://fbref.com/en/players/d20f5b9d/Tom-Williamson,2001,2007,MF,Grays Athletic,No,41,"December 24, 1984","Leicester, England, United Kingdom",England,145.65,Tom Williamson,175 cm,,MF,,
George Willis,https://fbref.com/en/players/cdd2f242/George-Willis,2014,2025,GK,Alfreton Town,No,30,"July 30, 1995","Rotherham, England, United Kingdom",England,233.91,George Willis,170 cm,5-7,GK,69 kg,154lb
Jack Wilshere,https://fbref.com/en/players/9c318325/Jack-Wilshere,2008,2022,MF,"Arsenal, Bournemouth, England, West Ham United, AGF, Bolton Wanderers",No,33,"January 1, 1992","Stevenage, England, United Kingdom",,53.83,Jack Wilshere,172 cm,5-7½,MF,66 kg,146lb
Callum Wilson,https://fbref.com/en/players/550af617/Callum-Wilson,2021,2025,DF,Sunderland U21,No,21,"February 29, 2004","England, United Kingdom",England,138.86,Callum Wilson,,,DF,,
Callum Wilson,https://fbref.com/en/players/c596fcb0/Callum-Wilson,2010,2026,FW,"West Ham United, Bournemouth, Newcastle United, Coventry City, Kettering Town, England, Tamworth",Yes,33,"February 27, 1992","Coventry, England, United Kingdom",,136.28,Callum Wilson,180 cm,5-11,FW,66 kg,146lb
Cameron Wilson,https://fbref.com/en/players/f4dafc7b/Cameron-Wilson,2021,2025,MF,Scunthorpe United,No,23,"December 1, 2002","Scunthorpe, England, United Kingdom",England,242.17,Cameron Wilson,,,MF,,
Charlie Wilson,https://fbref.com/en/players/5eed50cc/Charlie-Wilson,2023,2025,DF,Norwich City U21,Yes,20,"March 19, 2005","England, United Kingdom",England,138.86,Charlie Wilson,,,DF,,
Che Wilson,https://fbref.com/en/players/3b4ca3ce/Che-Wilson,2003,2008,DF,"Southend United, Norwich City, Rotherham United, Brentford",No,46,"January 17, 1979","Ely, England, United Kingdom",England,115.86,Che Wilson,177 cm,5-9½,DF,71 kg,157lb
Clive Wilson,https://fbref.com/en/players/de2ad53e/Clive-Wilson,1992,1998,DF,"Queens Park Rangers, Tottenham Hotspur",No,64,"November 13, 1961","Manchester, England, United Kingdom",England,263.1,Clive Wilson,170 cm,5-7,DF,72 kg,159lb
George Wilson,https://fbref.com/en/players/f36c94f3/George-Wilson,2017,2025,MF,Altrincham,Yes,24,"March 10, 2001","England, United Kingdom",England,138.86,George Wilson,,,MF,,
Georgia Wilson,https://fbref.com/en/players/177a82f4/Georgia-Wilson,2019,2022,MF,"Aalborg BK, Bristol City",No,23,"February 1, 2002","England, United Kingdom",England,138.86,Georgia Wilson,,,MF,,
Glenn Wilson,https://fbref.com/en/players/cce4e1d3/Glenn-Wilson,2006,2015,DF,"Crawley Town, Salisbury City, Aldershot Town, Rushden & Diamonds, Gateshead, Kidderminster Harriers,",No,39,"March 16, 1986","Lewisham, England, United Kingdom",England,22.68,Glenn Wilson,186 cm,6-1,DF,79 kg,176lb
Tyree Wilson,https://fbref.com/en/players/f075a56c/Tyree-Wilson,2017,2025,MF,Derby County U23,Yes,23,"June 13, 2002","England, United Kingdom",England,138.86,Tyree Wilson,,,MF,,
Harry Winks,https://fbref.com/en/players/2f7acede/Harry-Winks,2014,2026,MF,"Leicester City, Tottenham Hotspur, Sampdoria, England",Yes,29,"February 2, 1996","Hemel Hempstead, England, United Kingdom",,37.66,Harry Winks,178 cm,5-10,MF,64 kg,143lb
Nigel Winterburn,https://fbref.com/en/players/0672e24e/Nigel-Winterburn,1991,2003,DF,"Arsenal, West Ham United",No,62,"December 11, 1963","Arley, England, United Kingdom",,177.43,Nigel Winterburn,173 cm,5-8,DF,72 kg,159lb
Dennis Wise,https://fbref.com/en/players/e718c23d/Dennis-Wise,1992,2006,MF,"Chelsea, Millwall, Leicester City, Coventry City, England",No,59,"December 16, 1966","London, England, United Kingdom",,16.85,Dennis Wise,168 cm,5-6,MF,63 kg,141lb
Peter Withe,https://fbref.com/en/players/1f3a4d09/Peter-Withe,1982,,FW,,No,74,"August 30, 1951","Liverpool, England, United Kingdom",,285.38,Peter Withe,,,FW,,
Tony Witter,https://fbref.com/en/players/e81b47f3/Tony-Witter,1993,1994,DF,Reading,No,61,"August 12, 1964","London, England, United Kingdom",England,16.85,Tony Witter,185 cm,,DF,,
Chris Wood,https://fbref.com/en/players/ef9c86f5/Chris-Wood,2004,2008,DF,Mansfield Town,No,38,"January 24, 1987","Worksop, England, United Kingdom",England,216.05,Chris Wood,180 cm,,DF,,
Harrison Wood,https://fbref.com/en/players/f2cac685/Harrison-Wood,2020,2026,MF,"Blackburn Rovers U21, Blackburn Rovers U23",Yes,21,"August 24, 2004","England, United Kingdom",England,138.86,Harrison Wood,,,MF,,
Harry Wood,https://fbref.com/en/players/972f40d1/Harry-Wood,2020,2026,"FW,MF","Shelbourne FC, Scunthorpe United, Grimsby Town, Hull City",Yes,23,"August 2, 2002","England, United Kingdom",England,138.86,Harry Wood,,,FW-MF,,
Tony Woodcock,https://fbref.com/en/players/74ee448e/Tony-Woodcock,1982,,FW,,No,70,"December 6, 1955","Eastwood, England, United Kingdom",,189.3,Tony Woodcock,183 cm,,FW,,
Jonathan Woodgate,https://fbref.com/en/players/9482a3bd/Jonathan-Woodgate,1998,2016,DF,"Leeds United, Middlesbrough, Tottenham Hotspur, Newcastle United, Stoke City, Real Madrid",No,45,"January 22, 1980","Middlesbrough, England, United Kingdom",,355.94,Jonathan Woodgate,188 cm,6-2,DF,79 kg,176lb
Calum Woods,https://fbref.com/en/players/02f0f728/Calum-Woods,2006,2020,DF,"Dunfermline Athletic, Preston North End, Huddersfield Town, Tranmere Rovers, Bradford City",No,38,"February 5, 1987","Liverpool, England, United Kingdom",England,285.38,Calum Woods,180 cm,5-11,DF,73 kg,161lb
Charlie Woods,https://fbref.com/en/players/011f069d/Charlie-Woods,2020,2022,GK,,No,21,"May 24, 2004","England, United Kingdom",England,138.86,Charlie Woods,,,GK,,
Chris Woods,https://fbref.com/en/players/6148af60/Chris-Woods,1986,1997,GK,"Sheffield Wednesday, Colorado Rapids, Burnley, Reading, Rangers, Southampton",No,66,"November 14, 1959","England, United Kingdom",,138.86,Chris Woods,188 cm,,GK,,
Connor Woods,https://fbref.com/en/players/d3f048cb/Connor-Woods,2025,2026,MF,Chester,Yes,27,"February 1, 1998","Ormskirk, England, United Kingdom",England,294.89,Connor Woods,,,MF,,
Tom Wraight,https://fbref.com/en/players/59aa48e8/Tom-Wraight,2017,2018,MF,,No,31,"June 29, 1994","England, United Kingdom",England,138.86,Tom Wraight,,,MF,,
Alan Wright,https://fbref.com/en/players/df6cf3fe/Alan-Wright,1992,2011,DF,"Aston Villa, Cheltenham Town, Sheffield United, Blackburn Rovers, Fleetwood Town, Nottingham Forest,",No,54,"September 28, 1971","Ashton-under-Lyne, England, United Kingdom",,259.02,Alan Wright,163 cm,5-4,DF,58 kg,130lb
Ben Wright,https://fbref.com/en/players/8e5278f2/Ben-Wright,2001,2010,FW,"Lincoln City, Viking, Macclesfield Town, Start",No,45,"July 1, 1980","Kreisfreie Stadt Münster, Germany",England,,Ben Wright,191 cm,6-3,FW,87 kg,194lb
Ben Wright,https://fbref.com/en/players/b0024a4b/Ben-Wright,2008,2015,FW,"Braintree Town, Hayes & Yeading United, Salisbury City, Forest Green Rovers, Kettering Town, Eastlei",No,37,"August 10, 1988","Basingstoke, England, United Kingdom",England,55.63,Ben Wright,188 cm,6-2,FW,87 kg,194lb
Benjamin Wright,https://fbref.com/en/players/d93929ce/Benjamin-Wright,2014,2016,FW,,No,37,"August 20, 1988","England, United Kingdom",England,138.86,Benjamin Wright,,,FW,,
Billy Wright,https://fbref.com/en/players/a10ef2b4/Billy-Wright,1950,1958,"DF,MF",England,No,101,"February 6, 1924","Ironbridge, England, United Kingdom",,199.36,Billy Wright,,,DF-MF,,
Dale Wright,https://fbref.com/en/players/2ae2ab10/Dale-Wright,2015,2016,MF,,No,36,"March 19, 1989","England, United Kingdom",England,138.86,Dale Wright,,,MF,,
Dan Wright,https://fbref.com/en/players/72a1bc17/Dan-Wright,2016,2018,MF,Sunderland U23,No,27,"January 4, 1998","England, United Kingdom",,138.86,Dan Wright,,,MF,,
Daniel Wright,https://fbref.com/en/players/7368f3af/Daniel-Wright,2007,2022,"DF,FW","Cheltenham Town, Histon, Solihull Moors, Wrexham, Torquay United, Cambridge United, Forest Green Rov",No,41,"September 10, 1984","Norwich, England, United Kingdom",England,174.24,Daniel Wright,188 cm,6-2,DF-FW-MF,87 kg,194lb
David Wright,https://fbref.com/en/players/fdc640d2/David-Wright,2001,2015,DF,"Ipswich Town, Crewe Alexandra, Crystal Palace, Colchester United, Wigan Athletic, Gillingham",No,45,"May 1, 1980","Warrington, England, United Kingdom",England,267.55,David Wright,180 cm,5-11,DF,68 kg,150lb
Diaz Wright,https://fbref.com/en/players/83848881/Diaz-Wright,2016,2020,MF,Colchester United,No,27,"February 22, 1998","Greenwich, England, United Kingdom",England,23.56,Diaz Wright,,,MF,,
Drey Wright,https://fbref.com/en/players/e0694349/Drey-Wright,2012,2026,"DF,MF","Dundee, Colchester United, St Johnstone, Hibernian",Yes,30,"April 30, 1995","Greenwich, England, United Kingdom",England,23.56,Drey Wright,175 cm,5-9,DF-MF,68 kg,152lb
Ian Wright,https://fbref.com/en/players/60c275b3/Ian-Wright,1992,1999,FW,"Arsenal, West Ham United, Burnley, Nottingham Forest",No,62,"November 3, 1963","Woolwich, England, United Kingdom",,28.07,Ian Wright,175 cm,5-9,FW,73 kg,161lb
Mark Wright,https://fbref.com/en/players/7f77fc15/Mark-Wright,2002,2016,MF,"Walsall, Shrewsbury Town, Milton Keynes Dons, Bristol Rovers, Brighton & Hove Albion",No,43,"February 24, 1982","Wolverhampton, England, United Kingdom",England,178.59,Mark Wright,180 cm,5-11,MF,68 kg,152lb
Mark Wright,https://fbref.com/en/players/9995820e/Mark-Wright,1990,1998,DF,"Liverpool, Wigan Athletic, Huddersfield Town, England",No,62,"August 1, 1963","Berinsfield, England, United Kingdom",,64.1,Mark Wright,182 cm,5-11½,DF,83 kg,185lb
Mark Wright,https://fbref.com/en/players/f1a644ac/Mark-Wright,2020,2021,DF,,No,38,"January 20, 1987","Buckhurst Hill, England, United Kingdom",England,34.48,Mark Wright,,,DF,,
Matt Wright,https://fbref.com/en/players/b8eea7c2/Matt-Wright,2016,2017,FW,,No,34,"April 13, 1991","Plymouth, England, United Kingdom",England,292.59,Matt Wright,,,FW,,
Max Wright,https://fbref.com/en/players/99dd3022/Max-Wright,2018,2026,"FW,MF","FC Halifax Town, Grimsby Town, Harrogate Town FC",Yes,27,"April 6, 1998","England, United Kingdom",England,138.86,Max Wright,,,FW-MF,,
Myles Wright,https://fbref.com/en/players/afd20763/Myles-Wright,2014,2015,GK,,No,29,"September 14, 1996","England, United Kingdom",England,138.86,Myles Wright,193 cm,6-4,GK,71 kg,157lb
Richard Wright,https://fbref.com/en/players/d9e2e2ae/Richard-Wright,1994,2016,GK,"Ipswich Town, Everton, Arsenal, Southampton",No,48,"November 5, 1977","Ipswich, England, United Kingdom",,124.36,Richard Wright,188 cm,6-2,GK,88 kg,196lb
Tommy Wright,https://fbref.com/en/players/32899946/Tommy-Wright,1970,,DF,,No,81,"October 21, 1944","Liverpool, England, United Kingdom",,285.38,Tommy Wright,,,DF,,
Tommy Wright,https://fbref.com/en/players/3e170665/Tommy-Wright,2017,2021,"FW,MF",Sutton United,No,29,"November 17, 1996","England, United Kingdom",England,138.86,Tommy Wright,,,FW-MF,,
Tommy Wright,https://fbref.com/en/players/f17da156/Tommy-Wright,2001,2013,FW,"Darlington, Tamworth, Barnsley, Brentford, Leicester City, Aberdeen, Grimsby Town, Blackpool, Forest",No,41,"September 28, 1984","Leicester, England, United Kingdom",,145.65,Tommy Wright,183 cm,6-0,FW,74 kg,165lb
Will Wright,https://fbref.com/en/players/23c09e2b/Will-Wright,2019,2026,DF,"Swindon Town, Dagenham & Redbridge, Crawley Town, Gillingham",Yes,28,"June 12, 1997","England, United Kingdom",England,138.86,Will Wright,,,DF,,
Shaun Wright-Phillips,https://fbref.com/en/players/e1e0b05f/Shaun-Wright-Phillips,2000,2017,"FW,MF","Manchester City, Chelsea, Queens Park Rangers, Phoenix Rising, England, New York Red Bulls",No,44,"October 25, 1981","Greenwich, England, United Kingdom",,23.56,Shaun Wright-Phillips,166 cm,5-5½,FW-MF,63 kg,141lb
James Yates,https://fbref.com/en/players/a90e2ea8/James-Yates,2016,2018,DF,,No,27,"April 3, 1998","Huyton, England, United Kingdom",,279.24,James Yates,181 cm,5-11½,DF,69 kg,154lb
Jamie Yates,https://fbref.com/en/players/a92cc338/Jamie-Yates,2006,2016,"FW,MF","Rotherham United, Burton Albion",No,37,"December 24, 1988","Sheffield, England, United Kingdom",England,231.08,Jamie Yates,173 cm,,FW-MF,,
Jerry Yates,https://fbref.com/en/players/637047f7/Jerry-Yates,2014,2026,"FW,MF","Luton Town, Blackpool, Rotherham United, Swansea City, Derby County, Swindon Town, Carlisle United",Yes,29,"November 10, 1996","Doncaster, England, United Kingdom",England,239.78,Jerry Yates,172 cm,5-7½,FW-MF,68 kg,152lb
Alfie Young,https://fbref.com/en/players/8941fac0/Alfie-Young,2023,2025,DF,,No,28,"February 3, 1997","England, United Kingdom",England,138.86,Alfie Young,,,DF,,
Anna Young,https://fbref.com/en/players/ea8c7870/Anna-Young,2017,2018,FW,,No,30,"January 16, 1995","England, United Kingdom",England,138.86,Anna Young,,,FW,,
Ashley Young,https://fbref.com/en/players/be927d03/Ashley-Young,2003,2026,"DF,FW","Manchester United, Aston Villa, Ipswich Town, Watford, Everton, Internazionale, England",Yes,40,"July 9, 1985","Stevenage, England, United Kingdom",,53.83,Ashley Young,175 cm,5-9,DF-FW-MF,63 kg,141lb
Greg Young,https://fbref.com/en/players/44fc9b67/Greg-Young,2002,2012,DF,"Altrincham, Alfreton Town, Grimsby Town, Halifax Town, York City, Northwich Victoria",No,42,"April 25, 1983","Doncaster, England, United Kingdom",England,239.78,Greg Young,191 cm,6-3,DF,78 kg,172lb
Lewis Young,https://fbref.com/en/players/40e78558/Lewis-Young,2008,2020,"DF,MF","Crawley Town, Northampton Town, Burton Albion, Yeovil Town, Aldershot Town, Hereford United, Bury",No,36,"September 27, 1989","Stevenage, England, United Kingdom",England,53.83,Lewis Young,175 cm,5-9,DF-MF,59 kg,132lb
Luke Young,https://fbref.com/en/players/34271322/Luke-Young,2010,2026,"DF,MF","Cheltenham Town, Wrexham, Torquay United, Plymouth Argyle",Yes,32,"February 22, 1993","Plymouth, England, United Kingdom",England,292.59,Luke Young,173 cm,5-8,DF-MF,78 kg,172lb
Luke Young,https://fbref.com/en/players/409a29d7/Luke-Young,1998,2014,DF,"Charlton Athletic, Aston Villa, Tottenham Hotspur, Middlesbrough, Queens Park Rangers, England",No,46,"July 19, 1979","Harlow, England, United Kingdom",,48.33,Luke Young,180 cm,5-11,DF,78 kg,172lb
Bobby Zamora,https://fbref.com/en/players/7ddb3563/Bobby-Zamora,2002,2016,FW,"Brighton & Hove Albion, West Ham United, Fulham, Queens Park Rangers, Tottenham Hotspur",No,44,"January 16, 1981","Barking, England, United Kingdom",,31.26,Bobby Zamora,185 cm,6-1,FW,73 kg,163lb
